sample_id,sha256_x,family_id_x,family_canonical,type_slug,source_batch_label,android_package_name_x,effective_first_seen_at_utc_x,current_gate_reason,sha256_y,family_id_y,family_canonical_current,type_slug_current,source_batch_label_current,android_package_name_y,effective_first_seen_at_utc_y,in_locked_membership,in_current_governed,in_full_catalog
25,226e9c5ca45facb9b9a36529e09958546c4b351f4b7ae02101f8e3c1d6e3de7b,46.0,Joker,banker,,com.change.nicephoto,2020-06-11 00:00:00+00:00,eligible_current_governed,226e9c5ca45facb9b9a36529e09958546c4b351f4b7ae02101f8e3c1d6e3de7b,46.0,Joker,banker,,com.change.nicephoto,2020-06-11 00:00:00+00:00,True,True,True
187,2ce8a6a361ca57009cef9640c02dc44a3a084371c1f7a9d2ddc5b4d0394fd90a,3.0,Cerberus,banker,,tidliasdykhyxyyfybunnjmjr.cprampjlhybhnenchoyctk.pplihchcrqczukluibzfsjfppc,2020-06-14 00:00:00+00:00,eligible_current_governed,2ce8a6a361ca57009cef9640c02dc44a3a084371c1f7a9d2ddc5b4d0394fd90a,3.0,Cerberus,banker,,tidliasdykhyxyyfybunnjmjr.cprampjlhybhnenchoyctk.pplihchcrqczukluibzfsjfppc,2020-06-14 00:00:00+00:00,True,True,True
189,64f9d97353ef326a58622f329097a282a5a09e0ab636136fb9cb3ab716f5664d,3.0,Cerberus,banker,,xtfyqftuwxhcp.dnxhlssmkbwtkitdxwuhzmiz.szadohuobgujqujnuaznwwht,2020-04-09 10:49:29+00:00,eligible_current_governed,64f9d97353ef326a58622f329097a282a5a09e0ab636136fb9cb3ab716f5664d,3.0,Cerberus,banker,,xtfyqftuwxhcp.dnxhlssmkbwtkitdxwuhzmiz.szadohuobgujqujnuaznwwht,2020-04-09 10:49:29+00:00,True,True,True
190,301bacdc7163c5494bcbd165c3571659175b355c5ef640277d3929ea280e937f,3.0,Cerberus,banker,,com.tfapasswords.app,2020-10-03 07:30:30+00:00,eligible_current_governed,301bacdc7163c5494bcbd165c3571659175b355c5ef640277d3929ea280e937f,3.0,Cerberus,banker,,com.tfapasswords.app,2020-10-03 07:30:30+00:00,True,True,True
193,509c80badaf0efb77b360c7ae7129213d79d11614e81242231a6b47017bf026c,107.0,Piom,banker,,com.scn.ner.pdfdoc.bright.ing,2020-12-26 15:41:35+00:00,below_min_samples_per_family,,,,,,,,True,False,True
199,823cc4b9bd8dbff4ebb9403c012c6cbe2546a3cf5175d5c7a5df8db26056cbc0,46.0,Joker,banker,,com.carefrendly.message.chat,2020-09-02 09:27:15+00:00,eligible_current_governed,823cc4b9bd8dbff4ebb9403c012c6cbe2546a3cf5175d5c7a5df8db26056cbc0,46.0,Joker,banker,,com.carefrendly.message.chat,2020-09-02 09:27:15+00:00,True,True,True
204,19e4f566c9193ab381828b390be24b63fc7c5ba32a4799bee2dc2890204f5833,47.0,RoamingMantis,banker,,com.indiano1.post101,2020-06-25 00:00:00+00:00,below_min_samples_per_family,,,,,,,,True,False,True
206,889392ed44a613bb3618f6b9a05a663f801c9cd7086ff8d3d7531c3bc57d97be,1.0,Anubis,banker,,wocwvy.czyxoxmbauu.slsa,2020-03-16 21:26:54+00:00,below_min_samples_per_family,,,,,,,,True,False,True
207,db43287d1a5ed249c4376ff6eb4a5ae65c63ceade7100229555aebf4a13cebf7,46.0,Joker,banker,,com.imagecompress.android,2020-02-04 00:00:00+00:00,eligible_current_governed,db43287d1a5ed249c4376ff6eb4a5ae65c63ceade7100229555aebf4a13cebf7,46.0,Joker,banker,,com.imagecompress.android,2020-02-04 00:00:00+00:00,True,True,True
213,48d3387a87d0553bf792cac36a138b6f6a44c1ae02afb425fc5eb814be78f14f,3.0,Cerberus,banker,,hzjjlkwxjafw.yhxmdqssbnnihufecoibtzx.assuz,2020-05-23 00:00:00+00:00,eligible_current_governed,48d3387a87d0553bf792cac36a138b6f6a44c1ae02afb425fc5eb814be78f14f,3.0,Cerberus,banker,,hzjjlkwxjafw.yhxmdqssbnnihufecoibtzx.assuz,2020-05-23 00:00:00+00:00,True,True,True
215,8b48c12522aad0a2125e71a08403e1c6590295de30a12b97e9c2404caba03d69,36.0,SpyNote,rat,,package.name.suffix,2020-03-16 12:37:18+00:00,eligible_current_governed,8b48c12522aad0a2125e71a08403e1c6590295de30a12b97e9c2404caba03d69,36.0,SpyNote,rat,,package.name.suffix,2020-03-16 12:37:18+00:00,False,True,True
219,f57a44bec2f7af2da443f068edb0a743f9625ac3a9d686393bacb8e72274b5de,3.0,Cerberus,banker,,irbqyuyjucec.xkypc.srowoc,2022-01-04 00:00:00+00:00,eligible_current_governed,f57a44bec2f7af2da443f068edb0a743f9625ac3a9d686393bacb8e72274b5de,3.0,Cerberus,banker,,irbqyuyjucec.xkypc.srowoc,2022-01-04 00:00:00+00:00,True,True,True
221,2a469268fb18f0b009dc5b2bdd47f9ed61f0a3a2de04ba39daccd08a13fb19b2,3.0,Cerberus,banker,,kpnzpybeuzgodgqaaeosx.qbfcmsu.uqpcbfedjuwfceddw,2020-03-18 01:45:32+00:00,eligible_current_governed,2a469268fb18f0b009dc5b2bdd47f9ed61f0a3a2de04ba39daccd08a13fb19b2,3.0,Cerberus,banker,,kpnzpybeuzgodgqaaeosx.qbfcmsu.uqpcbfedjuwfceddw,2020-03-18 01:45:32+00:00,True,True,True
223,d96f9eafdc3c44611004ac151ae51cdff7a7fa41555389fd36479de442b400a0,36.0,SpyNote,rat,,com.android.tester,2020-04-13 19:16:17+00:00,eligible_current_governed,d96f9eafdc3c44611004ac151ae51cdff7a7fa41555389fd36479de442b400a0,36.0,SpyNote,rat,,com.android.tester,2020-04-13 19:16:17+00:00,False,True,True
224,51f9c37c3eec0b6f8325aa1c8fe64a0615ab920584042df557426473b1270b40,2.0,BlackRock,banker,,ayxzygxgagiqhdnjnfduerzbeh.hme.egybgkeziplb,2020-06-27 11:25:16+00:00,below_min_samples_per_family,,,,,,,,True,False,True
230,d54dd3ccfc4f0ed5fa6f3449f8ddc37a5eff2a176590e627f9be92933da32926,46.0,Joker,banker,,com.contact.withme.texts,2020-05-02 00:00:00+00:00,eligible_current_governed,d54dd3ccfc4f0ed5fa6f3449f8ddc37a5eff2a176590e627f9be92933da32926,46.0,Joker,banker,,com.contact.withme.texts,2020-05-02 00:00:00+00:00,True,True,True
231,2481f133dd3594cbf18859b72faa391a4b34fd5b4261b26383242c756489bf07,55.0,DoNot,spyware,,com.whispers.chat,2020-11-03 00:00:00+00:00,eligible_current_governed,2481f133dd3594cbf18859b72faa391a4b34fd5b4261b26383242c756489bf07,55.0,DoNot,spyware,,com.whispers.chat,2020-11-03 00:00:00+00:00,True,True,True
234,d89e08db5af347be72f1307186638aaa062a8de45a808f57dce85bc83c94059e,3.0,Cerberus,banker,,jqnqflkhnljnob.koikkyrhqcmk.xqqzefaodtxghxkbahtnbld,2020-07-13 19:55:46+00:00,eligible_current_governed,d89e08db5af347be72f1307186638aaa062a8de45a808f57dce85bc83c94059e,3.0,Cerberus,banker,,jqnqflkhnljnob.koikkyrhqcmk.xqqzefaodtxghxkbahtnbld,2020-07-13 19:55:46+00:00,True,True,True
236,446d44b2e2bdd063aed7c142da54d0bf1e1f145ddc5cb4f64b1de8dbb9b5a117,3.0,Cerberus,banker,,com.radiofun.app,2020-05-27 00:00:00+00:00,eligible_current_governed,446d44b2e2bdd063aed7c142da54d0bf1e1f145ddc5cb4f64b1de8dbb9b5a117,3.0,Cerberus,banker,,com.radiofun.app,2020-05-27 00:00:00+00:00,True,True,True
239,ad07d44d348185db08710d8cdef6b4cff3f52e5c8ce0646654cef441dea1e869,3.0,Cerberus,banker,,cptbedyfutyryth.ggkimkmqmcoaaryu.qsygluabcdoutpomxgdfhtqamgf,2020-03-28 18:44:36+00:00,eligible_current_governed,ad07d44d348185db08710d8cdef6b4cff3f52e5c8ce0646654cef441dea1e869,3.0,Cerberus,banker,,cptbedyfutyryth.ggkimkmqmcoaaryu.qsygluabcdoutpomxgdfhtqamgf,2020-03-28 18:44:36+00:00,False,True,True
245,fb8ab2ce46a749604eb1b4cbb9601b6c59256ce3069f50aa3d4a384d13c6a2bd,55.0,DoNot,spyware,,com.tencent.mobileqq,2021-06-16 00:00:00+00:00,eligible_current_governed,fb8ab2ce46a749604eb1b4cbb9601b6c59256ce3069f50aa3d4a384d13c6a2bd,55.0,DoNot,spyware,,com.tencent.mobileqq,2021-06-16 00:00:00+00:00,True,True,True
247,6243ed1d4f2712be2e02edfb6411e8dc86ebe2c683e9f64462f7d23354a0e1ba,3.0,Cerberus,banker,,com.radiofun.app,2020-03-14 05:15:58+00:00,eligible_current_governed,6243ed1d4f2712be2e02edfb6411e8dc86ebe2c683e9f64462f7d23354a0e1ba,3.0,Cerberus,banker,,com.radiofun.app,2020-03-14 05:15:58+00:00,True,True,True
252,1de6e6c140ff1b301b7df12d4b6388a21a6fbf0f141347dd2f9289740438a6d8,38.0,BankBot,banker,,cpymezxmapzsdforaduuda.illoyztchthogekxpd.fojccdfkzahlhfmcaeowdalsjp,2020-03-12 19:36:29+00:00,eligible_current_governed,1de6e6c140ff1b301b7df12d4b6388a21a6fbf0f141347dd2f9289740438a6d8,38.0,BankBot,banker,,cpymezxmapzsdforaduuda.illoyztchthogekxpd.fojccdfkzahlhfmcaeowdalsjp,2020-03-12 19:36:29+00:00,False,True,True
254,28a70c81efb92e75b449a698d99490a377dbcc1a584fd491712fd536d50ac486,46.0,Joker,banker,,com.focusphoto.talent.editor,2020-09-29 23:11:18+00:00,eligible_current_governed,28a70c81efb92e75b449a698d99490a377dbcc1a584fd491712fd536d50ac486,46.0,Joker,banker,,com.focusphoto.talent.editor,2020-09-29 23:11:18+00:00,True,True,True
256,1915ea279e8e5f518e766c9e3363d651891cc4e63951c1dbca0d6e600673d972,47.0,RoamingMantis,banker,,com.superroyalindia.depost6,2020-07-01 00:00:00+00:00,below_min_samples_per_family,,,,,,,,True,False,True
257,7a9f0af7fee4a5fd335db3b96e571a3a4e123c32d0a06cd43f5517be8df0b6bb,57.0,SpyLoan,spyware,,com.loan.test1,2020-03-29 07:26:30+00:00,eligible_current_governed,7a9f0af7fee4a5fd335db3b96e571a3a4e123c32d0a06cd43f5517be8df0b6bb,57.0,SpyLoan,spyware,,com.loan.test1,2020-03-29 07:26:30+00:00,False,True,True
260,5ec214704b63d93181932d389f4ed76bd730bd05e912518a1357a413d6fa96b1,46.0,Joker,banker,,com.towallp.paper,2020-02-22 22:28:14+00:00,eligible_current_governed,5ec214704b63d93181932d389f4ed76bd730bd05e912518a1357a413d6fa96b1,46.0,Joker,banker,,com.towallp.paper,2020-02-22 22:28:14+00:00,True,True,True
263,6363beadf56ad162bc58fa8f1c5393223cd94221af0b3b2e9db0d718c3fae085,3.0,Cerberus,banker,,huaisdnpenhqemjn.jfnkxidpzpwihfogbtpdiutkaha.credhhcnfhftecmi,2020-02-20 05:50:59+00:00,eligible_current_governed,6363beadf56ad162bc58fa8f1c5393223cd94221af0b3b2e9db0d718c3fae085,3.0,Cerberus,banker,,huaisdnpenhqemjn.jfnkxidpzpwihfogbtpdiutkaha.credhhcnfhftecmi,2020-02-20 05:50:59+00:00,True,True,True
268,c19cf001efb893cfb4f3aedb1c4c3771ce8419d3838e1bc399e88a12b583b28c,36.0,SpyNote,rat,,GOOD.BYE.GOOGLE,2020-04-03 09:08:28+00:00,eligible_current_governed,c19cf001efb893cfb4f3aedb1c4c3771ce8419d3838e1bc399e88a12b583b28c,36.0,SpyNote,rat,,GOOD.BYE.GOOGLE,2020-04-03 09:08:28+00:00,True,True,True
271,0a399c83c1dcefe7901642e1e316f963eb2e0950ac3b0125ed1dd7c4d69d0f1a,36.0,SpyNote,rat,,GOOD.BYE.GOOGLE,2021-01-20 00:00:00+00:00,eligible_current_governed,0a399c83c1dcefe7901642e1e316f963eb2e0950ac3b0125ed1dd7c4d69d0f1a,36.0,SpyNote,rat,,GOOD.BYE.GOOGLE,2021-01-20 00:00:00+00:00,False,True,True
273,8f997e606a133108dc188a930c5e08ea5f3ea57ef01d0c47c84be73fb6f461b9,36.0,SpyNote,rat,,GOOD.BYE.GOOGLE,2020-04-13 14:54:35+00:00,eligible_current_governed,8f997e606a133108dc188a930c5e08ea5f3ea57ef01d0c47c84be73fb6f461b9,36.0,SpyNote,rat,,GOOD.BYE.GOOGLE,2020-04-13 14:54:35+00:00,False,True,True
279,1a8c17ad1a790554278b055bdb946d4597ba9af6be3611ee6311b90c7f7848c5,8.0,EventBot,banker,,com.example.eventbot,2020-03-14 17:52:17+00:00,below_min_samples_per_family,,,,,,,,True,False,True
281,359e1c533e8008969031255977493f6d07026879b7a39f3cfd4e8a3615db529f,47.0,RoamingMantis,banker,,com.royalindia.post1,2020-06-21 00:00:00+00:00,below_min_samples_per_family,,,,,,,,True,False,True
284,7b1ac3a8caa556c9208d4db62395cca2f8a53420e5d51a1537bc45622e41b63f,8.0,EventBot,banker,,com.example.eventbot,2020-03-19 11:30:58+00:00,below_min_samples_per_family,,,,,,,,True,False,True
287,9036c11e760bbb9ba57b54c7bef97e24dd838f0ca9478f50e83d82a808881251,39.0,GINP,banker,,egrkydkaidgcpisfbqx.goo.rcbghaeacxkpeqi,2020-04-01 18:12:49+00:00,below_min_samples_per_family,,,,,,,,True,False,True
289,9832b1ade1907849fd7091e85f2c24bd8a4488ecd96f0638fc979d8858b25196,3.0,Cerberus,banker,,xqrkrtxlmsyjzrrzgbbzyjaky.wzyuyoryrfflsijm.lndmbzkmninuonnzfapnr,2020-03-17 02:05:44+00:00,eligible_current_governed,9832b1ade1907849fd7091e85f2c24bd8a4488ecd96f0638fc979d8858b25196,3.0,Cerberus,banker,,xqrkrtxlmsyjzrrzgbbzyjaky.wzyuyoryrfflsijm.lndmbzkmninuonnzfapnr,2020-03-17 02:05:44+00:00,True,True,True
290,3b61e0bf8eef614c6a6b8d9bf09b78e4c3db5bfabcdd8888d1042b5fd28959fe,8.0,EventBot,banker,,com.example.eventbot,2021-01-12 00:00:00+00:00,below_min_samples_per_family,,,,,,,,True,False,True
291,c30ebf9fc47e6e12f4467e32bf1b3c055f99659c8c0395df4b3e7107591eb5fa,3.0,Cerberus,banker,,com.exchangersratess.exchangersmoneyconverterall,2020-06-30 23:53:15+00:00,eligible_current_governed,c30ebf9fc47e6e12f4467e32bf1b3c055f99659c8c0395df4b3e7107591eb5fa,3.0,Cerberus,banker,,com.exchangersratess.exchangersmoneyconverterall,2020-06-30 23:53:15+00:00,True,True,True
292,9c7b234d0d46169dcefb9f5b22c5df134b1a120b67666c071feaf97a6078d1a1,38.0,BankBot,banker,,gohcthplmgmyrcnhcgsxtysyue.rqjgllnxahaafqsyplz.lcoguawmyxbdzriqeiczstw,2020-05-02 14:36:15+00:00,eligible_current_governed,9c7b234d0d46169dcefb9f5b22c5df134b1a120b67666c071feaf97a6078d1a1,38.0,BankBot,banker,,gohcthplmgmyrcnhcgsxtysyue.rqjgllnxahaafqsyplz.lcoguawmyxbdzriqeiczstw,2020-05-02 14:36:15+00:00,True,True,True
304,253262aa1b7eb99796acbcccdedb3cf627e32042ab35a75544c23af9e25a76b3,36.0,SpyNote,rat,,cmf0.c3b5bm90zq.patch,2020-04-26 13:28:12+00:00,eligible_current_governed,253262aa1b7eb99796acbcccdedb3cf627e32042ab35a75544c23af9e25a76b3,36.0,SpyNote,rat,,cmf0.c3b5bm90zq.patch,2020-04-26 13:28:12+00:00,True,True,True
305,6c0c788eddaf228df9c7f95ced4ea95dcb384b8dabcdd579dedba56915107779,8.0,EventBot,banker,,com.example.eventbot,2020-03-19 04:40:59+00:00,below_min_samples_per_family,,,,,,,,True,False,True
307,8d7ad0828b2073b43e3a7e26dba47ec9ed83cf811b8c2b6e802a5f75f118f1ee,57.0,SpyLoan,spyware,,com.sample.sample1,2020-04-08 21:21:43+00:00,eligible_current_governed,8d7ad0828b2073b43e3a7e26dba47ec9ed83cf811b8c2b6e802a5f75f118f1ee,57.0,SpyLoan,spyware,,com.sample.sample1,2020-04-08 21:21:43+00:00,False,True,True
310,fdb64ef888a0f1fe8c305453803b3ee7029dc0d4f42c70af34b6d4aaee4359b4,1.0,Anubis,banker,,net.eighttennight.tek.views20201115,2020-11-16 10:24:14+00:00,below_min_samples_per_family,,,,,,,,True,False,True
321,6da0eb7adfd30a0970eda4777fb619fc517207de1a79292a15546e8fbf857801,55.0,DoNot,spyware,,com.tencent.mobileqq,2020-08-24 18:40:38+00:00,eligible_current_governed,6da0eb7adfd30a0970eda4777fb619fc517207de1a79292a15546e8fbf857801,55.0,DoNot,spyware,,com.tencent.mobileqq,2020-08-24 18:40:38+00:00,True,True,True
325,6fa4baef8a811f429cee4b383d7a4776b7b363b62551c8d8e0f93bad33adefbd,2.0,BlackRock,banker,,cmbmpqod.bfrtuduawoyhr.mlmrncmjbdecuc,2020-06-29 11:35:13+00:00,below_min_samples_per_family,,,,,,,,True,False,True
326,b8d245b62fdb7370aaef0133b62c25c3eb60d2d0f15d8170b2255c26d489a589,1.0,Anubis,banker,,wteu.cjvow.ldkanccrhcxhrj,2020-05-13 22:20:10+00:00,below_min_samples_per_family,,,,,,,,True,False,True
328,dfb54d6c468271c73865d45e54b9dd942a18e716d608cf9233f1122cf79bab8c,1.0,Anubis,banker,,com.turenak.ch,2020-03-22 11:40:03+00:00,below_min_samples_per_family,,,,,,,,True,False,True
329,7711f2515fa68fcb75459a90b9d0102569435cdfbaacb35b23828ab17d6a0987,1.0,Anubis,banker,,com.rsksbgdkgcae.fvogspmykjv,2020-04-09 10:50:39+00:00,below_min_samples_per_family,,,,,,,,True,False,True
330,c3eaf0b9d553f965f072a61ef2dcd66e2874b7203de06c33bd59d814c0f2ba71,46.0,Joker,banker,,com.docscannercamscanpaper,2020-09-01 11:11:17+00:00,eligible_current_governed,c3eaf0b9d553f965f072a61ef2dcd66e2874b7203de06c33bd59d814c0f2ba71,46.0,Joker,banker,,com.docscannercamscanpaper,2020-09-01 11:11:17+00:00,True,True,True
331,f733ded73d4f498327480d232e415465c0f5654a69b431da081f83998b49ead2,36.0,SpyNote,rat,,yps.eton.application,2020-04-29 12:45:16+00:00,eligible_current_governed,f733ded73d4f498327480d232e415465c0f5654a69b431da081f83998b49ead2,36.0,SpyNote,rat,,yps.eton.application,2020-04-29 12:45:16+00:00,False,True,True
334,3f69bc4b7fc50db582b13835206d2480acc66919db9123b37cf97f7f3da3b443,36.0,SpyNote,rat,,cmf0.c3b5bm90zq.patch,2020-04-18 13:03:56+00:00,eligible_current_governed,3f69bc4b7fc50db582b13835206d2480acc66919db9123b37cf97f7f3da3b443,36.0,SpyNote,rat,,cmf0.c3b5bm90zq.patch,2020-04-18 13:03:56+00:00,False,True,True
336,c38c675a4342052a18e969e839cce797fef842b9d53032882966a3731ced0a70,1.0,Anubis,banker,,wocwvy.czyxoxmbauu.slsa,2021-12-15 00:00:00+00:00,below_min_samples_per_family,,,,,,,,True,False,True
343,fcc8e879421efa4a87c18771ad6a5e20960dbdf80222f34024d110922a9ae63a,1.0,Anubis,banker,,fyanuggduafxahhs.pcwqxwlmjrcxlufxieog.kaglywewk,2020-02-10 17:37:21+00:00,below_min_samples_per_family,,,,,,,,True,False,True
347,d36be817f7dce6712d1e84b6e1a49e7a9210092749c508d7b1121854ebf018d8,46.0,Joker,banker,,com.rixment.game.rocketcraze,2020-02-17 05:42:10+00:00,eligible_current_governed,d36be817f7dce6712d1e84b6e1a49e7a9210092749c508d7b1121854ebf018d8,46.0,Joker,banker,,com.rixment.game.rocketcraze,2020-02-17 05:42:10+00:00,True,True,True
348,0d10d8d3d25e60fb99f17501a23d6a2dcbb2df1281b79a90e4656225e41747bd,3.0,Cerberus,banker,,fshhxtytqsrkapoelzuskwhkx.iel.rcjim,2020-01-27 18:34:32+00:00,eligible_current_governed,0d10d8d3d25e60fb99f17501a23d6a2dcbb2df1281b79a90e4656225e41747bd,3.0,Cerberus,banker,,fshhxtytqsrkapoelzuskwhkx.iel.rcjim,2020-01-27 18:34:32+00:00,True,True,True
349,9687682ceb5bcb544331eabd61ec3b65accbc691609691f826518d40d2d5304b,1.0,Anubis,banker,,wocwvy.czyxoxmbauu.slsa,2020-02-14 01:32:43+00:00,below_min_samples_per_family,,,,,,,,True,False,True
350,7d34aaf84754fb247507681bcd821f9533f24c6d78aa6779a11f4d789d4822ee,2.0,BlackRock,banker,,fpjwhqsl.dzpycoeasyhs.cwnporwocambskrxcxiug,2020-06-27 11:40:05+00:00,below_min_samples_per_family,,,,,,,,True,False,True
351,107169ae6951a5cba57d2a0cd274e28fadf5c73d73e91a386f15cf4dc35edd38,36.0,SpyNote,rat,,GOOD.BYE.GOOGLE,2022-01-04 00:00:00+00:00,eligible_current_governed,107169ae6951a5cba57d2a0cd274e28fadf5c73d73e91a386f15cf4dc35edd38,36.0,SpyNote,rat,,GOOD.BYE.GOOGLE,2022-01-04 00:00:00+00:00,False,True,True
353,f49d7e115bfcdfe2fe1439b2d4fd149a2b15fb9d03986274d59b9249c1bd6678,3.0,Cerberus,banker,,cojuugzieuwoprueruxg.wzdemmyrkkboomgubigwx.ghrznqipulyexqlbnrmyux,2020-01-28 14:42:39+00:00,eligible_current_governed,f49d7e115bfcdfe2fe1439b2d4fd149a2b15fb9d03986274d59b9249c1bd6678,3.0,Cerberus,banker,,cojuugzieuwoprueruxg.wzdemmyrkkboomgubigwx.ghrznqipulyexqlbnrmyux,2020-01-28 14:42:39+00:00,True,True,True
355,dc215663af92d41f40f36088ec1b850b81092ea94a4a061a9ce88178daee965a,35.0,Alien,banker,,msqqqwokejyfwim.bzsotef.ftonpdptfkkfhcjxkrr,2020-09-18 11:15:43+00:00,eligible_current_governed,dc215663af92d41f40f36088ec1b850b81092ea94a4a061a9ce88178daee965a,35.0,Alien,banker,,msqqqwokejyfwim.bzsotef.ftonpdptfkkfhcjxkrr,2020-09-18 11:15:43+00:00,False,True,True
358,885d07d1532dcce08ae8e0751793ec30ed0152eee3c1321e2d051b2f0e3fa3d7,36.0,SpyNote,rat,,com.android.tester,2020-05-10 12:53:10+00:00,eligible_current_governed,885d07d1532dcce08ae8e0751793ec30ed0152eee3c1321e2d051b2f0e3fa3d7,36.0,SpyNote,rat,,com.android.tester,2020-05-10 12:53:10+00:00,False,True,True
362,d1fa9401808354978fc1aa91165b88c265b549915211e2f0294e7f38db9af8dc,1.0,Anubis,banker,,drdwdqauhhpmcupllolq.nldyxmytssfdufjcdampgkg.njlwxhyhpncfwfnucofygaeaosa,2020-03-10 07:22:39+00:00,below_min_samples_per_family,,,,,,,,True,False,True
363,76ea31ed6b2120f42edf174ebdc39fab0f53ac91fef77eb83678bff0ebff4dc0,36.0,SpyNote,rat,,cmf0.c3b5bm90zq.patch,2020-04-18 18:57:48+00:00,eligible_current_governed,76ea31ed6b2120f42edf174ebdc39fab0f53ac91fef77eb83678bff0ebff4dc0,36.0,SpyNote,rat,,cmf0.c3b5bm90zq.patch,2020-04-18 18:57:48+00:00,False,True,True
368,ec0826991bed299fe65d889282bd15182b8899774f9913156e8c2d970389e8e3,46.0,Joker,banker,,net.moji.supermarket,2020-10-22 06:46:06+00:00,eligible_current_governed,ec0826991bed299fe65d889282bd15182b8899774f9913156e8c2d970389e8e3,46.0,Joker,banker,,net.moji.supermarket,2020-10-22 06:46:06+00:00,True,True,True
374,cc373fe602a218dffdacea4a184fb0b572542354706c2fc5965e37b8581f2439,57.0,SpyLoan,spyware,,com.loan.test1,2020-04-09 15:02:37+00:00,eligible_current_governed,cc373fe602a218dffdacea4a184fb0b572542354706c2fc5965e37b8581f2439,57.0,SpyLoan,spyware,,com.loan.test1,2020-04-09 15:02:37+00:00,False,True,True
375,2b43af46398ece7b9e1e41bb7c2e2ff3ec227edb38283bea7622115bb76a7823,3.0,Cerberus,banker,,com.ytnfrar.rtom,2020-04-14 06:10:23+00:00,eligible_current_governed,2b43af46398ece7b9e1e41bb7c2e2ff3ec227edb38283bea7622115bb76a7823,3.0,Cerberus,banker,,com.ytnfrar.rtom,2020-04-14 06:10:23+00:00,True,True,True
379,5f8ccc6d09ec22ea9430722d13dfcd4101a7e156b27fe0d517d30fd92b049032,36.0,SpyNote,rat,,com.covidtz.suffix,2020-04-15 12:03:13+00:00,eligible_current_governed,5f8ccc6d09ec22ea9430722d13dfcd4101a7e156b27fe0d517d30fd92b049032,36.0,SpyNote,rat,,com.covidtz.suffix,2020-04-15 12:03:13+00:00,False,True,True
380,4b7a8be741378ff56452909890fd3b82ccbee91917770064764f9df7f5bc4783,44.0,Irata,banker,,com.truecaller,2020-04-05 21:54:23+00:00,eligible_current_governed,4b7a8be741378ff56452909890fd3b82ccbee91917770064764f9df7f5bc4783,44.0,Irata,banker,,com.truecaller,2020-04-05 21:54:23+00:00,False,True,True
388,fe23b30a9296477557f027d4710e81eb1b08d65a1a83b6d81a4ed6128ed6e2a0,3.0,Cerberus,banker,,hdjro.nzaqrgffealnhmorwihd.mfukiybfx,2020-02-07 15:27:19+00:00,eligible_current_governed,fe23b30a9296477557f027d4710e81eb1b08d65a1a83b6d81a4ed6128ed6e2a0,3.0,Cerberus,banker,,hdjro.nzaqrgffealnhmorwihd.mfukiybfx,2020-02-07 15:27:19+00:00,True,True,True
389,8f05ecbb5f9fe721dfcd380669ab7ebb1dffc433ee0c4d5dce9936afa69564b0,44.0,Irata,banker,,com.sbi.complaintregister,2021-10-16 02:18:03+00:00,eligible_current_governed,8f05ecbb5f9fe721dfcd380669ab7ebb1dffc433ee0c4d5dce9936afa69564b0,44.0,Irata,banker,,com.sbi.complaintregister,2021-10-16 02:18:03+00:00,False,True,True
402,57f8a57320eeed2f5b5a316d67319191ce717cc51384318966b61f95722e275f,5.0,SharkBot,banker,,com.pycdvgljmfgh3hgp8jo72giu.omflsx1q2g,2021-12-16 00:00:00+00:00,below_min_samples_per_family,,,,,,,,True,False,True
403,8a6889610a18296e812fabd0a4ceb8b75caadc5cec1b39e8173c3e0093fd3a57,18.0,SOVA,banker,,com.adobe.flashplayer,2021-09-10 00:00:00+00:00,below_min_samples_per_family,,,,,,,,True,False,True
405,efb92fb17348eb10ba3a93ab004422c30bcf8ae72f302872e9ef3263c47133a7,18.0,SOVA,banker,,com.sigki.ckmelxlbecx,2021-09-10 00:00:00+00:00,below_min_samples_per_family,,,,,,,,True,False,True
406,33544584df8c9e39460c0e683f70e6872d51ade2c8c2d8f32e45789425d6f2ef,46.0,Joker,banker,,com.super.color.sms,2021-05-28 07:33:14+00:00,eligible_current_governed,33544584df8c9e39460c0e683f70e6872d51ade2c8c2d8f32e45789425d6f2ef,46.0,Joker,banker,,com.super.color.sms,2021-05-28 07:33:14+00:00,True,True,True
407,4859ab9cd5efbe0d4f63799126110d744a42eff057fa22ff1bd11cb59b49608c,4.0,FluBot,banker,,com.tencent.mobileqq,2022-06-30 00:00:00+00:00,eligible_current_governed,4859ab9cd5efbe0d4f63799126110d744a42eff057fa22ff1bd11cb59b49608c,4.0,FluBot,banker,,com.tencent.mobileqq,2022-06-30 00:00:00+00:00,True,True,True
410,9da6b4857d6ee6165c6f326bca8ca16347e200db59752dbeec0cd3162b32ccb7,46.0,Joker,banker,,com.country.landscape.wallpaper,2021-08-16 10:06:34+00:00,eligible_current_governed,9da6b4857d6ee6165c6f326bca8ca16347e200db59752dbeec0cd3162b32ccb7,46.0,Joker,banker,,com.country.landscape.wallpaper,2021-08-16 10:06:34+00:00,True,True,True
413,02e30e57604445d22a6ba0e9386335c6d37a936164a319d993649521cf223c24,6.0,TeaBot,banker,,safe.enable.tooth,2021-09-17 18:22:13+00:00,below_min_samples_per_family,,,,,,,,True,False,True
415,30937927e8891f8c0fd2c7b6be5fbc5a05011c34a7375e91aad384b82b9e6a67,4.0,FluBot,banker,,com.tencent.mm,2020-06-11 00:00:00+00:00,eligible_current_governed,30937927e8891f8c0fd2c7b6be5fbc5a05011c34a7375e91aad384b82b9e6a67,4.0,FluBot,banker,,com.tencent.mm,2020-06-11 00:00:00+00:00,True,True,True
417,03d10d2682093fa126f0eaa5cbfd64eabbb06e151238bba1a7e261468ec4198e,55.0,DoNot,spyware,,com.tencent.mm,2021-10-07 16:14:43+00:00,eligible_current_governed,03d10d2682093fa126f0eaa5cbfd64eabbb06e151238bba1a7e261468ec4198e,55.0,DoNot,spyware,,com.tencent.mm,2021-10-07 16:14:43+00:00,False,True,True
422,08c4f705d5a7c9dc7c05edee3fcad12f345a6ee6832d54b758e57394292ba651,46.0,Joker,banker,,com.studio.keypaper2021,2021-01-29 13:43:41+00:00,eligible_current_governed,08c4f705d5a7c9dc7c05edee3fcad12f345a6ee6832d54b758e57394292ba651,46.0,Joker,banker,,com.studio.keypaper2021,2021-01-29 13:43:41+00:00,False,True,True
424,29fcd54d592a67621c558a115705ad81dafbd7b022631f25c3baae954db4464b,129.0,Wroba,banker,,com.gmr.keep,2021-03-11 08:11:38+00:00,below_min_samples_per_family,,,,,,,,True,False,True
425,6cc2421b86392072fece2d63e9731eb902001f2d812e56d26553e8ad0dac4b8e,3.0,Cerberus,banker,,double.slide.clip,2021-06-03 00:00:00+00:00,eligible_current_governed,6cc2421b86392072fece2d63e9731eb902001f2d812e56d26553e8ad0dac4b8e,3.0,Cerberus,banker,,double.slide.clip,2021-06-03 00:00:00+00:00,True,True,True
426,e847611c78a20de6c0ea5454921bd9318a6b796275bebb78d7f7dcbb43571dd1,44.0,Irata,banker,,com.psiphon3,2021-10-27 11:25:19+00:00,eligible_current_governed,e847611c78a20de6c0ea5454921bd9318a6b796275bebb78d7f7dcbb43571dd1,44.0,Irata,banker,,com.psiphon3,2021-10-27 11:25:19+00:00,False,True,True
428,ebb35e5de3f64c7abea33e70f9af1299fe2505b992a00e3836a54eeb320a4532,46.0,Joker,banker,,com.colour.syuhgbvcff,2021-01-27 13:08:23+00:00,eligible_current_governed,ebb35e5de3f64c7abea33e70f9af1299fe2505b992a00e3836a54eeb320a4532,46.0,Joker,banker,,com.colour.syuhgbvcff,2021-01-27 13:08:23+00:00,True,True,True
430,6793874f174a0b08cc454938e2b57e1935cb93a7e98c7bb5c774910ba271defc,46.0,Joker,banker,,r4d236dTy.rc5a682Ty.r7a6011Ty,2021-07-05 03:26:00+00:00,eligible_current_governed,6793874f174a0b08cc454938e2b57e1935cb93a7e98c7bb5c774910ba271defc,46.0,Joker,banker,,r4d236dTy.rc5a682Ty.r7a6011Ty,2021-07-05 03:26:00+00:00,True,True,True
431,80260cc2e49e1014d64f871f5cc89754ecd0124337e3ce0a2ec9c2ec7f65c726,4.0,FluBot,banker,,com.tencent.mobileqq,2021-03-04 08:51:50+00:00,eligible_current_governed,80260cc2e49e1014d64f871f5cc89754ecd0124337e3ce0a2ec9c2ec7f65c726,4.0,FluBot,banker,,com.tencent.mobileqq,2021-03-04 08:51:50+00:00,True,True,True
434,5c3384bfeb479db3f1ed98578c80d1e3859640ea7cbfe62fbaa9634118cf4636,4.0,FluBot,banker,,com.taobao.taobao,2021-06-09 00:00:00+00:00,eligible_current_governed,5c3384bfeb479db3f1ed98578c80d1e3859640ea7cbfe62fbaa9634118cf4636,4.0,FluBot,banker,,com.taobao.taobao,2021-06-09 00:00:00+00:00,True,True,True
435,d22c5db75f6260823e83057721a2d3e90a9821bdbc81ec52683e8cce49d9a49d,4.0,FluBot,banker,,com.tencent.mm,2021-03-16 00:00:00+00:00,eligible_current_governed,d22c5db75f6260823e83057721a2d3e90a9821bdbc81ec52683e8cce49d9a49d,4.0,FluBot,banker,,com.tencent.mm,2021-03-16 00:00:00+00:00,True,True,True
436,4067054f202cc8e87557915783d4468b54985c5cc7b0b57df98ffbb106475196,6.0,TeaBot,banker,,trust.royal.vibrant,2021-06-03 00:00:00+00:00,below_min_samples_per_family,,,,,,,,True,False,True
437,57194904031826b5d30d292d232e1b5bfa0d865b843a49f68e4e3d0f7e234cdf,46.0,Joker,banker,,free.auxili.message,2021-05-31 07:47:53+00:00,eligible_current_governed,57194904031826b5d30d292d232e1b5bfa0d865b843a49f68e4e3d0f7e234cdf,46.0,Joker,banker,,free.auxili.message,2021-05-31 07:47:53+00:00,True,True,True
439,6bc0f3f3dbbf08f31c302627bb454dc07acb1ac3f7368b9aa8776639ffbe3bb9,46.0,Joker,banker,,com.upinklook.kunicam,2021-04-20 04:37:52+00:00,eligible_current_governed,6bc0f3f3dbbf08f31c302627bb454dc07acb1ac3f7368b9aa8776639ffbe3bb9,46.0,Joker,banker,,com.upinklook.kunicam,2021-04-20 04:37:52+00:00,True,True,True
441,9bead1455bfa9ac0e2f9ecd7edebfdc82a4004fced0d338e38f094c3ce39bcba,129.0,Wroba,banker,,com.mr.keep,2021-03-08 13:42:19+00:00,below_min_samples_per_family,,,,,,,,True,False,True
443,6c22b79c6f78f4954536c7d2b48c88e5403f7b0e5a3ddc41b6e5c0a177e44dd5,50.0,TangleBot,spyware,,com.ltjkqj.erfycvar,2021-09-21 17:00:13+00:00,below_min_samples_per_family,,,,,,,,True,False,True
444,ea30098ff2dd1d097093ce705d1e4324c8df385e7b227c1a771882cabee18362,129.0,Wroba,banker,,com.gmr.keep,2020-06-11 00:00:00+00:00,below_min_samples_per_family,,,,,,,,True,False,True
445,5c9057d6d19f82fbba255d58e9b0da7102fed08ee25e548e08f0a5b22efc42a2,4.0,FluBot,banker,,com.tencent.mobileqq,2021-04-28 07:55:43+00:00,eligible_current_governed,5c9057d6d19f82fbba255d58e9b0da7102fed08ee25e548e08f0a5b22efc42a2,4.0,FluBot,banker,,com.tencent.mobileqq,2021-04-28 07:55:43+00:00,True,True,True
448,74183f6454d2aaa44fcb363eb71beb33f04845c7fe4b402d06a87bab7b99e235,4.0,FluBot,banker,,com.eg.android.AlipayGphone,2021-06-09 00:00:00+00:00,eligible_current_governed,74183f6454d2aaa44fcb363eb71beb33f04845c7fe4b402d06a87bab7b99e235,4.0,FluBot,banker,,com.eg.android.AlipayGphone,2021-06-09 00:00:00+00:00,True,True,True
449,007587c4a84d18592bf4ef7ad828d5aaa7d50cadbbf8b0892590db48cca7487e,46.0,Joker,banker,,org.my.favorites.up.keypaper,2021-02-08 15:29:42+00:00,eligible_current_governed,007587c4a84d18592bf4ef7ad828d5aaa7d50cadbbf8b0892590db48cca7487e,46.0,Joker,banker,,org.my.favorites.up.keypaper,2021-02-08 15:29:42+00:00,False,True,True
457,1eb54ee1328ad5563e0e85a8ecff13cd2e642f5c6fc42e0e1038aeac0ee8cf2f,4.0,FluBot,banker,,com.tencent.mobileqq,2021-03-16 00:00:00+00:00,eligible_current_governed,1eb54ee1328ad5563e0e85a8ecff13cd2e642f5c6fc42e0e1038aeac0ee8cf2f,4.0,FluBot,banker,,com.tencent.mobileqq,2021-03-16 00:00:00+00:00,True,True,True
461,86e40d6ceb89373b121e9ce0c6af8777d976ceb7931edfe42eeba2646bc2f778,4.0,FluBot,banker,,com.tencent.mobileqq,2021-03-16 00:00:00+00:00,eligible_current_governed,86e40d6ceb89373b121e9ce0c6af8777d976ceb7931edfe42eeba2646bc2f778,4.0,FluBot,banker,,com.tencent.mobileqq,2021-03-16 00:00:00+00:00,True,True,True
462,4bf1e7a6e5febfb345b13a596b954e50c59d9506046592d39d4a6e9f01dfea53,4.0,FluBot,banker,,com.tencent.mtt,2021-12-22 11:14:16+00:00,eligible_current_governed,4bf1e7a6e5febfb345b13a596b954e50c59d9506046592d39d4a6e9f01dfea53,4.0,FluBot,banker,,com.tencent.mtt,2021-12-22 11:14:16+00:00,True,True,True
465,303b19633a259c9b75482326c8f7d0aadcbbcca6d3f6a34c2baaf8790eb6cb52,46.0,Joker,banker,,kindledev.nap.ksms,2021-04-22 01:50:12+00:00,eligible_current_governed,303b19633a259c9b75482326c8f7d0aadcbbcca6d3f6a34c2baaf8790eb6cb52,46.0,Joker,banker,,kindledev.nap.ksms,2021-04-22 01:50:12+00:00,True,True,True
466,f4d7e9ec4eda034c29b8d73d479084658858f56e67909c2ffedf9223d7ca9bd2,13.0,Vultur,banker,,com.appsmastersafey,2021-12-17 00:00:00+00:00,eligible_current_governed,f4d7e9ec4eda034c29b8d73d479084658858f56e67909c2ffedf9223d7ca9bd2,13.0,Vultur,banker,,com.appsmastersafey,2021-12-17 00:00:00+00:00,True,True,True
470,08fa33bc138fe4835c15e45d1c1d5a81094e156eef28d02ea8910d5f8e44d4b8,46.0,Joker,banker,,com.super.color.hairdryer,2021-01-26 12:44:55+00:00,eligible_current_governed,08fa33bc138fe4835c15e45d1c1d5a81094e156eef28d02ea8910d5f8e44d4b8,46.0,Joker,banker,,com.super.color.hairdryer,2021-01-26 12:44:55+00:00,False,True,True
471,83ae26ab92cb5cc07a5216e1f537d22ca861703e91b8b155dfb9e8340e4dce9f,46.0,Joker,banker,,com.nova.superkeyboard,2021-01-27 01:42:32+00:00,eligible_current_governed,83ae26ab92cb5cc07a5216e1f537d22ca861703e91b8b155dfb9e8340e4dce9f,46.0,Joker,banker,,com.nova.superkeyboard,2021-01-27 01:42:32+00:00,True,True,True
472,4c1c7a7ce82cbfd8a137fdeaf0ad082b6c625a6f29d1aa899f8cec4e45f9ccb8,46.0,Joker,banker,,com.funcolor.toucheffects,2021-04-06 02:33:53+00:00,eligible_current_governed,4c1c7a7ce82cbfd8a137fdeaf0ad082b6c625a6f29d1aa899f8cec4e45f9ccb8,46.0,Joker,banker,,com.funcolor.toucheffects,2021-04-06 02:33:53+00:00,True,True,True
476,495a0621b2afc6adefbf17dc6c3cf5e92ba8227ac6939a20439b1b9dde878617,17.0,Ermac,banker,,com.tafupqzpqgmn.tmnhkq,2021-12-17 00:00:00+00:00,below_min_samples_per_family,,,,,,,,True,False,True
478,d8e50d73b1508b773697029c5a8dd61d31c173d5cd37afd1e5a2a2ec4364d788,46.0,Joker,banker,,com.affluent.messenger,2021-08-29 13:26:15+00:00,eligible_current_governed,d8e50d73b1508b773697029c5a8dd61d31c173d5cd37afd1e5a2a2ec4364d788,46.0,Joker,banker,,com.affluent.messenger,2021-08-29 13:26:15+00:00,True,True,True
479,efa2936074e6117621e79698c061b0812d3b125ce95b2d6d1d4dbc95525c5255,4.0,FluBot,banker,,com.baidu.searchbox,2021-06-25 20:33:58+00:00,eligible_current_governed,efa2936074e6117621e79698c061b0812d3b125ce95b2d6d1d4dbc95525c5255,4.0,FluBot,banker,,com.baidu.searchbox,2021-06-25 20:33:58+00:00,True,True,True
480,fc0103c9e06350b660ac968a073e8201f6774154eaa2a3a52a04d4fe9d80e38c,4.0,FluBot,banker,,com.bilibili.app.in,2021-07-03 04:27:38+00:00,eligible_current_governed,fc0103c9e06350b660ac968a073e8201f6774154eaa2a3a52a04d4fe9d80e38c,4.0,FluBot,banker,,com.bilibili.app.in,2021-07-03 04:27:38+00:00,True,True,True
482,d3dc4e22611ed20d700b6dd292ffddbc595c42453f18879f2ae4693a4d4d925a,13.0,Vultur,banker,,com.protectionguard.app,2021-12-17 00:00:00+00:00,eligible_current_governed,d3dc4e22611ed20d700b6dd292ffddbc595c42453f18879f2ae4693a4d4d925a,13.0,Vultur,banker,,com.protectionguard.app,2021-12-17 00:00:00+00:00,True,True,True
484,7ca6989ccfb0ad0571aef7b263125410a5037976f41e17ee7c022097f827bd74,13.0,Vultur,banker,,com.datasafeaccountsanddata.club,2021-12-17 00:00:00+00:00,eligible_current_governed,7ca6989ccfb0ad0571aef7b263125410a5037976f41e17ee7c022097f827bd74,13.0,Vultur,banker,,com.datasafeaccountsanddata.club,2021-12-17 00:00:00+00:00,True,True,True
488,d962537b88dd72e9ed3637d748d7e7514c60e8997fa776124a1bed256288f985,46.0,Joker,banker,,com.camerauniquemonitor.heartkeep,2021-08-16 22:50:01+00:00,eligible_current_governed,d962537b88dd72e9ed3637d748d7e7514c60e8997fa776124a1bed256288f985,46.0,Joker,banker,,com.camerauniquemonitor.heartkeep,2021-08-16 22:50:01+00:00,True,True,True
490,1d8ffa729c0decd436624669e8ff65076ab567cd2b5b52f703b7d5528db8c67e,6.0,TeaBot,banker,,question.cancel.cradle,2021-06-03 00:00:00+00:00,below_min_samples_per_family,,,,,,,,True,False,True
495,2277d20669267bbe9ff8a656258af0a33563c18c45cef3624eab67cf123c29a7,4.0,FluBot,banker,,com.clubbing.photos,2021-03-16 00:00:00+00:00,eligible_current_governed,2277d20669267bbe9ff8a656258af0a33563c18c45cef3624eab67cf123c29a7,4.0,FluBot,banker,,com.clubbing.photos,2021-03-16 00:00:00+00:00,True,True,True
498,65619e3afe53268f5cbe5eae6a429f23e712c4412eda8c70dcfd3ebb25382894,17.0,Ermac,banker,,com.czxvfknrqnqv.huslcn,2021-12-17 00:00:00+00:00,below_min_samples_per_family,,,,,,,,True,False,True
499,1dc84f5f1ee6daf33f5da0d0d82f252c64274a771c6214170eae441d18447fea,4.0,FluBot,banker,,com.baidu.searchbox,2021-12-31 10:10:03+00:00,eligible_current_governed,1dc84f5f1ee6daf33f5da0d0d82f252c64274a771c6214170eae441d18447fea,4.0,FluBot,banker,,com.baidu.searchbox,2021-12-31 10:10:03+00:00,True,True,True
502,5385fb753b663ecda2f93e35532342880e8013b499677c5b761bee1ec5339f8f,46.0,Joker,banker,,com.keykeybor.borprem.forpiknovonlines,2021-04-20 09:25:43+00:00,eligible_current_governed,5385fb753b663ecda2f93e35532342880e8013b499677c5b761bee1ec5339f8f,46.0,Joker,banker,,com.keykeybor.borprem.forpiknovonlines,2021-04-20 09:25:43+00:00,True,True,True
503,000ddbb75d10a939b54a7ceea5f12563b855daec971a9da0f2b4d5f935e195a3,55.0,DoNot,spyware,,com.tencent.mobileqq,2021-10-11 00:00:00+00:00,eligible_current_governed,000ddbb75d10a939b54a7ceea5f12563b855daec971a9da0f2b4d5f935e195a3,55.0,DoNot,spyware,,com.tencent.mobileqq,2021-10-11 00:00:00+00:00,False,True,True
505,87c2af62b00314af1059ad0c788959d605e18f45bee3425561832578d8052eb8,46.0,Joker,banker,,com.delux.Keyboard,2021-11-06 11:55:47+00:00,eligible_current_governed,87c2af62b00314af1059ad0c788959d605e18f45bee3425561832578d8052eb8,46.0,Joker,banker,,com.delux.Keyboard,2021-11-06 11:55:47+00:00,True,True,True
509,07d3fe39f038cd66c458589b97c5def05492289aa9d791fff8ce0957d5c9fdea,36.0,SpyNote,rat,,cmf0.c3b5bm90zq.patch,2021-09-13 21:57:23+00:00,eligible_current_governed,07d3fe39f038cd66c458589b97c5def05492289aa9d791fff8ce0957d5c9fdea,36.0,SpyNote,rat,,cmf0.c3b5bm90zq.patch,2021-09-13 21:57:23+00:00,False,True,True
522,9b512b9809b72b11d7bca5712517d34d6b3c4009f5518af31e5094671ec737b5,41.0,Zanubis,banker,,,2022-09-07 11:20:26+00:00,eligible_current_governed,9b512b9809b72b11d7bca5712517d34d6b3c4009f5518af31e5094671ec737b5,41.0,Zanubis,banker,,,2022-09-07 11:20:26+00:00,True,True,True
523,94dd7bc7f336c8fb53dfe221060c9c76b1065ceaae4955377b0c06fd2383ad87,46.0,Joker,banker,,com.camera.yhuh,2022-01-31 14:04:19+00:00,eligible_current_governed,94dd7bc7f336c8fb53dfe221060c9c76b1065ceaae4955377b0c06fd2383ad87,46.0,Joker,banker,,com.camera.yhuh,2022-01-31 14:04:19+00:00,True,True,True
525,00a733c78f1b4d4f54cf06a0ea8cc33604512d6032ef4ef9114c89c700bfafcf,13.0,Vultur,banker,,com.privacy.account.safetyapp,2022-01-21 14:52:48+00:00,eligible_current_governed,00a733c78f1b4d4f54cf06a0ea8cc33604512d6032ef4ef9114c89c700bfafcf,13.0,Vultur,banker,,com.privacy.account.safetyapp,2022-01-21 14:52:48+00:00,True,True,True
527,13576c80ef50807a097311468decc3b5d09df9f20d62b9ec2bd77b1ff332451a,6.0,TeaBot,banker,,com.scannet.qrbar,2021-06-18 12:23:08+00:00,below_min_samples_per_family,,,,,,,,True,False,True
528,57770190d3bbd453328bc63cfaf72bc01038379cd852ab81b3ee985605fb3ece,129.0,Wroba,banker,,tlcpez.cqgoio.dztq.ksd.lpqs,2021-11-05 04:11:30+00:00,below_min_samples_per_family,,,,,,,,True,False,True
534,7f2248f5de8a74b3d1c48be0db574b1c6558d6edae347592b29dc5234337a5ff,5.0,SharkBot,banker,,com.sepqaflwh.atsgejqzuk,2022-08-21 18:40:50+00:00,below_min_samples_per_family,,,,,,,,True,False,True
536,df98a8b9f15f4c70505d7c8e0c74b12ea708c084fbbffd5c38424481ae37976f,4.0,FluBot,banker,,com.tencent.mobileqq,2022-06-30 00:00:00+00:00,eligible_current_governed,df98a8b9f15f4c70505d7c8e0c74b12ea708c084fbbffd5c38424481ae37976f,4.0,FluBot,banker,,com.tencent.mobileqq,2022-06-30 00:00:00+00:00,True,True,True
537,9da516e0a2d17efe8646c1e93450cb80beafabbeb362f992ce6de0a0365da142,41.0,Zanubis,banker,,,2022-09-07 11:25:10+00:00,eligible_current_governed,9da516e0a2d17efe8646c1e93450cb80beafabbeb362f992ce6de0a0365da142,41.0,Zanubis,banker,,,2022-09-07 11:25:10+00:00,True,True,True
538,977387f25f1fb008343ee39eabfe1420e69d1afdd1742c9d6b45e8782480d3ae,129.0,Wroba,banker,,na.qrbf.sf.sxwk.lzhps.bw.tav,2021-11-05 04:12:11+00:00,below_min_samples_per_family,,,,,,,,True,False,True
540,b884757d8431f36a65eebe318fb7df25a4a15ee5e1efc39a45274c18e7c7bd4c,4.0,FluBot,banker,,com.lorankey.qrcode,2021-12-21 13:36:43+00:00,eligible_current_governed,b884757d8431f36a65eebe318fb7df25a4a15ee5e1efc39a45274c18e7c7bd4c,4.0,FluBot,banker,,com.lorankey.qrcode,2021-12-21 13:36:43+00:00,True,True,True
541,58593bc1e886c09c98af123ad57e63973957fbdff65536e3a42bcb52e3b88947,46.0,Joker,banker,,com.feis.bphealthy.blood,2022-02-22 11:42:28+00:00,eligible_current_governed,58593bc1e886c09c98af123ad57e63973957fbdff65536e3a42bcb52e3b88947,46.0,Joker,banker,,com.feis.bphealthy.blood,2022-02-22 11:42:28+00:00,True,True,True
542,0894c5a2244870cb33257ab13d3edb840db4e40a3a715fc815956650c86fa3af,46.0,Joker,banker,,com.liliye.messageapp,2022-02-08 01:45:26+00:00,eligible_current_governed,0894c5a2244870cb33257ab13d3edb840db4e40a3a715fc815956650c86fa3af,46.0,Joker,banker,,com.liliye.messageapp,2022-02-08 01:45:26+00:00,True,True,True
543,d03deb4f97ee45ec9651dc5d54db8ca523dc4307521cae3f88b966fa9bc29096,41.0,Zanubis,banker,,,2022-09-07 11:31:20+00:00,eligible_current_governed,d03deb4f97ee45ec9651dc5d54db8ca523dc4307521cae3f88b966fa9bc29096,41.0,Zanubis,banker,,,2022-09-07 11:31:20+00:00,True,True,True
551,26d2555a2c73fd7f49ae1d5d335f4cc983e3fab3f564989dfc3262ee2355a2b9,5.0,SharkBot,banker,,com.kylhavy.antivirus,2022-09-05 08:36:48+00:00,below_min_samples_per_family,,,,,,,,True,False,True
554,2b5f630be760ab9b663f53d2701a9c9d40f8942ce78b0b19641cca3e9f14da8d,46.0,Joker,banker,,com.henryben.flashlightled,2022-01-31 14:04:39+00:00,eligible_current_governed,2b5f630be760ab9b663f53d2701a9c9d40f8942ce78b0b19641cca3e9f14da8d,46.0,Joker,banker,,com.henryben.flashlightled,2022-01-31 14:04:39+00:00,True,True,True
562,2877b27f1b6c7db466351618dda4f05d6a15e9a26028f3fc064fa144ec3a1850,40.0,Xenomorph,banker,,com.spike.old,2022-07-18 00:00:00+00:00,below_min_samples_per_family,,,,,,,,True,False,True
569,001fd4af41df8883957c515703e9b6b08e36fde3fd1d127b283ee75a32d575fc,13.0,Vultur,banker,,com.wsandroid.suite,2024-04-01 00:00:00+00:00,eligible_current_governed,001fd4af41df8883957c515703e9b6b08e36fde3fd1d127b283ee75a32d575fc,13.0,Vultur,banker,,com.wsandroid.suite,2024-04-01 00:00:00+00:00,True,True,True
571,0095b2e65c4d4f5fb0df512f060f067be52c06903f619d7d017259c7caea61fa,51.0,Applite,banker,,com.sotonozipu.process,2024-12-10 09:33:32+00:00,eligible_current_governed,0095b2e65c4d4f5fb0df512f060f067be52c06903f619d7d017259c7caea61fa,51.0,Applite,banker,,com.sotonozipu.process,2024-12-10 09:33:32+00:00,True,True,True
572,00a8d6cebe47e58bdfcbee35e2923d29fe4d624697bcd9a11913c30540c36657,45.0,PixPirate,banker,,com.nature.outskirt,2022-12-23 20:05:38+00:00,eligible_current_governed,00a8d6cebe47e58bdfcbee35e2923d29fe4d624697bcd9a11913c30540c36657,45.0,PixPirate,banker,,com.nature.outskirt,2022-12-23 20:05:38+00:00,True,True,True
575,010ff192c9e93accc92442b20747b38c3e83a8e5c0ac2a903ff1f5745a5017c3,7.0,Chameleon,banker,,com.assist.nice,2023-01-03 05:37:50+00:00,below_min_samples_per_family,,,,,,,,True,False,True
576,012210e255afdc25e6ad333dea14e3a0a68aa27d9ebe4da5c303c415b522638c,45.0,PixPirate,banker,,com.strip.contact,2023-02-05 23:50:45+00:00,eligible_current_governed,012210e255afdc25e6ad333dea14e3a0a68aa27d9ebe4da5c303c415b522638c,45.0,PixPirate,banker,,com.strip.contact,2023-02-05 23:50:45+00:00,True,True,True
578,0166ef39488005c7f6f232a93b3329c644a374bcf862b0255796caca3e20f6aa,36.0,SpyNote,rat,,GOOD.BYE.GOOGLE,2020-03-15 15:32:57+00:00,eligible_current_governed,0166ef39488005c7f6f232a93b3329c644a374bcf862b0255796caca3e20f6aa,36.0,SpyNote,rat,,GOOD.BYE.GOOGLE,2020-03-15 15:32:57+00:00,True,True,True
579,0169579c199cd1724355df6332cbd83f6240649564ec9b085c1f9bde2830c8bb,51.0,Applite,banker,,com.ximuba.java,2024-11-09 08:21:06+00:00,eligible_current_governed,0169579c199cd1724355df6332cbd83f6240649564ec9b085c1f9bde2830c8bb,51.0,Applite,banker,,com.ximuba.java,2024-11-09 08:21:06+00:00,True,True,True
582,01cc0e25562153fa2d13666c87a54e1198163861ad0db2db4c9d9cb11820d984,14.0,TgToxic,banker,,com.eporner.epang,2022-10-26 04:58:51+00:00,eligible_current_governed,01cc0e25562153fa2d13666c87a54e1198163861ad0db2db4c9d9cb11820d984,14.0,TgToxic,banker,,com.eporner.epang,2022-10-26 04:58:51+00:00,True,True,True
584,020b294f417b847dc7d3be0630bf68e7a7befb506b56231cb85e13cf0d7d3c41,14.0,TgToxic,banker,,com.ubuy.maitance,2022-10-25 15:14:17+00:00,eligible_current_governed,020b294f417b847dc7d3be0630bf68e7a7befb506b56231cb85e13cf0d7d3c41,14.0,TgToxic,banker,,com.ubuy.maitance,2022-10-25 15:14:17+00:00,True,True,True
586,0280536885bb406bc8cd90631bb48ddd809dcf16ecfb5acdc2e75c40171a63af,53.0,Copybara,banker,,com.appillimityappnuova.appapk,2024-02-27 09:56:23+00:00,eligible_current_governed,0280536885bb406bc8cd90631bb48ddd809dcf16ecfb5acdc2e75c40171a63af,53.0,Copybara,banker,,com.appillimityappnuova.appapk,2024-02-27 09:56:23+00:00,False,True,True
590,033c5f162287a72857993e7cb4447cdfb3d5eb19bf0ed0aa01a5db07274aa86a,51.0,Applite,banker,,com.repuhige.syntax,2024-12-14 08:16:17+00:00,eligible_current_governed,033c5f162287a72857993e7cb4447cdfb3d5eb19bf0ed0aa01a5db07274aa86a,51.0,Applite,banker,,com.repuhige.syntax,2024-12-14 08:16:17+00:00,True,True,True
592,0388e44995974bab35c75e71b215618dfa099dcc6ff4dd6596b919b75d2a0783,54.0,FatBoyPanel,banker,,com.ftfdtftjf.asdfhgoweijtkjcxpgha,2024-09-03 06:14:54+00:00,eligible_current_governed,0388e44995974bab35c75e71b215618dfa099dcc6ff4dd6596b919b75d2a0783,54.0,FatBoyPanel,banker,,com.ftfdtftjf.asdfhgoweijtkjcxpgha,2024-09-03 06:14:54+00:00,False,True,True
593,03b30ad69bd7c4ef7fef3cf9f2f8c0326dae8248f60599313c89db6b46fb6164,15.0,GoldDigger,banker,,com.trinsmalw.qrmuamjkez,2023-08-29 00:00:00+00:00,eligible_current_governed,03b30ad69bd7c4ef7fef3cf9f2f8c0326dae8248f60599313c89db6b46fb6164,15.0,GoldDigger,banker,,com.trinsmalw.qrmuamjkez,2023-08-29 00:00:00+00:00,True,True,True
595,03dece0a6397a304d3fddedd1e69a074fa3f4fbf4cf37122437a6d69b12c9da5,14.0,TgToxic,banker,,com.ryzdyv.sxydxg,2022-11-16 16:51:41+00:00,eligible_current_governed,03dece0a6397a304d3fddedd1e69a074fa3f4fbf4cf37122437a6d69b12c9da5,14.0,TgToxic,banker,,com.ryzdyv.sxydxg,2022-11-16 16:51:41+00:00,True,True,True
597,0411d0ab80171bf29a481608d60d4ad55f193b9bbb64c0520df2e4da941ed031,44.0,Irata,banker,,com.sxsaxxa.tim,2022-02-10 12:35:44+00:00,eligible_current_governed,0411d0ab80171bf29a481608d60d4ad55f193b9bbb64c0520df2e4da941ed031,44.0,Irata,banker,,com.sxsaxxa.tim,2022-02-10 12:35:44+00:00,True,True,True
602,04b4f6aefde0a647337e2000dfc18ae5c1b973bbe57571322eed408fb0ecee0a,44.0,Irata,banker,,com.ApkEditors.HackingTelegram,2022-07-01 19:22:13+00:00,eligible_current_governed,04b4f6aefde0a647337e2000dfc18ae5c1b973bbe57571322eed408fb0ecee0a,44.0,Irata,banker,,com.ApkEditors.HackingTelegram,2022-07-01 19:22:13+00:00,True,True,True
605,0558c0d787858ebe063f0522805d10c0817e8087795bf6063b1763525f0fa72d,16.0,Crocodilus,banker,,properly.unrevised,2025-04-02 18:29:33+00:00,eligible_current_governed,0558c0d787858ebe063f0522805d10c0817e8087795bf6063b1763525f0fa72d,16.0,Crocodilus,banker,,properly.unrevised,2025-04-02 18:29:33+00:00,True,True,True
606,05782e267bd62de78a3db22b1a83ddd3c72cbef95f5a5bc9defdd42a4f5786ec,8.0,EventBot,banker,,com.example.eventbot,2020-03-19 17:04:04+00:00,below_min_samples_per_family,,,,,,,,True,False,True
607,0585d48bb871c7d51321c229489e01eb93cabaa10d3057c3dbd68aa15c51268e,16.0,Crocodilus,banker,,robin.hesitate.darkish,2025-04-01 11:09:55+00:00,eligible_current_governed,0585d48bb871c7d51321c229489e01eb93cabaa10d3057c3dbd68aa15c51268e,16.0,Crocodilus,banker,,robin.hesitate.darkish,2025-04-01 11:09:55+00:00,True,True,True
608,0597244555b1c416369a13cc9bb9b57f3b74fc703e2573caceacc305805e9a0e,44.0,Irata,banker,,com.overview,2022-08-26 13:49:39+00:00,eligible_current_governed,0597244555b1c416369a13cc9bb9b57f3b74fc703e2573caceacc305805e9a0e,44.0,Irata,banker,,com.overview,2022-08-26 13:49:39+00:00,True,True,True
610,063daf0e1c5e008da2ca90056b8f7715dfad5daa81ecc864a6ada969e25b0a14,15.0,GoldDigger,banker,,,2023-09-10 00:00:00+00:00,eligible_current_governed,063daf0e1c5e008da2ca90056b8f7715dfad5daa81ecc864a6ada969e25b0a14,15.0,GoldDigger,banker,,,2023-09-10 00:00:00+00:00,True,True,True
611,067441abb169e06a7f622f0a7de6b8777dcb89ca7b20981cf56fa9eb65e28f15,15.0,GoldDigger,banker,,,2023-09-26 00:00:00+00:00,eligible_current_governed,067441abb169e06a7f622f0a7de6b8777dcb89ca7b20981cf56fa9eb65e28f15,15.0,GoldDigger,banker,,,2023-09-26 00:00:00+00:00,True,True,True
614,0769917a7e705795603eb5e65e3bef216926da552cef8aadbb1da0fee5babceb,14.0,TgToxic,banker,,com.qbxdwv.umobaxrz,2023-01-19 03:34:22+00:00,eligible_current_governed,0769917a7e705795603eb5e65e3bef216926da552cef8aadbb1da0fee5babceb,14.0,TgToxic,banker,,com.qbxdwv.umobaxrz,2023-01-19 03:34:22+00:00,True,True,True
615,077704d00dbedb31dfd62c060e8fb5cb0d0ef5ff0784feaffbbbe0949b12649d,44.0,Irata,banker,,com.exception.rat,2022-05-02 06:17:19+00:00,eligible_current_governed,077704d00dbedb31dfd62c060e8fb5cb0d0ef5ff0784feaffbbbe0949b12649d,44.0,Irata,banker,,com.exception.rat,2022-05-02 06:17:19+00:00,True,True,True
618,07ba6893c4ffc95638d4d1152f7c5b03aca4970474a95bf50942c619aa4382ae,4.0,FluBot,banker,,com.tencent.mobileqq,2021-05-11 00:00:00+00:00,eligible_current_governed,07ba6893c4ffc95638d4d1152f7c5b03aca4970474a95bf50942c619aa4382ae,4.0,FluBot,banker,,com.tencent.mobileqq,2021-05-11 00:00:00+00:00,True,True,True
619,07c6467a17deefc33172e4e148a7856734e97259072dd2b4b118839504cfda39,51.0,Applite,banker,,com.fadacobuxi.cpu,2024-12-03 19:51:13+00:00,eligible_current_governed,07c6467a17deefc33172e4e148a7856734e97259072dd2b4b118839504cfda39,51.0,Applite,banker,,com.fadacobuxi.cpu,2024-12-03 19:51:13+00:00,True,True,True
620,08413fa810ee812ae53ae07a4c96f015c35f0035401e2912b6390b0cd1e1451d,51.0,Applite,banker,,com.jibevi.compile,2024-12-03 13:16:03+00:00,eligible_current_governed,08413fa810ee812ae53ae07a4c96f015c35f0035401e2912b6390b0cd1e1451d,51.0,Applite,banker,,com.jibevi.compile,2024-12-03 13:16:03+00:00,True,True,True
621,0862ed0018cd42025293cc72ac1da23093b2428ac322cf83b5992a53de08e298,51.0,Applite,banker,,com.wukapatuyu.query,2024-11-21 09:18:37+00:00,eligible_current_governed,0862ed0018cd42025293cc72ac1da23093b2428ac322cf83b5992a53de08e298,51.0,Applite,banker,,com.wukapatuyu.query,2024-11-21 09:18:37+00:00,True,True,True
622,08bedfb6b937a7177db7b6e45bbc16c5b5c4e507d718937794f08108c6b6dc99,51.0,Applite,banker,,com.zozileru.fill,2024-12-09 09:58:01+00:00,eligible_current_governed,08bedfb6b937a7177db7b6e45bbc16c5b5c4e507d718937794f08108c6b6dc99,51.0,Applite,banker,,com.zozileru.fill,2024-12-09 09:58:01+00:00,True,True,True
624,090e0a999e5fa62739f9bc5d1474c1bd964f2f15a20824eda7d67ae080f5bef9,44.0,Irata,banker,,ir.shz.shzkisi,2022-08-26 00:00:00+00:00,eligible_current_governed,090e0a999e5fa62739f9bc5d1474c1bd964f2f15a20824eda7d67ae080f5bef9,44.0,Irata,banker,,ir.shz.shzkisi,2022-08-26 00:00:00+00:00,True,True,True
625,0922c44250cda456c7b7195c8fa3baeaa9944aa4e8abc5bd81a59a2b6aedf838,16.0,Crocodilus,banker,,cranberry.trinity.freight,2025-04-01 11:10:18+00:00,eligible_current_governed,0922c44250cda456c7b7195c8fa3baeaa9944aa4e8abc5bd81a59a2b6aedf838,16.0,Crocodilus,banker,,cranberry.trinity.freight,2025-04-01 11:10:18+00:00,True,True,True
629,09ad63dc6e45d3288eff59fe4dacf33e0e93da8a8c4d4e64cfbefbc4d3050d2c,51.0,Applite,banker,,com.gaguzuka.dashboard,2024-11-02 01:09:32+00:00,eligible_current_governed,09ad63dc6e45d3288eff59fe4dacf33e0e93da8a8c4d4e64cfbefbc4d3050d2c,51.0,Applite,banker,,com.gaguzuka.dashboard,2024-11-02 01:09:32+00:00,True,True,True
635,0b1eb5673d1d22adec402df3ace2dd78dd927fe1af8001d1dbcbe1efc1fa8912,45.0,PixPirate,banker,,com.insect.ruin,2023-01-23 04:18:54+00:00,eligible_current_governed,0b1eb5673d1d22adec402df3ace2dd78dd927fe1af8001d1dbcbe1efc1fa8912,45.0,PixPirate,banker,,com.insect.ruin,2023-01-23 04:18:54+00:00,True,True,True
637,0b72c22517fdefd4cf0466d8d4c634ca73b7667d378be688efe131af4ac3aed8,9.0,Godfather,banker,,com.rduzmauwns.jieliysagr,2023-01-06 00:00:00+00:00,eligible_current_governed,0b72c22517fdefd4cf0466d8d4c634ca73b7667d378be688efe131af4ac3aed8,9.0,Godfather,banker,,com.rduzmauwns.jieliysagr,2023-01-06 00:00:00+00:00,True,True,True
642,0c9e2ae9c699374f06a6d38cf2ea41232fc8a712e110be8069b08659fdf50514,9.0,Godfather,banker,,com.mandingos.controllingly,2024-10-31 07:07:18+00:00,eligible_current_governed,0c9e2ae9c699374f06a6d38cf2ea41232fc8a712e110be8069b08659fdf50514,9.0,Godfather,banker,,com.mandingos.controllingly,2024-10-31 07:07:18+00:00,True,True,True
646,0d79b5b899a3fc97944af0af2d7482506de6a5bec602478fce494b76f356779b,14.0,TgToxic,banker,,com.pkkim.kakose,2023-01-07 11:16:57+00:00,eligible_current_governed,0d79b5b899a3fc97944af0af2d7482506de6a5bec602478fce494b76f356779b,14.0,TgToxic,banker,,com.pkkim.kakose,2023-01-07 11:16:57+00:00,True,True,True
648,0e29e6adb5722aa6cf968c733ed9b564c81685230d990c1fa3597394bf5a3f35,51.0,Applite,banker,,com.disudu.method,2024-12-12 00:01:54+00:00,eligible_current_governed,0e29e6adb5722aa6cf968c733ed9b564c81685230d990c1fa3597394bf5a3f35,51.0,Applite,banker,,com.disudu.method,2024-12-12 00:01:54+00:00,True,True,True
653,0edb298b92eb008483c26ba87c0ccad71fb7ed6729df5d0f752f1de256a51462,55.0,DoNot,spyware,,com.mobile.state,2024-05-07 06:31:39+00:00,eligible_current_governed,0edb298b92eb008483c26ba87c0ccad71fb7ed6729df5d0f752f1de256a51462,55.0,DoNot,spyware,,com.mobile.state,2024-05-07 06:31:39+00:00,True,True,True
654,0ef7297896febdfd36e1ecca2df3093685d16805d02df3f049639de798bd126a,14.0,TgToxic,banker,,com.lqfrjz.ktnaepom,2022-12-16 13:08:52+00:00,eligible_current_governed,0ef7297896febdfd36e1ecca2df3093685d16805d02df3f049639de798bd126a,14.0,TgToxic,banker,,com.lqfrjz.ktnaepom,2022-12-16 13:08:52+00:00,True,True,True
655,0ef96f5ce66266f55d4e17f9985c4c929633a972e587ced8b000b3910ffb3303,36.0,SpyNote,rat,,com.appser.verapp,2023-01-17 03:06:49+00:00,eligible_current_governed,0ef96f5ce66266f55d4e17f9985c4c929633a972e587ced8b000b3910ffb3303,36.0,SpyNote,rat,,com.appser.verapp,2023-01-17 03:06:49+00:00,False,True,True
657,0f1d9b29cd29f8a7f2c6e1a9ce68de3480f680177f08a61b1934c965ea65a55c,44.0,Irata,banker,,ir.shz.shzkisi,2022-08-23 01:11:48+00:00,eligible_current_governed,0f1d9b29cd29f8a7f2c6e1a9ce68de3480f680177f08a61b1934c965ea65a55c,44.0,Irata,banker,,ir.shz.shzkisi,2022-08-23 01:11:48+00:00,True,True,True
659,0f2f8adce0f1e1971cba5851e383846b68e5504679d916d7dad10133cc965851,13.0,Vultur,banker,,com.adajio.storm,2024-03-30 00:00:00+00:00,eligible_current_governed,0f2f8adce0f1e1971cba5851e383846b68e5504679d916d7dad10133cc965851,13.0,Vultur,banker,,com.adajio.storm,2024-03-30 00:00:00+00:00,True,True,True
660,0f58ea0d132c1d3a829432f5a8b051ab72ae01e9790096e1f98af52cbd969d3b,44.0,Irata,banker,,edward.org,2022-05-11 17:05:14+00:00,eligible_current_governed,0f58ea0d132c1d3a829432f5a8b051ab72ae01e9790096e1f98af52cbd969d3b,44.0,Irata,banker,,edward.org,2022-05-11 17:05:14+00:00,True,True,True
661,0ffd769fec5314749c425374a79f02d3bbcd08eefba82c31283d972dd82414f5,15.0,GoldDigger,banker,,com.trinsmalw.dqaznkapw,2023-10-06 00:00:00+00:00,eligible_current_governed,0ffd769fec5314749c425374a79f02d3bbcd08eefba82c31283d972dd82414f5,15.0,GoldDigger,banker,,com.trinsmalw.dqaznkapw,2023-10-06 00:00:00+00:00,True,True,True
665,10fff3d8edaec12aaeee6e765b04b34a08f8d274dd8be40d0a8c203071640ed4,44.0,Irata,banker,,ir.Netw.dev,2022-05-10 21:34:54+00:00,eligible_current_governed,10fff3d8edaec12aaeee6e765b04b34a08f8d274dd8be40d0a8c203071640ed4,44.0,Irata,banker,,ir.Netw.dev,2022-05-10 21:34:54+00:00,True,True,True
667,11470b5107f563c19ab92929a0e0ee5cf1b0c95fdd146f69ff9f9d4123f908cb,53.0,Copybara,banker,,com.intesatoken.appnuova,2023-12-19 10:23:05+00:00,eligible_current_governed,11470b5107f563c19ab92929a0e0ee5cf1b0c95fdd146f69ff9f9d4123f908cb,53.0,Copybara,banker,,com.intesatoken.appnuova,2023-12-19 10:23:05+00:00,False,True,True
668,115ee615a45d4645e805da20ba3ccb26c7383cc52f3df16506b522ca3a009235,36.0,SpyNote,rat,,com.appser.verapp,2023-02-27 10:14:56+00:00,eligible_current_governed,115ee615a45d4645e805da20ba3ccb26c7383cc52f3df16506b522ca3a009235,36.0,SpyNote,rat,,com.appser.verapp,2023-02-27 10:14:56+00:00,False,True,True
672,11af0da9a7c5f65bb098ed52973e814b12eba492fb3615a5fada5d4cc390928d,19.0,TrickMo,banker,,consnews.matt960.can,2024-10-14 00:00:00+00:00,eligible_current_governed,11af0da9a7c5f65bb098ed52973e814b12eba492fb3615a5fada5d4cc390928d,19.0,TrickMo,banker,,consnews.matt960.can,2024-10-14 00:00:00+00:00,True,True,True
673,11ce4b40040874199fca2718ca47dd77505ad46d68cebcdee8b32d42551fc349,14.0,TgToxic,banker,,com.gzrtnq.Bumble,2023-01-18 07:21:33+00:00,eligible_current_governed,11ce4b40040874199fca2718ca47dd77505ad46d68cebcdee8b32d42551fc349,14.0,TgToxic,banker,,com.gzrtnq.Bumble,2023-01-18 07:21:33+00:00,True,True,True
676,1232967b093aa26a72f806c0437e47f893dc1e5cd4935dfdf8b0b33f947ddbab,45.0,PixPirate,banker,,com.candy.dew,2023-01-23 11:35:59+00:00,eligible_current_governed,1232967b093aa26a72f806c0437e47f893dc1e5cd4935dfdf8b0b33f947ddbab,45.0,PixPirate,banker,,com.candy.dew,2023-01-23 11:35:59+00:00,True,True,True
677,126fe7c4a3d1493e350ede52814ed8776f23e01b75a892ee162b2de48aaad50a,45.0,PixPirate,banker,,com.tencent.mm,2023-08-21 13:56:12+00:00,eligible_current_governed,126fe7c4a3d1493e350ede52814ed8776f23e01b75a892ee162b2de48aaad50a,45.0,PixPirate,banker,,com.tencent.mm,2023-08-21 13:56:12+00:00,True,True,True
678,12702adec56c5201da292acbef51836b99ec2ca341e82147de5ae3ca0ec5255e,45.0,PixPirate,banker,,com.repent.temperature,2022-12-13 16:46:03+00:00,eligible_current_governed,12702adec56c5201da292acbef51836b99ec2ca341e82147de5ae3ca0ec5255e,45.0,PixPirate,banker,,com.repent.temperature,2022-12-13 16:46:03+00:00,True,True,True
679,128abf3ecfdaf44cd54804f16502ba28903f999977d43d1ae6fdc4261d70e1df,44.0,Irata,banker,,ir.pardakht.xd,2022-05-17 03:44:38+00:00,eligible_current_governed,128abf3ecfdaf44cd54804f16502ba28903f999977d43d1ae6fdc4261d70e1df,44.0,Irata,banker,,ir.pardakht.xd,2022-05-17 03:44:38+00:00,True,True,True
682,138551cd967622832f8a816ea1697a5d08ee66c379d32d8a6bd7fca9fdeaecc4,9.0,Godfather,banker,,com.expressvpn.vpn,2022-12-17 16:29:46+00:00,eligible_current_governed,138551cd967622832f8a816ea1697a5d08ee66c379d32d8a6bd7fca9fdeaecc4,9.0,Godfather,banker,,com.expressvpn.vpn,2022-12-17 16:29:46+00:00,True,True,True
683,139a5bcc92044e2e7c47aa28256218d92a37bed682b318a7b167abac6a1634bc,15.0,GoldDigger,banker,,,2023-09-10 00:00:00+00:00,eligible_current_governed,139a5bcc92044e2e7c47aa28256218d92a37bed682b318a7b167abac6a1634bc,15.0,GoldDigger,banker,,,2023-09-10 00:00:00+00:00,True,True,True
684,139bc5edeee887be7d43b242ccdb964d610337beed2fd5c8a3dc716b6aae320c,45.0,PixPirate,banker,,com.beginner.somewhere,2023-02-11 19:33:22+00:00,eligible_current_governed,139bc5edeee887be7d43b242ccdb964d610337beed2fd5c8a3dc716b6aae320c,45.0,PixPirate,banker,,com.beginner.somewhere,2023-02-11 19:33:22+00:00,True,True,True
686,13b904ed2391fed303979b8b8fe0ac72a356cab091057600237fc8ac784db82a,53.0,Copybara,banker,,com.mediobanca.tokenapp,2024-02-09 11:02:33+00:00,eligible_current_governed,13b904ed2391fed303979b8b8fe0ac72a356cab091057600237fc8ac784db82a,53.0,Copybara,banker,,com.mediobanca.tokenapp,2024-02-09 11:02:33+00:00,False,True,True
687,13b91058c2f4dcf2d4b715fb0f5a5315adf414879e275a2d0610d62f71b70700,46.0,Joker,banker,,com.meme.rouijhhkl,2021-04-14 00:00:00+00:00,eligible_current_governed,13b91058c2f4dcf2d4b715fb0f5a5315adf414879e275a2d0610d62f71b70700,46.0,Joker,banker,,com.meme.rouijhhkl,2021-04-14 00:00:00+00:00,True,True,True
688,141e37754fa555e45eabe99ee7c854ab2d9f8b8ad89a73376f72c703602e3d17,7.0,Chameleon,banker,,com.original.hen,2023-02-21 17:44:52+00:00,below_min_samples_per_family,,,,,,,,True,False,True
689,1430dc0cc26adfb7b7715624602767af26f453e3f34df66f1a6d41c38a35819c,44.0,Irata,banker,,ir.shz.shzkisi,2022-08-17 16:26:04+00:00,eligible_current_governed,1430dc0cc26adfb7b7715624602767af26f453e3f34df66f1a6d41c38a35819c,44.0,Irata,banker,,ir.shz.shzkisi,2022-08-17 16:26:04+00:00,True,True,True
690,1487cfbb6d702b8b2cfa88a6d586c092cdfbb472274ff54f894df35edd2f9d3e,53.0,Copybara,banker,,com.basisse.app,2024-02-23 15:44:30+00:00,eligible_current_governed,1487cfbb6d702b8b2cfa88a6d586c092cdfbb472274ff54f894df35edd2f9d3e,53.0,Copybara,banker,,com.basisse.app,2024-02-23 15:44:30+00:00,False,True,True
691,149ea4f0572f4b2888ed53540b88db67cdc4acd77ede8d7a8b9bb2d02fa8d0a3,7.0,Chameleon,banker,,com.vague.motor,2023-01-02 10:28:39+00:00,below_min_samples_per_family,,,,,,,,True,False,True
693,14ab067d7f3c111cb6c9b262df283ac0101c2baaa53d2a3306f7e86cb7d05c87,14.0,TgToxic,banker,,com.gzrtnq.Snapschat,2022-12-28 05:10:50+00:00,eligible_current_governed,14ab067d7f3c111cb6c9b262df283ac0101c2baaa53d2a3306f7e86cb7d05c87,14.0,TgToxic,banker,,com.gzrtnq.Snapschat,2022-12-28 05:10:50+00:00,True,True,True
695,153410238d01773e5c705c6d18955793bd61cb2e82c5c7656e74563bb43b3ffa,7.0,Chameleon,banker,,com.top.omit,2023-06-27 00:00:00+00:00,below_min_samples_per_family,,,,,,,,True,False,True
699,15a6a399a08e333964675e2c769cfdb87109bc7b75328a24ab3f0bdf08aecc1d,44.0,Irata,banker,,com.zeroone.divaraop,2022-07-12 00:00:00+00:00,eligible_current_governed,15a6a399a08e333964675e2c769cfdb87109bc7b75328a24ab3f0bdf08aecc1d,44.0,Irata,banker,,com.zeroone.divaraop,2022-07-12 00:00:00+00:00,True,True,True
702,165b50a314f8cb2fecf26667a88ec9653c52d281d4edc47501f37cd28bc342c2,44.0,Irata,banker,,com.ops.tm,2022-05-19 00:00:00+00:00,eligible_current_governed,165b50a314f8cb2fecf26667a88ec9653c52d281d4edc47501f37cd28bc342c2,44.0,Irata,banker,,com.ops.tm,2022-05-19 00:00:00+00:00,True,True,True
707,17d99170c4b21359edd4f82fcdf8ecda1f8c1bf38206ccdf6a44c441265737cc,44.0,Irata,banker,,realrat.siqe.holo,2022-07-20 12:12:38+00:00,eligible_current_governed,17d99170c4b21359edd4f82fcdf8ecda1f8c1bf38206ccdf6a44c441265737cc,44.0,Irata,banker,,realrat.siqe.holo,2022-07-20 12:12:38+00:00,True,True,True
708,17e3931825e4c79c1b363fd80f31859908251652abca9390f8b863ff57c9f5d5,45.0,PixPirate,banker,,com.talk.ruler,2023-04-18 15:07:16+00:00,eligible_current_governed,17e3931825e4c79c1b363fd80f31859908251652abca9390f8b863ff57c9f5d5,45.0,PixPirate,banker,,com.talk.ruler,2023-04-18 15:07:16+00:00,True,True,True
711,187b9f5de09d82d2afbad9e139600617685095c26c4304aaf67a440338e0a9b6,5.0,SharkBot,banker,,com.pagnotto28.sellsourcecode.alpha,2022-03-07 00:30:06+00:00,below_min_samples_per_family,,,,,,,,True,False,True
712,187c0e90c8b019e664f3919a5e6ba62e8dd5336eb38ea1b36376ba1456b91f35,19.0,TrickMo,banker,,quidi.guar601.cia,2024-05-20 00:00:00+00:00,eligible_current_governed,187c0e90c8b019e664f3919a5e6ba62e8dd5336eb38ea1b36376ba1456b91f35,19.0,TrickMo,banker,,quidi.guar601.cia,2024-05-20 00:00:00+00:00,True,True,True
717,19312ba83790736fafb998ccfa8ab967d54da93df86dbde205c06bb96376e535,51.0,Applite,banker,,com.hemunefupe.dynamic,2024-12-01 20:30:34+00:00,eligible_current_governed,19312ba83790736fafb998ccfa8ab967d54da93df86dbde205c06bb96376e535,51.0,Applite,banker,,com.hemunefupe.dynamic,2024-12-01 20:30:34+00:00,True,True,True
720,195fb3b051c3e3e31dfda85eae204a7bd9a13b8f729010b16db8824cca07fd4d,15.0,GoldDigger,banker,,com.tdphestals.qemsymzzjg,2023-09-09 00:00:00+00:00,eligible_current_governed,195fb3b051c3e3e31dfda85eae204a7bd9a13b8f729010b16db8824cca07fd4d,15.0,GoldDigger,banker,,com.tdphestals.qemsymzzjg,2023-09-09 00:00:00+00:00,True,True,True
722,19908b5880be89e70d1283d4c9621b368690b8e32aa531c1bfe451d41dfe7b37,36.0,SpyNote,rat,,yps.eton.application,2020-01-15 03:30:39+00:00,eligible_current_governed,19908b5880be89e70d1283d4c9621b368690b8e32aa531c1bfe451d41dfe7b37,36.0,SpyNote,rat,,yps.eton.application,2020-01-15 03:30:39+00:00,True,True,True
723,199859a2929af5431df4a4760f93c83472dc21ea0b9e33d9e45439052de44ab3,8.0,EventBot,banker,,com.df45e8cdefec27b70bde.f0499512c3638cd6.af547afc4a5315e30418,2020-04-22 11:45:06+00:00,below_min_samples_per_family,,,,,,,,True,False,True
724,19b331b79cdd95a13b68ab5e8b4eb69102878fce1c81071cb7c17cbc24900c15,38.0,BankBot,banker,,qchatuqzgwdnysobjqpjnkblwyd.hgdhskaxeo.xqwugsffrakeyhznbylhgporffj,2020-03-22 00:24:42+00:00,eligible_current_governed,19b331b79cdd95a13b68ab5e8b4eb69102878fce1c81071cb7c17cbc24900c15,38.0,BankBot,banker,,qchatuqzgwdnysobjqpjnkblwyd.hgdhskaxeo.xqwugsffrakeyhznbylhgporffj,2020-03-22 00:24:42+00:00,False,True,True
725,19b6e4a8e9393be7fe61d5dbcf0c60621ee09f3b4bd46d940b76f8c1cb2b6a79,45.0,PixPirate,banker,,com.market.bunch,2023-02-11 03:25:03+00:00,eligible_current_governed,19b6e4a8e9393be7fe61d5dbcf0c60621ee09f3b4bd46d940b76f8c1cb2b6a79,45.0,PixPirate,banker,,com.market.bunch,2023-02-11 03:25:03+00:00,True,True,True
727,19ed4f67710d455da42017de28688f5e55ed36809cc70252d825ac81713e95d1,9.0,Godfather,banker,,com.farley.tythed,2024-10-28 05:52:57+00:00,eligible_current_governed,19ed4f67710d455da42017de28688f5e55ed36809cc70252d825ac81713e95d1,9.0,Godfather,banker,,com.farley.tythed,2024-10-28 05:52:57+00:00,True,True,True
729,1a79fe2f64923f83d1042d2ffe86e6a77c00143bdc7b0c247e3d8753e36e699f,19.0,TrickMo,banker,,quidi.guar601.cia,2024-05-15 00:00:00+00:00,eligible_current_governed,1a79fe2f64923f83d1042d2ffe86e6a77c00143bdc7b0c247e3d8753e36e699f,19.0,TrickMo,banker,,quidi.guar601.cia,2024-05-15 00:00:00+00:00,True,True,True
733,1bd1533dc9b6dde06ada49109d583dac49098ee232e181f727c26fcce658b89b,44.0,Irata,banker,,com.defa4er.mehrab,2022-05-24 09:49:53+00:00,eligible_current_governed,1bd1533dc9b6dde06ada49109d583dac49098ee232e181f727c26fcce658b89b,44.0,Irata,banker,,com.defa4er.mehrab,2022-05-24 09:49:53+00:00,True,True,True
734,1c273110f3aec84e76b13dff60521cc65731ef83657240f09cc9f5e0b1926c32,44.0,Irata,banker,,Caco333.siqe.holo,2022-07-06 09:16:58+00:00,eligible_current_governed,1c273110f3aec84e76b13dff60521cc65731ef83657240f09cc9f5e0b1926c32,44.0,Irata,banker,,Caco333.siqe.holo,2022-07-06 09:16:58+00:00,True,True,True
738,1c9bd88f791a282f6010dc4491f63353da64f9b80cb6001ba8960d911e2536d9,44.0,Irata,banker,,ir.shz.shzkisi,2022-08-25 23:05:41+00:00,eligible_current_governed,1c9bd88f791a282f6010dc4491f63353da64f9b80cb6001ba8960d911e2536d9,44.0,Irata,banker,,ir.shz.shzkisi,2022-08-25 23:05:41+00:00,True,True,True
739,1cd39b572a48ef99d819d08ca07d40eaef44a53c634122c1beb497e185e1c04f,36.0,SpyNote,rat,,GOOD.BYE.GOOGLE,2020-03-15 22:05:03+00:00,eligible_current_governed,1cd39b572a48ef99d819d08ca07d40eaef44a53c634122c1beb497e185e1c04f,36.0,SpyNote,rat,,GOOD.BYE.GOOGLE,2020-03-15 22:05:03+00:00,True,True,True
740,1ce2a392dd2c1df22dfeb080c7ad290d63e3afe983729927b2f15c6705861070,9.0,Godfather,banker,,com.cruziero.bumaree,2024-10-31 19:07:21+00:00,eligible_current_governed,1ce2a392dd2c1df22dfeb080c7ad290d63e3afe983729927b2f15c6705861070,9.0,Godfather,banker,,com.cruziero.bumaree,2024-10-31 19:07:21+00:00,True,True,True
742,1cfce7df49ce5dc37d655d80481a3a6637d2e7daff09ceede9d8165fae0fce5f,8.0,EventBot,banker,,com.c9add49f.bdd9c4fd99e1ac88.e52f12637cda,2020-04-22 11:25:16+00:00,below_min_samples_per_family,,,,,,,,True,False,True
743,1d3837e60b60bb3beca63ad04bd79d2fd91cc08d64b70f3063e6bd61873cde47,3.0,Cerberus,banker,,oqpdqnhhiiaz.maozhkzfsfwsfcesqd.oadlydbycnweksx,2020-03-25 04:07:35+00:00,eligible_current_governed,1d3837e60b60bb3beca63ad04bd79d2fd91cc08d64b70f3063e6bd61873cde47,3.0,Cerberus,banker,,oqpdqnhhiiaz.maozhkzfsfwsfcesqd.oadlydbycnweksx,2020-03-25 04:07:35+00:00,False,True,True
745,1d58307b2e35e7fbd48fb7e312aee16d6cf5d9024d17a0350da969cd14679f3a,51.0,Applite,banker,,com.reyiwigu.option,2024-12-05 07:11:18+00:00,eligible_current_governed,1d58307b2e35e7fbd48fb7e312aee16d6cf5d9024d17a0350da969cd14679f3a,51.0,Applite,banker,,com.reyiwigu.option,2024-12-05 07:11:18+00:00,True,True,True
746,1d66dc652e3740a3fff4ec1ddefa923faec50a35cba8cd60219d7010fda888d4,15.0,GoldDigger,banker,,com.trinsmalw.ownnhavysz,2023-08-28 00:00:00+00:00,eligible_current_governed,1d66dc652e3740a3fff4ec1ddefa923faec50a35cba8cd60219d7010fda888d4,15.0,GoldDigger,banker,,com.trinsmalw.ownnhavysz,2023-08-28 00:00:00+00:00,True,True,True
749,1db18346e3abb978c9e210324a521c1871324aaea4e8a8bc64efbac29a63fd86,46.0,Joker,banker,,com.times.backgiydnoty,2021-03-13 13:52:34+00:00,eligible_current_governed,1db18346e3abb978c9e210324a521c1871324aaea4e8a8bc64efbac29a63fd86,46.0,Joker,banker,,com.times.backgiydnoty,2021-03-13 13:52:34+00:00,True,True,True
750,1e2cf6e77647a424dc3f290fd663e528e03de37133ae07742e597d35bc917841,7.0,Chameleon,banker,,com.edge.mutual,2023-01-01 14:04:38+00:00,below_min_samples_per_family,,,,,,,,True,False,True
753,1f0e2b0a9ede1f1b99764e79b49f9ec8f709da7b0ac501ce3505b7db9fe25caa,51.0,Applite,banker,,com.redewabobo.ASCII,2024-11-26 21:10:31+00:00,eligible_current_governed,1f0e2b0a9ede1f1b99764e79b49f9ec8f709da7b0ac501ce3505b7db9fe25caa,51.0,Applite,banker,,com.redewabobo.ASCII,2024-11-26 21:10:31+00:00,True,True,True
755,1f64ac46acf98d8bc6599d0a442420792c6ec2edd1d18536f77af524e57ec518,51.0,Applite,banker,,com.foyixe.shell,2024-12-04 23:03:45+00:00,eligible_current_governed,1f64ac46acf98d8bc6599d0a442420792c6ec2edd1d18536f77af524e57ec518,51.0,Applite,banker,,com.foyixe.shell,2024-12-04 23:03:45+00:00,True,True,True
756,1f7c6494cbc4b52a39c7f36049766e8e183bf21996c6ff088422d409e3677d81,45.0,PixPirate,banker,,com.jacket.behalf,2022-12-16 20:52:57+00:00,eligible_current_governed,1f7c6494cbc4b52a39c7f36049766e8e183bf21996c6ff088422d409e3677d81,45.0,PixPirate,banker,,com.jacket.behalf,2022-12-16 20:52:57+00:00,True,True,True
759,1fc81b03703d64339d1417a079720bf0480fece3d017c303d88d18c70c7aabc3,13.0,Vultur,banker,,com.medical.balance,2024-03-30 00:00:00+00:00,eligible_current_governed,1fc81b03703d64339d1417a079720bf0480fece3d017c303d88d18c70c7aabc3,13.0,Vultur,banker,,com.medical.balance,2024-03-30 00:00:00+00:00,True,True,True
760,200d2982befe9cf76a83082e423757e7ac8c80aa5c0adf19151171b586615d3c,44.0,Irata,banker,,ir.shz.shzkisi,2022-08-24 19:54:34+00:00,eligible_current_governed,200d2982befe9cf76a83082e423757e7ac8c80aa5c0adf19151171b586615d3c,44.0,Irata,banker,,ir.shz.shzkisi,2022-08-24 19:54:34+00:00,True,True,True
764,20650952b0b5e91a3fa72dfea17aa6ecd552c69b2441c6b37f61713d83d6c3a4,44.0,Irata,banker,,ir.shz.shzkisi,2022-08-12 18:11:13+00:00,eligible_current_governed,20650952b0b5e91a3fa72dfea17aa6ecd552c69b2441c6b37f61713d83d6c3a4,44.0,Irata,banker,,ir.shz.shzkisi,2022-08-12 18:11:13+00:00,True,True,True
766,20b0f72cf58930a4eca482ac3f3ba4ba8425f030d6e4f9b6124b1e7b9239e5e4,44.0,Irata,banker,,com.rez.ir,2022-05-10 11:53:21+00:00,eligible_current_governed,20b0f72cf58930a4eca482ac3f3ba4ba8425f030d6e4f9b6124b1e7b9239e5e4,44.0,Irata,banker,,com.rez.ir,2022-05-10 11:53:21+00:00,True,True,True
767,20bdd98f6997e02a99a2c6f888fed2adb42831e64af6dd5bfece8658dde33de5,51.0,Applite,banker,,com.rugiyuwi.ASCII,2024-11-10 20:47:00+00:00,eligible_current_governed,20bdd98f6997e02a99a2c6f888fed2adb42831e64af6dd5bfece8658dde33de5,51.0,Applite,banker,,com.rugiyuwi.ASCII,2024-11-10 20:47:00+00:00,True,True,True
768,20e8688726e843e9119b33be88ef642cb646f1163dce4109b8b8a2c792b5f9fc,5.0,SharkBot,banker,,com.abbondioendrizzi.tools.supercleaner,2022-03-04 05:18:10+00:00,below_min_samples_per_family,,,,,,,,True,False,True
769,2124777f710199d4051c9d67185dc4dbb55252d65b57642222eee444c5c06d88,18.0,SOVA,banker,,com.cngegvutkpq.fixfsdf.hdn,2021-10-28 13:42:36+00:00,below_min_samples_per_family,,,,,,,,True,False,True
770,214a576b46241bdf76bb4dbeacc7a456905eacd345fc515e0b38d6976c271168,40.0,Xenomorph,banker,,hdkjvi.looawt.fpfzys,2022-08-10 10:09:23+00:00,below_min_samples_per_family,,,,,,,,True,False,True
771,214b05fd9b0f4c7536978e40a82807416bede838d21d96d7fe6d02a319de33d5,44.0,Irata,banker,,ir.shz.shzkisi,2022-07-28 13:34:18+00:00,eligible_current_governed,214b05fd9b0f4c7536978e40a82807416bede838d21d96d7fe6d02a319de33d5,44.0,Irata,banker,,ir.shz.shzkisi,2022-07-28 13:34:18+00:00,True,True,True
774,2157a24f1a6a326007eafece5d54d7e1bcebd6781c49ccfc92e4f26f9922d4f8,44.0,Irata,banker,,realrat.siqe.holo,2022-07-06 22:14:04+00:00,eligible_current_governed,2157a24f1a6a326007eafece5d54d7e1bcebd6781c49ccfc92e4f26f9922d4f8,44.0,Irata,banker,,realrat.siqe.holo,2022-07-06 22:14:04+00:00,True,True,True
775,218c6e2327c8342192dc58c6e793fc3d5cba7f15e4b2f188c98cd4ba48bf244a,5.0,SharkBot,banker,,com.ltdevelopergroups.litecleaner.m,2022-09-13 13:19:15+00:00,below_min_samples_per_family,,,,,,,,True,False,True
777,21e6a699b58dc20e84f4aa9a39b2adadaa81712a5d697b2d1c42faea4f981738,14.0,TgToxic,banker,,com.lqfrjz.ktnaepom,2023-01-18 05:58:07+00:00,eligible_current_governed,21e6a699b58dc20e84f4aa9a39b2adadaa81712a5d697b2d1c42faea4f981738,14.0,TgToxic,banker,,com.lqfrjz.ktnaepom,2023-01-18 05:58:07+00:00,True,True,True
779,22025590bbb4d3a30658fea45a936b6a346479c83d1c35f85521a1ac564342a0,4.0,FluBot,banker,,com.eg.android.AlipayGphone,2021-05-11 00:00:00+00:00,eligible_current_governed,22025590bbb4d3a30658fea45a936b6a346479c83d1c35f85521a1ac564342a0,4.0,FluBot,banker,,com.eg.android.AlipayGphone,2021-05-11 00:00:00+00:00,True,True,True
780,22046aaef8a6439d1f5f2980b4d6282e7b69e98c95a0f52010d8953f0cb5e736,53.0,Copybara,banker,,com.chebanca.tokenapp,2024-01-10 21:42:08+00:00,eligible_current_governed,22046aaef8a6439d1f5f2980b4d6282e7b69e98c95a0f52010d8953f0cb5e736,53.0,Copybara,banker,,com.chebanca.tokenapp,2024-01-10 21:42:08+00:00,False,True,True
781,2213a4d0a8d3752ce6edde18c2562478dc73c2c618842ca7b158282a0e525972,4.0,FluBot,banker,,com.tencent.mobileqq,2022-01-26 14:35:29+00:00,eligible_current_governed,2213a4d0a8d3752ce6edde18c2562478dc73c2c618842ca7b158282a0e525972,4.0,FluBot,banker,,com.tencent.mobileqq,2022-01-26 14:35:29+00:00,True,True,True
782,221ad4c97a6fd1a051c623f68de21a4ce67a46d543fdaf4f9ab5e5ffade3efc9,44.0,Irata,banker,,com.zeroone.divaraop,2022-07-15 00:00:00+00:00,eligible_current_governed,221ad4c97a6fd1a051c623f68de21a4ce67a46d543fdaf4f9ab5e5ffade3efc9,44.0,Irata,banker,,com.zeroone.divaraop,2022-07-15 00:00:00+00:00,True,True,True
787,22988cbb286f387036ced6fca6bb72b9f5e326706ad99065bc04bb8cb5dc4a12,53.0,Copybara,banker,,com.chebancaapk.tokenapp,2024-01-09 13:04:42+00:00,eligible_current_governed,22988cbb286f387036ced6fca6bb72b9f5e326706ad99065bc04bb8cb5dc4a12,53.0,Copybara,banker,,com.chebancaapk.tokenapp,2024-01-09 13:04:42+00:00,False,True,True
789,22f4650621fea7a4deab4742626139d2e6840a9956285691b2942b69fef0ab22,57.0,SpyLoan,spyware,,com.voscp.rapido,2024-12-03 00:00:00+00:00,eligible_current_governed,22f4650621fea7a4deab4742626139d2e6840a9956285691b2942b69fef0ab22,57.0,SpyLoan,spyware,,com.voscp.rapido,2024-12-03 00:00:00+00:00,True,True,True
799,245c4e3094d8ab2b49aede3d9a80ce288e07bc253fe1dae85ffa19d05dfc13d9,45.0,PixPirate,banker,,com.stupid.recognize,2023-01-12 17:54:36+00:00,eligible_current_governed,245c4e3094d8ab2b49aede3d9a80ce288e07bc253fe1dae85ffa19d05dfc13d9,45.0,PixPirate,banker,,com.stupid.recognize,2023-01-12 17:54:36+00:00,True,True,True
803,24a58d1168d02009c97095e75387765e63b320a0dde1f8a9a7c8e3689a3f6dfb,53.0,Copybara,banker,,com.gchrome,2023-12-24 11:57:03+00:00,eligible_current_governed,24a58d1168d02009c97095e75387765e63b320a0dde1f8a9a7c8e3689a3f6dfb,53.0,Copybara,banker,,com.gchrome,2023-12-24 11:57:03+00:00,False,True,True
804,24c99bef009b883c710012b648e4da306e0befc9afa1b7c060c0870ec0aa5c63,51.0,Applite,banker,,com.xomuzitu.auto,2024-12-08 09:45:28+00:00,eligible_current_governed,24c99bef009b883c710012b648e4da306e0befc9afa1b7c060c0870ec0aa5c63,51.0,Applite,banker,,com.xomuzitu.auto,2024-12-08 09:45:28+00:00,True,True,True
813,259e88f593a3df5cf14924eec084d904877953c4a78ed4a2bc9660a2eaabb20b,40.0,Xenomorph,banker,,com.mtnyrvojt.qtbxtwjnq,2023-09-04 07:04:42+00:00,below_min_samples_per_family,,,,,,,,True,False,True
815,25d18783926032ee186145d06d11baeca91440235ff9c443ef27ba000ff9930f,16.0,Crocodilus,banker,,maturity.stunner.blip.shrapnel,2024-11-25 11:57:16+00:00,eligible_current_governed,25d18783926032ee186145d06d11baeca91440235ff9c443ef27ba000ff9930f,16.0,Crocodilus,banker,,maturity.stunner.blip.shrapnel,2024-11-25 11:57:16+00:00,True,True,True
817,25e2a148a586acc6b741a64f42c618796a08ec9745eb3d1170acabf9e732a366,5.0,SharkBot,banker,,com.victorsoftice.llc,2022-11-10 00:01:02+00:00,below_min_samples_per_family,,,,,,,,True,False,True
820,26410eaa2e9ce793184ca7b9b88fb7feabfa50d16deada7c0768d019e64328ec,44.0,Irata,banker,,ir.pardakht,2022-05-16 00:00:00+00:00,eligible_current_governed,26410eaa2e9ce793184ca7b9b88fb7feabfa50d16deada7c0768d019e64328ec,44.0,Irata,banker,,ir.pardakht,2022-05-16 00:00:00+00:00,True,True,True
821,2652bd208ccd07637d7be824570290e700d8d6eb39193c431948bcf17af4a19c,44.0,Irata,banker,,ir.pardakht.xd,2022-07-02 08:43:17+00:00,eligible_current_governed,2652bd208ccd07637d7be824570290e700d8d6eb39193c431948bcf17af4a19c,44.0,Irata,banker,,ir.pardakht.xd,2022-07-02 08:43:17+00:00,True,True,True
824,26c3e6c0c4c145fa9c0852d4e48e60c7ba273774bf63873b6621f15b2aaea875,14.0,TgToxic,banker,,com.eporner.epang,2022-11-26 07:27:54+00:00,eligible_current_governed,26c3e6c0c4c145fa9c0852d4e48e60c7ba273774bf63873b6621f15b2aaea875,14.0,TgToxic,banker,,com.eporner.epang,2022-11-26 07:27:54+00:00,True,True,True
827,26f9e19c2a82d2ed4d940c2ec535ff2aba8583ae3867502899a7790fe3628400,13.0,Vultur,banker,,com.wsandroid.suite,2024-04-01 00:00:00+00:00,eligible_current_governed,26f9e19c2a82d2ed4d940c2ec535ff2aba8583ae3867502899a7790fe3628400,13.0,Vultur,banker,,com.wsandroid.suite,2024-04-01 00:00:00+00:00,True,True,True
830,271823128ad4bf36e47d277438bdd2e51f2f6d7ff7f55ca6ca0db35f262ee532,54.0,FatBoyPanel,banker,,,2024-05-13 15:35:22+00:00,eligible_current_governed,271823128ad4bf36e47d277438bdd2e51f2f6d7ff7f55ca6ca0db35f262ee532,54.0,FatBoyPanel,banker,,,2024-05-13 15:35:22+00:00,False,True,True
831,272609de379a56fbc5287cc5b7dd6d8a87c32273486ad936bd6767299958d0b2,45.0,PixPirate,banker,,com.angle.tide,2023-01-08 19:30:45+00:00,eligible_current_governed,272609de379a56fbc5287cc5b7dd6d8a87c32273486ad936bd6767299958d0b2,45.0,PixPirate,banker,,com.angle.tide,2023-01-08 19:30:45+00:00,True,True,True
832,276200e8e7115199ff16dd4e7435a1668e2fd9e675daad63e7351b80174014f6,45.0,PixPirate,banker,,com.regard.rich,2023-01-16 12:32:02+00:00,eligible_current_governed,276200e8e7115199ff16dd4e7435a1668e2fd9e675daad63e7351b80174014f6,45.0,PixPirate,banker,,com.regard.rich,2023-01-16 12:32:02+00:00,True,True,True
833,27743ab447cb3731d816afb7a4cecc73023efc4cd4a65b6faf3aadfd59f1768e,57.0,SpyLoan,spyware,,com.pret.loan.ligne.personnel,2024-12-03 00:00:00+00:00,eligible_current_governed,27743ab447cb3731d816afb7a4cecc73023efc4cd4a65b6faf3aadfd59f1768e,57.0,SpyLoan,spyware,,com.pret.loan.ligne.personnel,2024-12-03 00:00:00+00:00,True,True,True
836,27a739d802e34dace763ff8ccb685b176632d9f552ae2e9fe6a900b6379269da,14.0,TgToxic,banker,,com.vtrvw.xkfus,2022-10-09 20:30:28+00:00,eligible_current_governed,27a739d802e34dace763ff8ccb685b176632d9f552ae2e9fe6a900b6379269da,14.0,TgToxic,banker,,com.vtrvw.xkfus,2022-10-09 20:30:28+00:00,True,True,True
838,28323f93a6657363a0637341358303485d2cf240995457fc8393fb6b74f10d30,53.0,Copybara,banker,,com.bnlapppnuova.scarica,2024-02-09 11:04:02+00:00,eligible_current_governed,28323f93a6657363a0637341358303485d2cf240995457fc8393fb6b74f10d30,53.0,Copybara,banker,,com.bnlapppnuova.scarica,2024-02-09 11:04:02+00:00,False,True,True
839,2838aea8d512225c0e22cd3c29da1e0b2787b5b4aed797253928d2e6889b3113,44.0,Irata,banker,,ir.shz.shzkisi,2022-07-17 10:12:35+00:00,eligible_current_governed,2838aea8d512225c0e22cd3c29da1e0b2787b5b4aed797253928d2e6889b3113,44.0,Irata,banker,,ir.shz.shzkisi,2022-07-17 10:12:35+00:00,True,True,True
840,28534866fd54d7c6c1b2d36b9987130a2125ad94145689449ddfc24c2a74593e,44.0,Irata,banker,,com.hugo,2022-05-30 17:08:42+00:00,eligible_current_governed,28534866fd54d7c6c1b2d36b9987130a2125ad94145689449ddfc24c2a74593e,44.0,Irata,banker,,com.hugo,2022-05-30 17:08:42+00:00,True,True,True
841,286588af8bfc9f8476b8db7eca5fe191fa2cf6f69e89fc08b302c6d557f595d9,51.0,Applite,banker,,com.kuxidibe.method,2024-12-03 04:23:14+00:00,eligible_current_governed,286588af8bfc9f8476b8db7eca5fe191fa2cf6f69e89fc08b302c6d557f595d9,51.0,Applite,banker,,com.kuxidibe.method,2024-12-03 04:23:14+00:00,True,True,True
842,286c8a0e2579da1e8a57a92a285b24d1c14e61ed2d0c3bcc2e320242a1c6cd24,45.0,PixPirate,banker,,com.join.candy,2023-01-27 15:32:04+00:00,eligible_current_governed,286c8a0e2579da1e8a57a92a285b24d1c14e61ed2d0c3bcc2e320242a1c6cd24,45.0,PixPirate,banker,,com.join.candy,2023-01-27 15:32:04+00:00,True,True,True
845,292a7b8d4cbf7c3b0ea807cbd954018c10404f08a05183adc6ceac55da6c72c0,44.0,Irata,banker,,ir.shz.shzkisi,2022-10-06 00:00:00+00:00,eligible_current_governed,292a7b8d4cbf7c3b0ea807cbd954018c10404f08a05183adc6ceac55da6c72c0,44.0,Irata,banker,,ir.shz.shzkisi,2022-10-06 00:00:00+00:00,True,True,True
851,29fbcfcc6a9a84b7987603355d087e659fdb10876150c9e2a1096110b4cff395,56.0,XRat,rat,,com.dadada,2022-01-04 00:00:00+00:00,eligible_current_governed,29fbcfcc6a9a84b7987603355d087e659fdb10876150c9e2a1096110b4cff395,56.0,XRat,rat,,com.dadada,2022-01-04 00:00:00+00:00,True,True,True
853,2a5d05a6bfb3a73a91d88c15384c9b384d9309e8db0ed4e348d1a85d0f6729db,53.0,Copybara,banker,,future.richs,2023-11-24 06:00:47+00:00,eligible_current_governed,2a5d05a6bfb3a73a91d88c15384c9b384d9309e8db0ed4e348d1a85d0f6729db,53.0,Copybara,banker,,future.richs,2023-11-24 06:00:47+00:00,False,True,True
854,2a97ed20f1ae2ea5ef2b162d61279b2f9b68eba7cf27920e2a82a115fd68e31f,13.0,Vultur,banker,,com.exvpn.fastvpn,2024-01-23 00:00:00+00:00,eligible_current_governed,2a97ed20f1ae2ea5ef2b162d61279b2f9b68eba7cf27920e2a82a115fd68e31f,13.0,Vultur,banker,,com.exvpn.fastvpn,2024-01-23 00:00:00+00:00,True,True,True
855,2abbe8b9f17f5fe0e9bdf00ae6290de1a7fc16c14458face57b2502140faec5f,45.0,PixPirate,banker,,com.medical.seem,2023-01-21 04:01:26+00:00,eligible_current_governed,2abbe8b9f17f5fe0e9bdf00ae6290de1a7fc16c14458face57b2502140faec5f,45.0,PixPirate,banker,,com.medical.seem,2023-01-21 04:01:26+00:00,True,True,True
858,2aed15fcb4525c15bacc1da9e09fae61a0844214e3040ecb8dcf3ddd0cee06bf,51.0,Applite,banker,,com.catugo.auto,2024-12-05 07:11:21+00:00,eligible_current_governed,2aed15fcb4525c15bacc1da9e09fae61a0844214e3040ecb8dcf3ddd0cee06bf,51.0,Applite,banker,,com.catugo.auto,2024-12-05 07:11:21+00:00,True,True,True
859,2afc13957baf973fb9ed15021ca7610383c99e0a3933c736ef18c0d776e39473,44.0,Irata,banker,,Caco333.siqe.holo,2022-05-28 17:01:13+00:00,eligible_current_governed,2afc13957baf973fb9ed15021ca7610383c99e0a3933c736ef18c0d776e39473,44.0,Irata,banker,,Caco333.siqe.holo,2022-05-28 17:01:13+00:00,True,True,True
860,2b1b527b87929a13f0c33391c641b3013da099fd7de10695d762da097bc13ffc,9.0,Godfather,banker,,com.coshing.refitted,2024-10-27 00:01:48+00:00,eligible_current_governed,2b1b527b87929a13f0c33391c641b3013da099fd7de10695d762da097bc13ffc,9.0,Godfather,banker,,com.coshing.refitted,2024-10-27 00:01:48+00:00,True,True,True
861,2b87e5658acf8aec90c060d6dcd70ca861379896485ec38837154b2ea1a51e4b,45.0,PixPirate,banker,,com.permit.particular,2023-02-15 19:34:18+00:00,eligible_current_governed,2b87e5658acf8aec90c060d6dcd70ca861379896485ec38837154b2ea1a51e4b,45.0,PixPirate,banker,,com.permit.particular,2023-02-15 19:34:18+00:00,True,True,True
865,2baf0bee55b7686649378ea71c8524ec46e8b8f5c1f9dc63c18e9589c091bcbf,54.0,FatBoyPanel,banker,,com.com.com.jdskjhd.texiaxisrahulbhai,2024-02-02 15:30:21+00:00,eligible_current_governed,2baf0bee55b7686649378ea71c8524ec46e8b8f5c1f9dc63c18e9589c091bcbf,54.0,FatBoyPanel,banker,,com.com.com.jdskjhd.texiaxisrahulbhai,2024-02-02 15:30:21+00:00,False,True,True
870,2cc727c4249235f36bbc5024d5a5cb708c0f6d3659151afc5ae5d42d55212cb5,17.0,Ermac,banker,,com.kototomumeci.nacipiyi,2022-05-16 21:24:38+00:00,below_min_samples_per_family,,,,,,,,True,False,True
872,2d0145493ff634b9a1430bdd0c7e6a6abe6f853609086c07d2bcfbec4d0abe5f,14.0,TgToxic,banker,,com.mezwyh.owuftjkv,2022-12-15 03:12:05+00:00,eligible_current_governed,2d0145493ff634b9a1430bdd0c7e6a6abe6f853609086c07d2bcfbec4d0abe5f,14.0,TgToxic,banker,,com.mezwyh.owuftjkv,2022-12-15 03:12:05+00:00,True,True,True
875,2d70c9887d1c135d5b39739018742dae6423adb55a112a0a08bfcd98a98a862a,19.0,TrickMo,banker,,bera.tros179.lowb,2024-10-14 00:00:00+00:00,eligible_current_governed,2d70c9887d1c135d5b39739018742dae6423adb55a112a0a08bfcd98a98a862a,19.0,TrickMo,banker,,bera.tros179.lowb,2024-10-14 00:00:00+00:00,True,True,True
879,2de4f4757e641597145f698299cd85c219c2f1136964bea8a832e5488c4f4d01,18.0,SOVA,banker,,com.xie.nqahkpy.yvs,2021-09-13 16:08:48+00:00,below_min_samples_per_family,,,,,,,,True,False,True
880,2deb5aec5a8cc96638d22f02c6488bf58de581d0cbdf8ae20a71f1515dbeda71,19.0,TrickMo,banker,,d2.d2.d2,2024-04-26 00:00:00+00:00,eligible_current_governed,2deb5aec5a8cc96638d22f02c6488bf58de581d0cbdf8ae20a71f1515dbeda71,19.0,TrickMo,banker,,d2.d2.d2,2024-04-26 00:00:00+00:00,True,True,True
884,2ea484422b59a2736a84d32148486bf2a356d698d8929423e3821e832b4c2c86,7.0,Chameleon,banker,,com.cement.bullet,2023-01-02 10:51:04+00:00,below_min_samples_per_family,,,,,,,,True,False,True
885,2ed08ecd73722beb8c7312a1423d1a4514fa2138259a3802e209125e6b44ea11,54.0,FatBoyPanel,banker,,com.blood.smsrecevier,2024-06-07 16:06:24+00:00,eligible_current_governed,2ed08ecd73722beb8c7312a1423d1a4514fa2138259a3802e209125e6b44ea11,54.0,FatBoyPanel,banker,,com.blood.smsrecevier,2024-06-07 16:06:24+00:00,False,True,True
887,2f31b81a5cd11934b07713bd8c19aff04c0968e1640e3e8fc6cbf10aca4d4092,44.0,Irata,banker,,caco333.ca,2021-09-21 10:13:15+00:00,eligible_current_governed,2f31b81a5cd11934b07713bd8c19aff04c0968e1640e3e8fc6cbf10aca4d4092,44.0,Irata,banker,,caco333.ca,2021-09-21 10:13:15+00:00,True,True,True
890,2febcda6766ba2759cbf4c4af0199b34835d3cdbfd6787d32529db9306acf76c,51.0,Applite,banker,,com.megulegu.advanced,2024-12-13 09:09:31+00:00,eligible_current_governed,2febcda6766ba2759cbf4c4af0199b34835d3cdbfd6787d32529db9306acf76c,51.0,Applite,banker,,com.megulegu.advanced,2024-12-13 09:09:31+00:00,True,True,True
891,301a7c550a8ea027162eabde98092b076ba5b0799d3400c635558213e2901c1e,45.0,PixPirate,banker,,com.other.found,2023-01-23 11:47:06+00:00,eligible_current_governed,301a7c550a8ea027162eabde98092b076ba5b0799d3400c635558213e2901c1e,45.0,PixPirate,banker,,com.other.found,2023-01-23 11:47:06+00:00,True,True,True
895,310c37f4a6d29267bf5c302d1652063b3242b67dc5120d0e6c42a958cac2a3b1,51.0,Applite,banker,,com.voledahi.key,2024-12-03 19:24:11+00:00,eligible_current_governed,310c37f4a6d29267bf5c302d1652063b3242b67dc5120d0e6c42a958cac2a3b1,51.0,Applite,banker,,com.voledahi.key,2024-12-03 19:24:11+00:00,True,True,True
896,314de858ed8d816213020c71ef78a8c4616bac91a171349b703e44747832fca3,46.0,Joker,banker,,com.beautyplus.excetwa.camera,2021-03-02 18:03:48+00:00,eligible_current_governed,314de858ed8d816213020c71ef78a8c4616bac91a171349b703e44747832fca3,46.0,Joker,banker,,com.beautyplus.excetwa.camera,2021-03-02 18:03:48+00:00,True,True,True
898,3199161e3a2181440f899387c3d707ae99b9fbc4893036ee464de3418a3235d5,51.0,Applite,banker,,com.pitaku.share,2024-12-12 08:56:08+00:00,eligible_current_governed,3199161e3a2181440f899387c3d707ae99b9fbc4893036ee464de3418a3235d5,51.0,Applite,banker,,com.pitaku.share,2024-12-12 08:56:08+00:00,True,True,True
900,31dd9d7230683bfa08cd47699cec0ed547f527119f21dc55c5ca2d1160cdf607,44.0,Irata,banker,,Caco333.siqe.holo,2022-07-14 00:00:00+00:00,eligible_current_governed,31dd9d7230683bfa08cd47699cec0ed547f527119f21dc55c5ca2d1160cdf607,44.0,Irata,banker,,Caco333.siqe.holo,2022-07-14 00:00:00+00:00,True,True,True
902,3265bb93f92b602fd871a36eaca22e1e1df8ad8ba0fb4d7b3f86d4f5e74d523e,56.0,XRat,rat,,com.dadada,2022-01-04 00:00:00+00:00,eligible_current_governed,3265bb93f92b602fd871a36eaca22e1e1df8ad8ba0fb4d7b3f86d4f5e74d523e,56.0,XRat,rat,,com.dadada,2022-01-04 00:00:00+00:00,True,True,True
907,32c1cba4b2147929bdcfffba91f25bd578338c41206963e509c66a463ea20d03,14.0,TgToxic,banker,,com.mezwyh.owuftjkv,2023-01-01 09:17:28+00:00,eligible_current_governed,32c1cba4b2147929bdcfffba91f25bd578338c41206963e509c66a463ea20d03,14.0,TgToxic,banker,,com.mezwyh.owuftjkv,2023-01-01 09:17:28+00:00,True,True,True
908,32e39963f71cdb20c59382aefb19b2cfa3fb2527f15e12dedf587a8329e30f95,19.0,TrickMo,banker,,mendie.mold390.sfor,2024-10-14 00:00:00+00:00,eligible_current_governed,32e39963f71cdb20c59382aefb19b2cfa3fb2527f15e12dedf587a8329e30f95,19.0,TrickMo,banker,,mendie.mold390.sfor,2024-10-14 00:00:00+00:00,True,True,True
909,32f3e0b60e01f2c3c4052ad02e2a64bb347d88779289f70b29ec72f134246861,56.0,XRat,rat,,com.dadada,2022-01-04 00:00:00+00:00,eligible_current_governed,32f3e0b60e01f2c3c4052ad02e2a64bb347d88779289f70b29ec72f134246861,56.0,XRat,rat,,com.dadada,2022-01-04 00:00:00+00:00,True,True,True
912,335ec65995c259ac9e9158f8db2fa1672ebce04fbb88b429936e1f46495aeb4e,54.0,FatBoyPanel,banker,,,2024-02-28 14:02:06+00:00,eligible_current_governed,335ec65995c259ac9e9158f8db2fa1672ebce04fbb88b429936e1f46495aeb4e,54.0,FatBoyPanel,banker,,,2024-02-28 14:02:06+00:00,False,True,True
914,33b8b15f6aeae4a55499b35b902fb7128d384812938e1a8f34b5a3cb8e362b3a,44.0,Irata,banker,,com.test,2022-08-21 00:00:00+00:00,eligible_current_governed,33b8b15f6aeae4a55499b35b902fb7128d384812938e1a8f34b5a3cb8e362b3a,44.0,Irata,banker,,com.test,2022-08-21 00:00:00+00:00,True,True,True
916,33caacb5f9d7cad086a5e929f79eb099d30ecd88f9c908fbf3441b1dfc8594af,51.0,Applite,banker,,com.yulema.aggregation,2024-12-09 15:19:48+00:00,eligible_current_governed,33caacb5f9d7cad086a5e929f79eb099d30ecd88f9c908fbf3441b1dfc8594af,51.0,Applite,banker,,com.yulema.aggregation,2024-12-09 15:19:48+00:00,True,True,True
919,3418ebeade4da847f240e6b20e19084b91fbecf99a2abc745ab9bd69d59603b7,54.0,FatBoyPanel,banker,,,2024-04-18 02:51:54+00:00,eligible_current_governed,3418ebeade4da847f240e6b20e19084b91fbecf99a2abc745ab9bd69d59603b7,54.0,FatBoyPanel,banker,,,2024-04-18 02:51:54+00:00,False,True,True
922,34d05d413ea29d643d06278c1454681adb15191b5d5c6e1c83ed54c93bed7e37,54.0,FatBoyPanel,banker,,,2024-07-31 12:24:04+00:00,eligible_current_governed,34d05d413ea29d643d06278c1454681adb15191b5d5c6e1c83ed54c93bed7e37,54.0,FatBoyPanel,banker,,,2024-07-31 12:24:04+00:00,False,True,True
923,34dea1e16158303e2f0d5c731d4dccaadf31c137d0f3d82f12517e32a262be98,56.0,XRat,rat,,com.dadada,2022-01-04 00:00:00+00:00,eligible_current_governed,34dea1e16158303e2f0d5c731d4dccaadf31c137d0f3d82f12517e32a262be98,56.0,XRat,rat,,com.dadada,2022-01-04 00:00:00+00:00,True,True,True
924,34e51ca22a4c050d384c7c60afa8f510240c36a177cc5733f137e6509dcdd715,51.0,Applite,banker,,com.decako.aggregation,2024-12-10 07:52:01+00:00,eligible_current_governed,34e51ca22a4c050d384c7c60afa8f510240c36a177cc5733f137e6509dcdd715,51.0,Applite,banker,,com.decako.aggregation,2024-12-10 07:52:01+00:00,True,True,True
927,353ff4598f1a2fbfcadd0e0ee9ee3fe27725e351fd3825d896a6fef7325f2eaa,55.0,DoNot,spyware,,one.one.seven,2024-07-03 09:49:00+00:00,eligible_current_governed,353ff4598f1a2fbfcadd0e0ee9ee3fe27725e351fd3825d896a6fef7325f2eaa,55.0,DoNot,spyware,,one.one.seven,2024-07-03 09:49:00+00:00,True,True,True
928,355cd2b71db971dfb0fac1fc391eb4079e2b090025ca2cdc83d4a22a0ed8f082,44.0,Irata,banker,,realrat.siqe.holo,2022-05-04 20:55:53+00:00,eligible_current_governed,355cd2b71db971dfb0fac1fc391eb4079e2b090025ca2cdc83d4a22a0ed8f082,44.0,Irata,banker,,realrat.siqe.holo,2022-05-04 20:55:53+00:00,True,True,True
930,35a19197610ab7c121b329595739f99ee207d3990fbc93f13e3507efb6c7889c,51.0,Applite,banker,,com.xoposa.bind,2024-12-17 08:17:13+00:00,eligible_current_governed,35a19197610ab7c121b329595739f99ee207d3990fbc93f13e3507efb6c7889c,51.0,Applite,banker,,com.xoposa.bind,2024-12-17 08:17:13+00:00,True,True,True
935,360fbf0eef153c745ca790d7e2222f1c0ea6e3edcbd42fb16d30b2f24e4dc402,44.0,Irata,banker,,ir.pardakht.xd,2022-07-02 08:03:51+00:00,eligible_current_governed,360fbf0eef153c745ca790d7e2222f1c0ea6e3edcbd42fb16d30b2f24e4dc402,44.0,Irata,banker,,ir.pardakht.xd,2022-07-02 08:03:51+00:00,True,True,True
941,3704a4bea4687f28c981c063f2561f6453ae7a1a85b4e866790275941151c612,44.0,Irata,banker,,ir.shz.shzkisi,2022-08-25 17:17:03+00:00,eligible_current_governed,3704a4bea4687f28c981c063f2561f6453ae7a1a85b4e866790275941151c612,44.0,Irata,banker,,ir.shz.shzkisi,2022-08-25 17:17:03+00:00,True,True,True
942,375c3fc10047fc8d5ce3f404a5498488e6abc937e1d64edde11577d47b1b8d46,44.0,Irata,banker,,ir.seler.sie,2022-05-10 00:00:00+00:00,eligible_current_governed,375c3fc10047fc8d5ce3f404a5498488e6abc937e1d64edde11577d47b1b8d46,44.0,Irata,banker,,ir.seler.sie,2022-05-10 00:00:00+00:00,True,True,True
945,37ac15f552aa23de08b0ab3ea6913306f1e1f9d62d93e59fb80cda7c9e5dc2f0,19.0,TrickMo,banker,,egan.in156.meo,2024-10-14 00:00:00+00:00,eligible_current_governed,37ac15f552aa23de08b0ab3ea6913306f1e1f9d62d93e59fb80cda7c9e5dc2f0,19.0,TrickMo,banker,,egan.in156.meo,2024-10-14 00:00:00+00:00,True,True,True
947,380abc14ee41ad14aaa1d01bed5b58eb61541bdb237388b72a2f8d8f86287427,15.0,GoldDigger,banker,,ckduidy.mmcrqs.bihqsqb,2023-10-06 00:00:00+00:00,eligible_current_governed,380abc14ee41ad14aaa1d01bed5b58eb61541bdb237388b72a2f8d8f86287427,15.0,GoldDigger,banker,,ckduidy.mmcrqs.bihqsqb,2023-10-06 00:00:00+00:00,True,True,True
950,38386f4fabd0bc7f7065eaee818717e89772fb3b1a3744df754c45778e353f70,9.0,Godfather,banker,,com.signnow.android,2022-09-11 17:08:03+00:00,eligible_current_governed,38386f4fabd0bc7f7065eaee818717e89772fb3b1a3744df754c45778e353f70,9.0,Godfather,banker,,com.signnow.android,2022-09-11 17:08:03+00:00,True,True,True
951,385360a72a60dbadf7260dbd618229bbd57a8022c80d45b853ed82a84aae7217,44.0,Irata,banker,,ir.shz.shzkisi,2022-08-12 11:01:54+00:00,eligible_current_governed,385360a72a60dbadf7260dbd618229bbd57a8022c80d45b853ed82a84aae7217,44.0,Irata,banker,,ir.shz.shzkisi,2022-08-12 11:01:54+00:00,True,True,True
952,3866dcc23ba9767e5622284fa50a34d3271160ce5a6f3322a0c9fa6329192ca3,45.0,PixPirate,banker,,com.rod.skim,2022-12-06 07:36:41+00:00,eligible_current_governed,3866dcc23ba9767e5622284fa50a34d3271160ce5a6f3322a0c9fa6329192ca3,45.0,PixPirate,banker,,com.rod.skim,2022-12-06 07:36:41+00:00,True,True,True
953,386ce407ac4710a19f30c441e1affb9e0f145c87b8f0b20601cf6303ab4d0380,51.0,Applite,banker,,com.kujivovudo.freeware,2024-11-12 08:08:00+00:00,eligible_current_governed,386ce407ac4710a19f30c441e1affb9e0f145c87b8f0b20601cf6303ab4d0380,51.0,Applite,banker,,com.kujivovudo.freeware,2024-11-12 08:08:00+00:00,True,True,True
955,38abc4c446d2653ae95c0f1eb8103b3434924407d71b95062486d7e972d52074,45.0,PixPirate,banker,,com.endure.comprise,2023-03-02 16:07:05+00:00,eligible_current_governed,38abc4c446d2653ae95c0f1eb8103b3434924407d71b95062486d7e972d52074,45.0,PixPirate,banker,,com.endure.comprise,2023-03-02 16:07:05+00:00,True,True,True
965,39a9b6cef95e0c57b1178e4a5e2627b08bcb2ab12c79328087f304e941f4d112,44.0,Irata,banker,,ir.tox.shiz,2022-03-16 02:26:25+00:00,eligible_current_governed,39a9b6cef95e0c57b1178e4a5e2627b08bcb2ab12c79328087f304e941f4d112,44.0,Irata,banker,,ir.tox.shiz,2022-03-16 02:26:25+00:00,True,True,True
966,39b970b88f14edce68b21c496682ab250181df2ad0002447a585b8184e444954,44.0,Irata,banker,,normal.manoto,2022-05-19 18:39:27+00:00,eligible_current_governed,39b970b88f14edce68b21c496682ab250181df2ad0002447a585b8184e444954,44.0,Irata,banker,,normal.manoto,2022-05-19 18:39:27+00:00,True,True,True
968,3a0bef0a6a2cdcd12312a1aef5857330a5bca74d035d180759b056d7d92133b1,18.0,SOVA,banker,,com.xihihc.lxbebsu.uws,2021-09-13 17:26:58+00:00,below_min_samples_per_family,,,,,,,,True,False,True
970,3a4bdcb1071e8c29c62778101b7ae8746f3ee57cb1588e84d7ee1991964703e6,4.0,FluBot,banker,,com.eg.android.AlipayGphone,2021-05-11 00:00:00+00:00,eligible_current_governed,3a4bdcb1071e8c29c62778101b7ae8746f3ee57cb1588e84d7ee1991964703e6,4.0,FluBot,banker,,com.eg.android.AlipayGphone,2021-05-11 00:00:00+00:00,True,True,True
971,3a7235c2d35645e0d18ed84e36f3391795c800d925561074a60c34dda59c9e89,45.0,PixPirate,banker,,com.aviation.slow,2023-02-02 21:45:26+00:00,eligible_current_governed,3a7235c2d35645e0d18ed84e36f3391795c800d925561074a60c34dda59c9e89,45.0,PixPirate,banker,,com.aviation.slow,2023-02-02 21:45:26+00:00,True,True,True
973,3aa7e2353c2de16734f612eba7b43a2538d96f73702a6c25283d6ef0c9300a4c,9.0,Godfather,banker,,com.bufferrers.hydronephrosis,2024-10-31 20:05:01+00:00,eligible_current_governed,3aa7e2353c2de16734f612eba7b43a2538d96f73702a6c25283d6ef0c9300a4c,9.0,Godfather,banker,,com.bufferrers.hydronephrosis,2024-10-31 20:05:01+00:00,True,True,True
974,3aac8791673cf97fb6303470b4008f6fd8e12964c83ccd8873bff47b3d78890c,51.0,Applite,banker,,com.habapavu.common,2024-11-16 19:07:26+00:00,eligible_current_governed,3aac8791673cf97fb6303470b4008f6fd8e12964c83ccd8873bff47b3d78890c,51.0,Applite,banker,,com.habapavu.common,2024-11-16 19:07:26+00:00,True,True,True
976,3b06b04ea6feb51cc220fcf788b065e0a6ed3cafd9a04fc5d7f4915ed077239d,44.0,Irata,banker,,ir.iran.pardakhu,2022-08-21 19:43:24+00:00,eligible_current_governed,3b06b04ea6feb51cc220fcf788b065e0a6ed3cafd9a04fc5d7f4915ed077239d,44.0,Irata,banker,,ir.iran.pardakhu,2022-08-21 19:43:24+00:00,True,True,True
978,3b34df0dca88e266cdbeb874aa3314b50c87cf7dce46292934516cc6bd3822ce,51.0,Applite,banker,,com.nanudulawo.hardware,2024-12-09 20:31:36+00:00,eligible_current_governed,3b34df0dca88e266cdbeb874aa3314b50c87cf7dce46292934516cc6bd3822ce,51.0,Applite,banker,,com.nanudulawo.hardware,2024-12-09 20:31:36+00:00,True,True,True
979,3b66805144a14cb00bb58f41690e529c9e75b265faecbdb594c6c9f0f74892ed,45.0,PixPirate,banker,,com.ourselves.resort,2022-12-12 00:30:09+00:00,eligible_current_governed,3b66805144a14cb00bb58f41690e529c9e75b265faecbdb594c6c9f0f74892ed,45.0,PixPirate,banker,,com.ourselves.resort,2022-12-12 00:30:09+00:00,True,True,True
980,3b951817bde3a3c78db3c50b44a650ac6121e141f37a539057493efec1c10c2e,44.0,Irata,banker,,ir.shz.shzkisi,2022-07-24 03:19:49+00:00,eligible_current_governed,3b951817bde3a3c78db3c50b44a650ac6121e141f37a539057493efec1c10c2e,44.0,Irata,banker,,ir.shz.shzkisi,2022-07-24 03:19:49+00:00,True,True,True
982,3bd7b351269bc9acb9dfb96a379ab420fd698ad18adb29bef0139fca795fbc18,51.0,Applite,banker,,com.vihogeje.base,2024-11-04 00:01:57+00:00,eligible_current_governed,3bd7b351269bc9acb9dfb96a379ab420fd698ad18adb29bef0139fca795fbc18,51.0,Applite,banker,,com.vihogeje.base,2024-11-04 00:01:57+00:00,True,True,True
984,3bf82acb8d511bfef3e083b73136824aab3612b516f150d916fe351b7e5bc9d3,4.0,FluBot,banker,,com.eg.android.AlipayGphone,2021-05-11 00:00:00+00:00,eligible_current_governed,3bf82acb8d511bfef3e083b73136824aab3612b516f150d916fe351b7e5bc9d3,4.0,FluBot,banker,,com.eg.android.AlipayGphone,2021-05-11 00:00:00+00:00,True,True,True
987,3c52c96c8c8bddb4ff2165c9f2ffdefba23532f1c2b24c03fcf8049c84d613b6,48.0,Coper,banker,,mepi.tkin423.wild,2024-04-23 00:00:00+00:00,below_min_samples_per_family,,,,,,,,True,False,True
989,3cd63da17bedc26a23da915292efde97321003700017f0319742370b54de75ee,54.0,FatBoyPanel,banker,,com.com.com.jdskjhd.texiaxisrahulbhai,2024-02-18 03:44:55+00:00,eligible_current_governed,3cd63da17bedc26a23da915292efde97321003700017f0319742370b54de75ee,54.0,FatBoyPanel,banker,,com.com.com.jdskjhd.texiaxisrahulbhai,2024-02-18 03:44:55+00:00,False,True,True
990,3d0985b998595dbcf3f136765f362da9c6033e42bc3388d2a5d708ac3b2dcf70,44.0,Irata,banker,,com.ops.tm,2022-07-04 23:51:26+00:00,eligible_current_governed,3d0985b998595dbcf3f136765f362da9c6033e42bc3388d2a5d708ac3b2dcf70,44.0,Irata,banker,,com.ops.tm,2022-07-04 23:51:26+00:00,True,True,True
991,3d5795e57accde88a4fdc4b1f435a94f6fe603f5bd99b5f7f6a6bf62fd42306c,45.0,PixPirate,banker,,com.precious.mysterious,2023-01-23 11:31:18+00:00,eligible_current_governed,3d5795e57accde88a4fdc4b1f435a94f6fe603f5bd99b5f7f6a6bf62fd42306c,45.0,PixPirate,banker,,com.precious.mysterious,2023-01-23 11:31:18+00:00,True,True,True
996,3eb7efa71648ae819f1bff89399717805129487081e8261dd65bf596f2467054,18.0,SOVA,banker,,com.slhytrowb.wfxaicaiw,2022-05-23 12:13:19+00:00,below_min_samples_per_family,,,,,,,,True,False,True
1001,3f8d83c0c765f02ddd7df2825f5614da266c93a47efab21fa58a6aab31b906c4,36.0,SpyNote,rat,,yps.eton.application,2020-01-15 03:30:07+00:00,eligible_current_governed,3f8d83c0c765f02ddd7df2825f5614da266c93a47efab21fa58a6aab31b906c4,36.0,SpyNote,rat,,yps.eton.application,2020-01-15 03:30:07+00:00,True,True,True
1002,3f95b677291032ed516aaa7c0f741ee7fb5694e228aeb6be7e6f3e2fb7e7acae,19.0,TrickMo,banker,,picta.er790.stag,2024-04-12 00:00:00+00:00,eligible_current_governed,3f95b677291032ed516aaa7c0f741ee7fb5694e228aeb6be7e6f3e2fb7e7acae,19.0,TrickMo,banker,,picta.er790.stag,2024-04-12 00:00:00+00:00,True,True,True
1003,3f968739dd2e1524666d8db79bd9a76697258d5159d6203e5ffbcfbbb4dbe4cc,51.0,Applite,banker,,com.bahahowo.exabyte,2024-11-14 00:03:01+00:00,eligible_current_governed,3f968739dd2e1524666d8db79bd9a76697258d5159d6203e5ffbcfbbb4dbe4cc,51.0,Applite,banker,,com.bahahowo.exabyte,2024-11-14 00:03:01+00:00,True,True,True
1005,400cdf9d2ba1c5b5ffb511f840c9e174dbd35de2ddf58bd33392901a6c0f20ce,44.0,Irata,banker,,ir.shz.shzkisi,2022-08-14 09:08:15+00:00,eligible_current_governed,400cdf9d2ba1c5b5ffb511f840c9e174dbd35de2ddf58bd33392901a6c0f20ce,44.0,Irata,banker,,ir.shz.shzkisi,2022-08-14 09:08:15+00:00,True,True,True
1006,401f71ac168d9a6505b85ee57988edd8764f44cc513c15fb2dfacb5087679388,44.0,Irata,banker,,Caco333.siqe.holo,2022-08-02 12:46:54+00:00,eligible_current_governed,401f71ac168d9a6505b85ee57988edd8764f44cc513c15fb2dfacb5087679388,44.0,Irata,banker,,Caco333.siqe.holo,2022-08-02 12:46:54+00:00,True,True,True
1007,404457de554648e68210e624426341c03ecb200cdd1eb5ce1c4b808ce23b92f7,51.0,Applite,banker,,com.revohasi.concat,2024-10-26 00:02:07+00:00,eligible_current_governed,404457de554648e68210e624426341c03ecb200cdd1eb5ce1c4b808ce23b92f7,51.0,Applite,banker,,com.revohasi.concat,2024-10-26 00:02:07+00:00,True,True,True
1008,405f59afa642d503e1bb73c3fd322de9c295e686c697fb9f2af4c12e3b35d99f,51.0,Applite,banker,,com.yeduyetu.fill,2024-12-05 07:11:17+00:00,eligible_current_governed,405f59afa642d503e1bb73c3fd322de9c295e686c697fb9f2af4c12e3b35d99f,51.0,Applite,banker,,com.yeduyetu.fill,2024-12-05 07:11:17+00:00,True,True,True
1011,40b8532d331da24a8a92a86faf12b52f65f3e2730a412592b370ec94c2164034,44.0,Irata,banker,,ir.shz.shzkisi,2022-08-16 14:24:29+00:00,eligible_current_governed,40b8532d331da24a8a92a86faf12b52f65f3e2730a412592b370ec94c2164034,44.0,Irata,banker,,ir.shz.shzkisi,2022-08-16 14:24:29+00:00,True,True,True
1012,40c5f10ac2c03df570c0fe2ed80c5459ff5dc66eba2adadac11cfb2e244c89bb,36.0,SpyNote,rat,,yps.eton.application,2020-01-16 03:51:00+00:00,eligible_current_governed,40c5f10ac2c03df570c0fe2ed80c5459ff5dc66eba2adadac11cfb2e244c89bb,36.0,SpyNote,rat,,yps.eton.application,2020-01-16 03:51:00+00:00,True,True,True
1013,40df5d874ed86aa65454d3d7becc334b7ca2dcb11754f9131135071a98752691,53.0,Copybara,banker,,com.illimityapptoken.appapknew,2024-02-27 09:56:57+00:00,eligible_current_governed,40df5d874ed86aa65454d3d7becc334b7ca2dcb11754f9131135071a98752691,53.0,Copybara,banker,,com.illimityapptoken.appapknew,2024-02-27 09:56:57+00:00,False,True,True
1015,4117e78f010c0418105dd551b67aca9a9fde75daf929a2c94a46a649b698b9ef,44.0,Irata,banker,,ir.shz.Babsixii,2022-08-26 14:17:45+00:00,eligible_current_governed,4117e78f010c0418105dd551b67aca9a9fde75daf929a2c94a46a649b698b9ef,44.0,Irata,banker,,ir.shz.Babsixii,2022-08-26 14:17:45+00:00,True,True,True
1016,4122370cfa03b49526f1b16950d62b2169fb9a211c87613953f5cbfd158f860f,38.0,BankBot,banker,,bdzrbhopasbzlgaq.umfotcfhwksh.cejldcedgfmr,2020-03-22 21:17:18+00:00,eligible_current_governed,4122370cfa03b49526f1b16950d62b2169fb9a211c87613953f5cbfd158f860f,38.0,BankBot,banker,,bdzrbhopasbzlgaq.umfotcfhwksh.cejldcedgfmr,2020-03-22 21:17:18+00:00,False,True,True
1019,418ccad6a0d6909e451fa305660fee27b8b59f9f0b0415b1c22566e750af6a45,45.0,PixPirate,banker,,com.soup.temper,2023-02-20 11:40:36+00:00,eligible_current_governed,418ccad6a0d6909e451fa305660fee27b8b59f9f0b0415b1c22566e750af6a45,45.0,PixPirate,banker,,com.soup.temper,2023-02-20 11:40:36+00:00,True,True,True
1022,41b61acc644add0a40ec6dbda231ae41f9de478fbf8cc029bc89d95a2829a53e,53.0,Copybara,banker,,com.nuevacaixasign.app,2024-01-08 16:38:32+00:00,eligible_current_governed,41b61acc644add0a40ec6dbda231ae41f9de478fbf8cc029bc89d95a2829a53e,53.0,Copybara,banker,,com.nuevacaixasign.app,2024-01-08 16:38:32+00:00,False,True,True
1023,41bb772286937b052100c4d284be12e7989142b0da4f254b5ed672f43c909472,51.0,Applite,banker,,com.guzixoxoku.output,2024-12-05 07:11:16+00:00,eligible_current_governed,41bb772286937b052100c4d284be12e7989142b0da4f254b5ed672f43c909472,51.0,Applite,banker,,com.guzixoxoku.output,2024-12-05 07:11:16+00:00,True,True,True
1024,41cf4ca70cf52b6682303a629193da78ab00701da6aed5650b72015c056920da,8.0,EventBot,banker,,com.ea93c01d.e6afc54a374ebc.dc5a9e13,2020-04-22 11:30:26+00:00,below_min_samples_per_family,,,,,,,,True,False,True
1025,424d4fc9f4812fc45c0e7eeec45ae36b98366c3e9482ddb7531a20e2b1ec35a8,45.0,PixPirate,banker,,com.acceptance.turnip,2023-01-13 03:10:44+00:00,eligible_current_governed,424d4fc9f4812fc45c0e7eeec45ae36b98366c3e9482ddb7531a20e2b1ec35a8,45.0,PixPirate,banker,,com.acceptance.turnip,2023-01-13 03:10:44+00:00,True,True,True
1026,4254769325279b84cf2f6e68d648c87e45d40a754d71480ae580875d558b05e8,46.0,Joker,banker,,xa.photocc.opd_collage,2021-03-15 12:04:04+00:00,eligible_current_governed,4254769325279b84cf2f6e68d648c87e45d40a754d71480ae580875d558b05e8,46.0,Joker,banker,,xa.photocc.opd_collage,2021-03-15 12:04:04+00:00,True,True,True
1029,42c3b2be01a78a35e04eb997d4e8146fdc653075e2de42bdeafcecf46b1f935a,44.0,Irata,banker,,com.ApkEditors.HackingTelegram,2022-02-18 11:57:32+00:00,eligible_current_governed,42c3b2be01a78a35e04eb997d4e8146fdc653075e2de42bdeafcecf46b1f935a,44.0,Irata,banker,,com.ApkEditors.HackingTelegram,2022-02-18 11:57:32+00:00,True,True,True
1031,42d25d50c5c1c137d59c7c32ec04906760f9a0b01ace4989ec7745a0634b560d,19.0,TrickMo,banker,,quidi.guar601.cia,2024-05-10 00:00:00+00:00,eligible_current_governed,42d25d50c5c1c137d59c7c32ec04906760f9a0b01ace4989ec7745a0634b560d,19.0,TrickMo,banker,,quidi.guar601.cia,2024-05-10 00:00:00+00:00,True,True,True
1034,43060eb07bb46c2915469ceceb0ec79456278e48edd091752af580d416eb114d,44.0,Irata,banker,,Caco333.siqe.holo,2022-05-10 10:33:45+00:00,eligible_current_governed,43060eb07bb46c2915469ceceb0ec79456278e48edd091752af580d416eb114d,44.0,Irata,banker,,Caco333.siqe.holo,2022-05-10 10:33:45+00:00,True,True,True
1035,431598657c00cdc2242fc4c836bff2ae3ed415adca7ae983e32521314c731b35,51.0,Applite,banker,,com.jetoza.client,2024-12-03 04:20:14+00:00,eligible_current_governed,431598657c00cdc2242fc4c836bff2ae3ed415adca7ae983e32521314c731b35,51.0,Applite,banker,,com.jetoza.client,2024-12-03 04:20:14+00:00,True,True,True
1037,43977fce320b39a02dc4e323243ea1b3bc532627b5bc8e15906aaff5e94815ee,57.0,SpyLoan,spyware,,com.hm.happy.money,2024-12-03 00:00:00+00:00,eligible_current_governed,43977fce320b39a02dc4e323243ea1b3bc532627b5bc8e15906aaff5e94815ee,57.0,SpyLoan,spyware,,com.hm.happy.money,2024-12-03 00:00:00+00:00,True,True,True
1039,43acd1d36fa16bd3ee0fe88ada9a3ecb03764f5abfa965818a89af4b293aa389,51.0,Applite,banker,,com.nurapudo.multimedia,2024-12-02 19:07:38+00:00,eligible_current_governed,43acd1d36fa16bd3ee0fe88ada9a3ecb03764f5abfa965818a89af4b293aa389,51.0,Applite,banker,,com.nurapudo.multimedia,2024-12-02 19:07:38+00:00,True,True,True
1041,43e19c7bbaf2d85c3952c4f28cb11ff3c711c3bb0d8396b2ac48a9d4efb955e8,19.0,TrickMo,banker,,d2.d2.d2,2023-09-11 00:00:00+00:00,eligible_current_governed,43e19c7bbaf2d85c3952c4f28cb11ff3c711c3bb0d8396b2ac48a9d4efb955e8,19.0,TrickMo,banker,,d2.d2.d2,2023-09-11 00:00:00+00:00,True,True,True
1043,43fcffe4cfc1003579b7f28f4fdfe825dab68bd5de3cabf8cbe2f5087fb651c4,14.0,TgToxic,banker,,com.lelive.hybirdans,2022-11-27 11:45:01+00:00,eligible_current_governed,43fcffe4cfc1003579b7f28f4fdfe825dab68bd5de3cabf8cbe2f5087fb651c4,14.0,TgToxic,banker,,com.lelive.hybirdans,2022-11-27 11:45:01+00:00,True,True,True
1044,4419715ea357653cf3e9c29fe44c0e612d18406445cd28083444ae959edfa6d1,45.0,PixPirate,banker,,com.road.unexpected,2023-01-27 15:45:10+00:00,eligible_current_governed,4419715ea357653cf3e9c29fe44c0e612d18406445cd28083444ae959edfa6d1,45.0,PixPirate,banker,,com.road.unexpected,2023-01-27 15:45:10+00:00,True,True,True
1047,446833e3f8b04d4c3c2d2288e456328266524e396adbfeba3769d00727481e80,4.0,FluBot,banker,,com.tencent.mm,2021-05-11 00:00:00+00:00,eligible_current_governed,446833e3f8b04d4c3c2d2288e456328266524e396adbfeba3769d00727481e80,4.0,FluBot,banker,,com.tencent.mm,2021-05-11 00:00:00+00:00,True,True,True
1050,453e23e68a9467f861d03cbace1f3d19909340dac8fabf4f70bc377f0155834e,57.0,SpyLoan,spyware,,com.credit.orange.enespeces.mtn.ouest.wave.argent.tresor.payer.pret,2024-12-03 00:00:00+00:00,eligible_current_governed,453e23e68a9467f861d03cbace1f3d19909340dac8fabf4f70bc377f0155834e,57.0,SpyLoan,spyware,,com.credit.orange.enespeces.mtn.ouest.wave.argent.tresor.payer.pret,2024-12-03 00:00:00+00:00,True,True,True
1052,45697ddfa2b9f7ccfbd40e971636f9ef6eeb5d964e6802476e8b3561596aa6c2,57.0,SpyLoan,spyware,,com.Credito.iPrestamos.Dinero.en.linea.chile,2024-12-03 00:00:00+00:00,eligible_current_governed,45697ddfa2b9f7ccfbd40e971636f9ef6eeb5d964e6802476e8b3561596aa6c2,57.0,SpyLoan,spyware,,com.Credito.iPrestamos.Dinero.en.linea.chile,2024-12-03 00:00:00+00:00,True,True,True
1053,457496a9b0edc10da54c299e8898fda525a75e1b0af2ff1502e0f09f5e3049cd,45.0,PixPirate,banker,,com.pick.right,2023-01-10 13:36:46+00:00,eligible_current_governed,457496a9b0edc10da54c299e8898fda525a75e1b0af2ff1502e0f09f5e3049cd,45.0,PixPirate,banker,,com.pick.right,2023-01-10 13:36:46+00:00,True,True,True
1055,45b8157ac05a9166521d401c14779ce404d364850c33e299b34a5ff6dd940b4c,44.0,Irata,banker,,ir.shz.shzkisi,2022-08-15 16:57:42+00:00,eligible_current_governed,45b8157ac05a9166521d401c14779ce404d364850c33e299b34a5ff6dd940b4c,44.0,Irata,banker,,ir.shz.shzkisi,2022-08-15 16:57:42+00:00,True,True,True
1056,45e55599520227315e33f8a30966120b2b27019083181cb8ded4f07720c26758,51.0,Applite,banker,,com.womegeziyo.guard,2024-12-05 19:17:34+00:00,eligible_current_governed,45e55599520227315e33f8a30966120b2b27019083181cb8ded4f07720c26758,51.0,Applite,banker,,com.womegeziyo.guard,2024-12-05 19:17:34+00:00,True,True,True
1057,460524d510c4a3cd70be86bd2dd17b48637d52401ea63b5a1725c48bbde0ffdf,51.0,Applite,banker,,com.tiwagevu.flash,2024-11-22 08:02:33+00:00,eligible_current_governed,460524d510c4a3cd70be86bd2dd17b48637d52401ea63b5a1725c48bbde0ffdf,51.0,Applite,banker,,com.tiwagevu.flash,2024-11-22 08:02:33+00:00,True,True,True
1058,460c91b46c4520ab6a6447d3458e283321c0f446cfd23eb248912356430e678d,44.0,Irata,banker,,edward.org,2022-10-12 00:00:00+00:00,eligible_current_governed,460c91b46c4520ab6a6447d3458e283321c0f446cfd23eb248912356430e678d,44.0,Irata,banker,,edward.org,2022-10-12 00:00:00+00:00,True,True,True
1059,462e131e3b1b3e72f475374496bd6d0067fb271b78d25302f4798764e961e529,38.0,BankBot,banker,,kcbemzsjob.pcqswfdcpw.xhnxkqw,2020-03-26 17:36:31+00:00,eligible_current_governed,462e131e3b1b3e72f475374496bd6d0067fb271b78d25302f4798764e961e529,38.0,BankBot,banker,,kcbemzsjob.pcqswfdcpw.xhnxkqw,2020-03-26 17:36:31+00:00,False,True,True
1060,465ad23e925df2720299631feb3a31da05dbc56fed30d151bb188e3262fd1a95,45.0,PixPirate,banker,,com.income.atlantic,2022-12-17 15:58:58+00:00,eligible_current_governed,465ad23e925df2720299631feb3a31da05dbc56fed30d151bb188e3262fd1a95,45.0,PixPirate,banker,,com.income.atlantic,2022-12-17 15:58:58+00:00,True,True,True
1062,46a3badfa5682d2d862618933155fa04cc64690d5588ea06089670e222ba36b4,36.0,SpyNote,rat,,com.amazonpay.amazonpay,2022-10-03 10:51:16+00:00,eligible_current_governed,46a3badfa5682d2d862618933155fa04cc64690d5588ea06089670e222ba36b4,36.0,SpyNote,rat,,com.amazonpay.amazonpay,2022-10-03 10:51:16+00:00,False,True,True
1065,46cdfcaf1d6007f4753123c10b9bcacec517b712a189dc23ce59647a8be26098,44.0,Irata,banker,,com.ops.tm,2022-08-09 19:59:13+00:00,eligible_current_governed,46cdfcaf1d6007f4753123c10b9bcacec517b712a189dc23ce59647a8be26098,44.0,Irata,banker,,com.ops.tm,2022-08-09 19:59:13+00:00,True,True,True
1068,4790de9a94fe3128d3115723c5d1ce2499d5fc73959390540caeb6b4bb30a1d9,51.0,Applite,banker,,com.sezizeyi.boot,2024-12-12 20:47:54+00:00,eligible_current_governed,4790de9a94fe3128d3115723c5d1ce2499d5fc73959390540caeb6b4bb30a1d9,51.0,Applite,banker,,com.sezizeyi.boot,2024-12-12 20:47:54+00:00,True,True,True
1073,48e972cfcf330c49cce4f72c48d51a05a7d7a2f837e880174b5c9c5971f8a517,51.0,Applite,banker,,com.kihafemo.ASCII,2024-12-13 08:01:04+00:00,eligible_current_governed,48e972cfcf330c49cce4f72c48d51a05a7d7a2f837e880174b5c9c5971f8a517,51.0,Applite,banker,,com.kihafemo.ASCII,2024-12-13 08:01:04+00:00,True,True,True
1074,48ef4815e6e123372d30d6bac99e1866761db98187cf7dc713a6f98fa3fd7a89,51.0,Applite,banker,,com.yobijeno.disk,2024-11-02 07:14:06+00:00,eligible_current_governed,48ef4815e6e123372d30d6bac99e1866761db98187cf7dc713a6f98fa3fd7a89,51.0,Applite,banker,,com.yobijeno.disk,2024-11-02 07:14:06+00:00,True,True,True
1075,493b219932c105a9e2a8dd90dbbd0bb8ffc8bab3035c7353f9beba1747ef0d4e,19.0,TrickMo,banker,,d2.d2.d2,2023-10-05 00:00:00+00:00,eligible_current_governed,493b219932c105a9e2a8dd90dbbd0bb8ffc8bab3035c7353f9beba1747ef0d4e,19.0,TrickMo,banker,,d2.d2.d2,2023-10-05 00:00:00+00:00,True,True,True
1080,49a01d710ecd80d7583b1a1944b08be80022b45d1b2d83d9e5402e1d35a53c9e,16.0,Crocodilus,banker,,modular.trusting.rosy,2025-03-24 13:37:34+00:00,eligible_current_governed,49a01d710ecd80d7583b1a1944b08be80022b45d1b2d83d9e5402e1d35a53c9e,16.0,Crocodilus,banker,,modular.trusting.rosy,2025-03-24 13:37:34+00:00,True,True,True
1083,49b5cafae6bc97000656ea32e279f9a81c97aeed76e12ea48b5d8579d1195540,36.0,SpyNote,rat,,yps.eton.application,2020-01-16 03:50:07+00:00,eligible_current_governed,49b5cafae6bc97000656ea32e279f9a81c97aeed76e12ea48b5d8579d1195540,36.0,SpyNote,rat,,yps.eton.application,2020-01-16 03:50:07+00:00,True,True,True
1084,49c96c56a5b73d068e63edeacffaa1344a97c521d2eb15856db32fda1edc2bcd,44.0,Irata,banker,,Developers.ARMXAN,2022-06-30 11:56:23+00:00,eligible_current_governed,49c96c56a5b73d068e63edeacffaa1344a97c521d2eb15856db32fda1edc2bcd,44.0,Irata,banker,,Developers.ARMXAN,2022-06-30 11:56:23+00:00,True,True,True
1086,4a49fa1c16889fcebf1210e796a56001231351831bf4526fb00e6904197ab674,19.0,TrickMo,banker,,mendie.mold390.sfor,2024-07-05 00:00:00+00:00,eligible_current_governed,4a49fa1c16889fcebf1210e796a56001231351831bf4526fb00e6904197ab674,19.0,TrickMo,banker,,mendie.mold390.sfor,2024-07-05 00:00:00+00:00,True,True,True
1087,4a5bf1b4ba3dea084a4a2d874d248ae58b8f338f0e6274a963e7b8b24758ed41,51.0,Applite,banker,,com.vetuvuluxi.hyper,2024-12-12 08:56:12+00:00,eligible_current_governed,4a5bf1b4ba3dea084a4a2d874d248ae58b8f338f0e6274a963e7b8b24758ed41,51.0,Applite,banker,,com.vetuvuluxi.hyper,2024-12-12 08:56:12+00:00,True,True,True
1088,4a6e81aeb21e1fb8f39b710ceb2af1d1df2df2590bff831f5a5cf5ba1bc18d28,45.0,PixPirate,banker,,com.depart.flat,2023-01-31 19:31:06+00:00,eligible_current_governed,4a6e81aeb21e1fb8f39b710ceb2af1d1df2df2590bff831f5a5cf5ba1bc18d28,45.0,PixPirate,banker,,com.depart.flat,2023-01-31 19:31:06+00:00,True,True,True
1092,4aa7b23a4a90142437f1e0d99a7be2e1c558841ab8d1d0dc798d76ad9ac33371,51.0,Applite,banker,,com.bupavenu.processor,2024-11-12 07:55:51+00:00,eligible_current_governed,4aa7b23a4a90142437f1e0d99a7be2e1c558841ab8d1d0dc798d76ad9ac33371,51.0,Applite,banker,,com.bupavenu.processor,2024-11-12 07:55:51+00:00,True,True,True
1094,4aba18cbbeb830714027838c76dc83b8fe6fdd4968f5375de80b75d5765a41d4,51.0,Applite,banker,,com.bonudika.applet,2024-11-11 17:57:39+00:00,eligible_current_governed,4aba18cbbeb830714027838c76dc83b8fe6fdd4968f5375de80b75d5765a41d4,51.0,Applite,banker,,com.bonudika.applet,2024-11-11 17:57:39+00:00,True,True,True
1095,4b43f7145eebe4c07d208911b9d74c7c996a5037a04d52e4c38a80c2456d1187,53.0,Copybara,banker,,com.codigobbva.appcodigo,2023-11-22 13:27:15+00:00,eligible_current_governed,4b43f7145eebe4c07d208911b9d74c7c996a5037a04d52e4c38a80c2456d1187,53.0,Copybara,banker,,com.codigobbva.appcodigo,2023-11-22 13:27:15+00:00,False,True,True
1098,4ba7de113a7e469941dc2aca2d7c4b9ba7c3073e401de2e8d9b3365f6e76a074,44.0,Irata,banker,,edward.org,2022-07-17 00:00:00+00:00,eligible_current_governed,4ba7de113a7e469941dc2aca2d7c4b9ba7c3073e401de2e8d9b3365f6e76a074,44.0,Irata,banker,,edward.org,2022-07-17 00:00:00+00:00,True,True,True
1099,4bc7089a1bb6ee42a5c362e5a85429d3a57f6b21eb1272630fc27542f3c40b78,56.0,XRat,rat,,com.dadada,2022-01-04 00:00:00+00:00,eligible_current_governed,4bc7089a1bb6ee42a5c362e5a85429d3a57f6b21eb1272630fc27542f3c40b78,56.0,XRat,rat,,com.dadada,2022-01-04 00:00:00+00:00,True,True,True
1100,4bdc30e872b879e2303e2f4ccbc73f0ce5335d9d3b98b165fc2b22fc8c3251e5,19.0,TrickMo,banker,,reeris.cel873.misp,2024-04-24 00:00:00+00:00,eligible_current_governed,4bdc30e872b879e2303e2f4ccbc73f0ce5335d9d3b98b165fc2b22fc8c3251e5,19.0,TrickMo,banker,,reeris.cel873.misp,2024-04-24 00:00:00+00:00,True,True,True
1102,4c6a822e1055eb4141a587b7e899dff496f3be3d2c53df5e884d0de09ab5bb23,15.0,GoldDigger,banker,,,2023-09-25 00:00:00+00:00,eligible_current_governed,4c6a822e1055eb4141a587b7e899dff496f3be3d2c53df5e884d0de09ab5bb23,15.0,GoldDigger,banker,,,2023-09-25 00:00:00+00:00,True,True,True
1104,4c96a751c1ba60c3d28a9413d71166401c796d1acb3d5f93d4fee20db7984344,44.0,Irata,banker,,realrat.siqe.holo,2022-06-20 11:30:14+00:00,eligible_current_governed,4c96a751c1ba60c3d28a9413d71166401c796d1acb3d5f93d4fee20db7984344,44.0,Irata,banker,,realrat.siqe.holo,2022-06-20 11:30:14+00:00,True,True,True
1112,4d817dd44ad7595042bd4dba07b4ddb749b35a5e7ceab65a5781fa3d1812957b,51.0,Applite,banker,,com.jemuju.active,2024-12-09 19:28:55+00:00,eligible_current_governed,4d817dd44ad7595042bd4dba07b4ddb749b35a5e7ceab65a5781fa3d1812957b,51.0,Applite,banker,,com.jemuju.active,2024-12-09 19:28:55+00:00,True,True,True
1113,4d9ce4cf54a66f1ac6d93071ea31bd861de67820f001e5d13535fdc3cf5faf45,19.0,TrickMo,banker,,vatlump.na178.litt,2024-10-21 16:22:05+00:00,eligible_current_governed,4d9ce4cf54a66f1ac6d93071ea31bd861de67820f001e5d13535fdc3cf5faf45,19.0,TrickMo,banker,,vatlump.na178.litt,2024-10-21 16:22:05+00:00,True,True,True
1114,4da68cd1ed26fca244dd490faad2774e25190da6755ddfce31cd545e75e8913f,51.0,Applite,banker,,com.jalupo.firmware,2024-12-13 08:42:40+00:00,eligible_current_governed,4da68cd1ed26fca244dd490faad2774e25190da6755ddfce31cd545e75e8913f,51.0,Applite,banker,,com.jalupo.firmware,2024-12-13 08:42:40+00:00,True,True,True
1117,4e739310ec9ec74ebf60401fa3aaa1ac1b4e26a01bec623bedb94f6471742540,54.0,FatBoyPanel,banker,,,2024-03-11 03:09:47+00:00,eligible_current_governed,4e739310ec9ec74ebf60401fa3aaa1ac1b4e26a01bec623bedb94f6471742540,54.0,FatBoyPanel,banker,,,2024-03-11 03:09:47+00:00,False,True,True
1118,4e7b0ce857d8246a5fb8dd29a011eb2740c2eb0df32ca3c98910f86aa9f8a424,54.0,FatBoyPanel,banker,,,2024-07-03 11:53:05+00:00,eligible_current_governed,4e7b0ce857d8246a5fb8dd29a011eb2740c2eb0df32ca3c98910f86aa9f8a424,54.0,FatBoyPanel,banker,,,2024-07-03 11:53:05+00:00,False,True,True
1120,4e9e6b28830190b0ee3655b2a1c348ba037ef584c66c14dcca929cfc53233e6b,44.0,Irata,banker,,realrat.siqe.holo,2022-07-08 18:19:00+00:00,eligible_current_governed,4e9e6b28830190b0ee3655b2a1c348ba037ef584c66c14dcca929cfc53233e6b,44.0,Irata,banker,,realrat.siqe.holo,2022-07-08 18:19:00+00:00,True,True,True
1121,4ea7c192cbdff0cffd8bf29aa19b9b6eb05e79c6dd1f90c8e6d03384c115b9b7,14.0,TgToxic,banker,,com.wywwvg.gkastv,2022-11-13 04:45:17+00:00,eligible_current_governed,4ea7c192cbdff0cffd8bf29aa19b9b6eb05e79c6dd1f90c8e6d03384c115b9b7,14.0,TgToxic,banker,,com.wywwvg.gkastv,2022-11-13 04:45:17+00:00,True,True,True
1124,4ed2c0888048def2441087d03d847584c0f130c10e98d3978b80e4af8ef19fb7,44.0,Irata,banker,,realrat.siqe.holo,2022-07-06 21:38:48+00:00,eligible_current_governed,4ed2c0888048def2441087d03d847584c0f130c10e98d3978b80e4af8ef19fb7,44.0,Irata,banker,,realrat.siqe.holo,2022-07-06 21:38:48+00:00,True,True,True
1126,4ef11bbb0c236c9afc9063de2be9a3e94dbc63cf7588c1a9cf3d7002e51cbdd6,51.0,Applite,banker,,com.numarepu.bind,2024-12-09 09:05:36+00:00,eligible_current_governed,4ef11bbb0c236c9afc9063de2be9a3e94dbc63cf7588c1a9cf3d7002e51cbdd6,51.0,Applite,banker,,com.numarepu.bind,2024-12-09 09:05:36+00:00,True,True,True
1128,4f1822817690d89943e7e57468ab4366e360772c0adce67bf74a7224b3732dee,5.0,SharkBot,banker,,com.esqftazog8dbotp2fx.fihbgevw2svjeq0d,2021-11-18 08:16:48+00:00,below_min_samples_per_family,,,,,,,,True,False,True
1130,4f59c653be63b76afef598868785659dff0e3fa320884008fb6bb2e5639aa5bd,44.0,Irata,banker,,ir.pardakht,2022-06-03 02:11:13+00:00,eligible_current_governed,4f59c653be63b76afef598868785659dff0e3fa320884008fb6bb2e5639aa5bd,44.0,Irata,banker,,ir.pardakht,2022-06-03 02:11:13+00:00,True,True,True
1133,4fed4a42aadea8b3e937856318f9fbd056e2f46c19a6316df0660921dd5ba6c5,13.0,Vultur,banker,,,2024-04-01 00:00:00+00:00,eligible_current_governed,4fed4a42aadea8b3e937856318f9fbd056e2f46c19a6316df0660921dd5ba6c5,13.0,Vultur,banker,,,2024-04-01 00:00:00+00:00,True,True,True
1134,503121aedc5e3962334e6405313d1ca0b27459f18cac79523e5f4b4a45ca72d1,44.0,Irata,banker,,com.ops.tm,2022-05-18 18:29:53+00:00,eligible_current_governed,503121aedc5e3962334e6405313d1ca0b27459f18cac79523e5f4b4a45ca72d1,44.0,Irata,banker,,com.ops.tm,2022-05-18 18:29:53+00:00,True,True,True
1135,5035155312b2115bb6c6f8e2cf35d273f10715f32ca03c0317ae9f4a63168c6e,45.0,PixPirate,banker,,com.fourth.cripple,2023-04-12 09:07:42+00:00,eligible_current_governed,5035155312b2115bb6c6f8e2cf35d273f10715f32ca03c0317ae9f4a63168c6e,45.0,PixPirate,banker,,com.fourth.cripple,2023-04-12 09:07:42+00:00,True,True,True
1136,505859975772f6379d59369b1a5b5c1425eaa57f3e82900e18a6f12eea5f8b2b,44.0,Irata,banker,,rich.org,2022-05-24 08:54:38+00:00,eligible_current_governed,505859975772f6379d59369b1a5b5c1425eaa57f3e82900e18a6f12eea5f8b2b,44.0,Irata,banker,,rich.org,2022-05-24 08:54:38+00:00,True,True,True
1137,5081b5f73f953f5545b673a470c1fbb34c553bb78e2e28e0351813a9b7060951,51.0,Applite,banker,,com.punifadi.application,2024-12-07 01:26:32+00:00,eligible_current_governed,5081b5f73f953f5545b673a470c1fbb34c553bb78e2e28e0351813a9b7060951,51.0,Applite,banker,,com.punifadi.application,2024-12-07 01:26:32+00:00,True,True,True
1140,514a0f227949e530c04629c65f5a15986b4f76313d4b2c3932f1e2271edd1975,51.0,Applite,banker,,com.nutuyihoxe.compile,2024-12-09 07:42:55+00:00,eligible_current_governed,514a0f227949e530c04629c65f5a15986b4f76313d4b2c3932f1e2271edd1975,51.0,Applite,banker,,com.nutuyihoxe.compile,2024-12-09 07:42:55+00:00,True,True,True
1141,516ce037ae20b3a54c1eb697a3bcdab0f9f8906908bd1aa8846db01ce492c45c,45.0,PixPirate,banker,,com.girl.handwriting,2023-01-20 14:43:13+00:00,eligible_current_governed,516ce037ae20b3a54c1eb697a3bcdab0f9f8906908bd1aa8846db01ce492c45c,45.0,PixPirate,banker,,com.girl.handwriting,2023-01-20 14:43:13+00:00,True,True,True
1146,51e43c77dc0b3ab8e852597352c7293aceaa75bcdcdc8973f65f20912b1448ef,51.0,Applite,banker,,com.hopifa.hyper,2024-11-11 19:24:19+00:00,eligible_current_governed,51e43c77dc0b3ab8e852597352c7293aceaa75bcdcdc8973f65f20912b1448ef,51.0,Applite,banker,,com.hopifa.hyper,2024-11-11 19:24:19+00:00,True,True,True
1149,5223d17721ad60b71e9a811da2f7c3a290f99a214884a2b743cbb4c5151a7f2f,44.0,Irata,banker,,Rahbar.Api,2022-05-30 12:23:03+00:00,eligible_current_governed,5223d17721ad60b71e9a811da2f7c3a290f99a214884a2b743cbb4c5151a7f2f,44.0,Irata,banker,,Rahbar.Api,2022-05-30 12:23:03+00:00,True,True,True
1151,523a4df306967c01e2ca56a2eebe7e15b74e4401dc41ce6fc4e1bd8cfb6d17c5,45.0,PixPirate,banker,,com.sufficient.beg,2023-01-06 13:50:58+00:00,eligible_current_governed,523a4df306967c01e2ca56a2eebe7e15b74e4401dc41ce6fc4e1bd8cfb6d17c5,45.0,PixPirate,banker,,com.sufficient.beg,2023-01-06 13:50:58+00:00,True,True,True
1164,54b2ec346105aa9fb76bf7e52a31046ea96536b9f82dc2234d42c372c3abf857,44.0,Irata,banker,,ir.stop.tim,2022-07-17 12:14:00+00:00,eligible_current_governed,54b2ec346105aa9fb76bf7e52a31046ea96536b9f82dc2234d42c372c3abf857,44.0,Irata,banker,,ir.stop.tim,2022-07-17 12:14:00+00:00,True,True,True
1165,54c96d2738b2083feb71f751d0b9781b6c3c2fa67459bc43339e63d486866b8b,56.0,XRat,rat,,com.dadada,2022-01-04 00:00:00+00:00,eligible_current_governed,54c96d2738b2083feb71f751d0b9781b6c3c2fa67459bc43339e63d486866b8b,56.0,XRat,rat,,com.dadada,2022-01-04 00:00:00+00:00,True,True,True
1167,54ecabbff30b05a6a97531f7dec837891ce49ae89878eaf38714c1874f5f1d15,4.0,FluBot,banker,,com.tencent.mm,2021-05-11 00:00:00+00:00,eligible_current_governed,54ecabbff30b05a6a97531f7dec837891ce49ae89878eaf38714c1874f5f1d15,4.0,FluBot,banker,,com.tencent.mm,2021-05-11 00:00:00+00:00,True,True,True
1169,5508090ff8d08f75a5c175ab1c0c58c073c7c31cb60fcd2a52c3bacbbce29c85,54.0,FatBoyPanel,banker,,,2024-06-20 09:35:49+00:00,eligible_current_governed,5508090ff8d08f75a5c175ab1c0c58c073c7c31cb60fcd2a52c3bacbbce29c85,54.0,FatBoyPanel,banker,,,2024-06-20 09:35:49+00:00,False,True,True
1173,553f2a06d025f54961e4f6f8697d38b63b896a67eadda3743d3d00b2cd4edb10,44.0,Irata,banker,,ir.shz.shzkisi,2022-08-14 18:37:00+00:00,eligible_current_governed,553f2a06d025f54961e4f6f8697d38b63b896a67eadda3743d3d00b2cd4edb10,44.0,Irata,banker,,ir.shz.shzkisi,2022-08-14 18:37:00+00:00,True,True,True
1174,55554c599507947c5eb96264a7db9acaa65d2b42742b39b15686836d0fac2ba0,19.0,TrickMo,banker,,d2.d2.d2,2023-11-09 00:00:00+00:00,eligible_current_governed,55554c599507947c5eb96264a7db9acaa65d2b42742b39b15686836d0fac2ba0,19.0,TrickMo,banker,,d2.d2.d2,2023-11-09 00:00:00+00:00,True,True,True
1176,55884b3b0018b42e500c8ca427d8ae3b3174d9efca5aa57b34eb9202cb84913a,7.0,Chameleon,banker,,com.sing.tuna,2023-02-06 03:34:59+00:00,below_min_samples_per_family,,,,,,,,True,False,True
1177,55ba423284602722e8212f15899a5b40eab5fe69616d8b98e45a75e65b484d57,44.0,Irata,banker,,com.Moein.Defeser,2022-05-15 19:29:37+00:00,eligible_current_governed,55ba423284602722e8212f15899a5b40eab5fe69616d8b98e45a75e65b484d57,44.0,Irata,banker,,com.Moein.Defeser,2022-05-15 19:29:37+00:00,True,True,True
1179,55f442f21f70b9eb254c72503f056f9f9dce707274a619735b36e2c614365425,44.0,Irata,banker,,realrat.siqe.holo,2022-05-11 00:53:42+00:00,eligible_current_governed,55f442f21f70b9eb254c72503f056f9f9dce707274a619735b36e2c614365425,44.0,Irata,banker,,realrat.siqe.holo,2022-05-11 00:53:42+00:00,True,True,True
1180,564aced616cf61ab708fb6ff3f6dabd65213faf74bb736f9ee99e4f7cc3100eb,44.0,Irata,banker,,Caco333.siqe.holo,2022-08-09 20:09:40+00:00,eligible_current_governed,564aced616cf61ab708fb6ff3f6dabd65213faf74bb736f9ee99e4f7cc3100eb,44.0,Irata,banker,,Caco333.siqe.holo,2022-08-09 20:09:40+00:00,True,True,True
1181,56580a86516ca06756bcc80d5b4ff4a2c94e768a8bea105261ee5c4550a2752e,46.0,Joker,banker,,com.camerasideas.collagemaker,2021-03-18 11:05:48+00:00,eligible_current_governed,56580a86516ca06756bcc80d5b4ff4a2c94e768a8bea105261ee5c4550a2752e,46.0,Joker,banker,,com.camerasideas.collagemaker,2021-03-18 11:05:48+00:00,True,True,True
1183,569626b0b6ef277cc1ad094a2f025d56b6f0e1ed9f9c2ccf1cc8ac492fb4e6a7,15.0,GoldDigger,banker,,,2023-09-10 00:00:00+00:00,eligible_current_governed,569626b0b6ef277cc1ad094a2f025d56b6f0e1ed9f9c2ccf1cc8ac492fb4e6a7,15.0,GoldDigger,banker,,,2023-09-10 00:00:00+00:00,True,True,True
1184,56992f840b01c871f32dd43b6536a585060a684b871df9356cbd220f305fbf1e,54.0,FatBoyPanel,banker,,com.example.smsread,2024-07-29 04:15:35+00:00,eligible_current_governed,56992f840b01c871f32dd43b6536a585060a684b871df9356cbd220f305fbf1e,54.0,FatBoyPanel,banker,,com.example.smsread,2024-07-29 04:15:35+00:00,False,True,True
1185,56b6a738ee0a61201c074974786e3f6a0585385e3a98a7d3929dea99e1da07fb,44.0,Irata,banker,,edward.org,2022-08-21 23:52:26+00:00,eligible_current_governed,56b6a738ee0a61201c074974786e3f6a0585385e3a98a7d3929dea99e1da07fb,44.0,Irata,banker,,edward.org,2022-08-21 23:52:26+00:00,True,True,True
1190,5724589c46f3e469dc9f048e1e2601b8d7d1bafcc54e3d9460bc0adeeada022d,13.0,Vultur,banker,,se.talkback.app,2024-03-30 00:00:00+00:00,eligible_current_governed,5724589c46f3e469dc9f048e1e2601b8d7d1bafcc54e3d9460bc0adeeada022d,13.0,Vultur,banker,,se.talkback.app,2024-03-30 00:00:00+00:00,True,True,True
1191,5728cef99f2d74d69aa24e2bcc9cce9e0fdf3100bbcbf33e9f736c6663a77ea5,44.0,Irata,banker,,edward.org,2022-08-17 15:26:33+00:00,eligible_current_governed,5728cef99f2d74d69aa24e2bcc9cce9e0fdf3100bbcbf33e9f736c6663a77ea5,44.0,Irata,banker,,edward.org,2022-08-17 15:26:33+00:00,True,True,True
1193,57a8eded706ce37ba23b04d5437879ea2b1750be59de28b821ce6f0968c16082,51.0,Applite,banker,,com.dovito.keyboard,2024-12-04 08:48:16+00:00,eligible_current_governed,57a8eded706ce37ba23b04d5437879ea2b1750be59de28b821ce6f0968c16082,51.0,Applite,banker,,com.dovito.keyboard,2024-12-04 08:48:16+00:00,True,True,True
1194,57cbf24f5ae0604bbee867c4400b37b3d04304ea5c86fccac62c22a6aedb8623,51.0,Applite,banker,,com.fecepa.hardware,2024-12-17 08:23:57+00:00,eligible_current_governed,57cbf24f5ae0604bbee867c4400b37b3d04304ea5c86fccac62c22a6aedb8623,51.0,Applite,banker,,com.fecepa.hardware,2024-12-17 08:23:57+00:00,True,True,True
1196,5827a6e0251a095bb1a7072975facba6b2e3d620af7c6d299894e9f48fe61ff1,15.0,GoldDigger,banker,,com.cisxmdihct.nntcxqdfrq,2023-09-06 00:00:00+00:00,eligible_current_governed,5827a6e0251a095bb1a7072975facba6b2e3d620af7c6d299894e9f48fe61ff1,15.0,GoldDigger,banker,,com.cisxmdihct.nntcxqdfrq,2023-09-06 00:00:00+00:00,True,True,True
1197,583e7a907d5acce753cdcff9bc9ca9ecc305a882fc628806a75e84ae4eb51075,54.0,FatBoyPanel,banker,,,2024-07-17 15:17:45+00:00,eligible_current_governed,583e7a907d5acce753cdcff9bc9ca9ecc305a882fc628806a75e84ae4eb51075,54.0,FatBoyPanel,banker,,,2024-07-17 15:17:45+00:00,False,True,True
1198,585cfa5e436bba2fb64ca8cd88d211f5eb9085c3e7f77e5db90714f69bee98ec,44.0,Irata,banker,,ir.shz.shzkisi,2022-08-15 23:04:53+00:00,eligible_current_governed,585cfa5e436bba2fb64ca8cd88d211f5eb9085c3e7f77e5db90714f69bee98ec,44.0,Irata,banker,,ir.shz.shzkisi,2022-08-15 23:04:53+00:00,True,True,True
1199,58911b7dbc485fb5e8bc3967de002ab5cb898023223d7a41e5dd7e1a074e40b1,51.0,Applite,banker,,com.wafukizifi.server,2024-09-24 02:29:56+00:00,eligible_current_governed,58911b7dbc485fb5e8bc3967de002ab5cb898023223d7a41e5dd7e1a074e40b1,51.0,Applite,banker,,com.wafukizifi.server,2024-09-24 02:29:56+00:00,True,True,True
1200,58b8c2256197c9786b0234a1e4f1e519beb319fb848769406112f2174194eb1e,46.0,Joker,banker,,,2020-02-03 14:44:14+00:00,eligible_current_governed,58b8c2256197c9786b0234a1e4f1e519beb319fb848769406112f2174194eb1e,46.0,Joker,banker,,,2020-02-03 14:44:14+00:00,False,True,True
1203,5973ab7dbc8f7ac94b6a97139ff33316a8c79ec649c2340ffac6f6d55275706d,44.0,Irata,banker,,com.lydia.dev,2022-07-10 19:56:03+00:00,eligible_current_governed,5973ab7dbc8f7ac94b6a97139ff33316a8c79ec649c2340ffac6f6d55275706d,44.0,Irata,banker,,com.lydia.dev,2022-07-10 19:56:03+00:00,True,True,True
1204,599163b1c7628ca6971ee161e1376cb60ba75d62cff99b242f3eeec365bf6556,14.0,TgToxic,banker,,com.test.Snapzchat,2022-11-27 13:40:51+00:00,eligible_current_governed,599163b1c7628ca6971ee161e1376cb60ba75d62cff99b242f3eeec365bf6556,14.0,TgToxic,banker,,com.test.Snapzchat,2022-11-27 13:40:51+00:00,True,True,True
1205,59bacb0218175ed1c4893bdfc2e307a1d2779ce6442073f9f8bfdad4ce999a5c,36.0,SpyNote,rat,,yps.eton.application,2020-01-16 03:50:54+00:00,eligible_current_governed,59bacb0218175ed1c4893bdfc2e307a1d2779ce6442073f9f8bfdad4ce999a5c,36.0,SpyNote,rat,,yps.eton.application,2020-01-16 03:50:54+00:00,True,True,True
1206,59c6fb742fd383ae3d7ac2e8681eaae9f0b00ab946be4cacd53b1d57cb9ad8e5,45.0,PixPirate,banker,,com.correspondent.satellite,2023-01-21 23:36:01+00:00,eligible_current_governed,59c6fb742fd383ae3d7ac2e8681eaae9f0b00ab946be4cacd53b1d57cb9ad8e5,45.0,PixPirate,banker,,com.correspondent.satellite,2023-01-21 23:36:01+00:00,True,True,True
1207,59cedb5ea89e38810819f149a4b9635866350d59e010c3133f8dda041577c9d7,44.0,Irata,banker,,ir.pardakht.xd,2022-07-05 18:39:21+00:00,eligible_current_governed,59cedb5ea89e38810819f149a4b9635866350d59e010c3133f8dda041577c9d7,44.0,Irata,banker,,ir.pardakht.xd,2022-07-05 18:39:21+00:00,True,True,True
1208,59d8f28223785bed4afd69355663cc7cd156615517f994ee7792b7ef73c741e9,44.0,Irata,banker,,ir.PluTus.pluto243,2022-04-05 02:22:08+00:00,eligible_current_governed,59d8f28223785bed4afd69355663cc7cd156615517f994ee7792b7ef73c741e9,44.0,Irata,banker,,ir.PluTus.pluto243,2022-04-05 02:22:08+00:00,True,True,True
1209,59e124084e9e269b3c1d8789c27b60323cfaff0b3118152caf7cdc042bd1b945,44.0,Irata,banker,,com.psiphon3,2022-06-20 00:00:00+00:00,eligible_current_governed,59e124084e9e269b3c1d8789c27b60323cfaff0b3118152caf7cdc042bd1b945,44.0,Irata,banker,,com.psiphon3,2022-06-20 00:00:00+00:00,True,True,True
1210,59e2767c7158d60b990bcd97b0abcea00b1bdafc869e9c971179abef5e38b17f,19.0,TrickMo,banker,,congland.kens482.burg,2024-10-14 00:00:00+00:00,eligible_current_governed,59e2767c7158d60b990bcd97b0abcea00b1bdafc869e9c971179abef5e38b17f,19.0,TrickMo,banker,,congland.kens482.burg,2024-10-14 00:00:00+00:00,True,True,True
1211,5a3f871a0f353431ef421095b80716d2155ee518fd5642a466420d2032a24087,16.0,Crocodilus,banker,,hazard.anyway,2025-03-24 15:53:06+00:00,eligible_current_governed,5a3f871a0f353431ef421095b80716d2155ee518fd5642a466420d2032a24087,16.0,Crocodilus,banker,,hazard.anyway,2025-03-24 15:53:06+00:00,True,True,True
1213,5a8d2f40f669b4e7f5edf90c687be33f5b537d2491687df49a4339976df483fb,19.0,TrickMo,banker,,tesi.news916.ma,2024-03-19 00:00:00+00:00,eligible_current_governed,5a8d2f40f669b4e7f5edf90c687be33f5b537d2491687df49a4339976df483fb,19.0,TrickMo,banker,,tesi.news916.ma,2024-03-19 00:00:00+00:00,True,True,True
1216,5acb5ebdd0e4c8fbafb44a88e66e741f1c94a72e3f07f5adc454687010634848,51.0,Applite,banker,,com.belasaba.guard,2024-11-10 00:02:16+00:00,eligible_current_governed,5acb5ebdd0e4c8fbafb44a88e66e741f1c94a72e3f07f5adc454687010634848,51.0,Applite,banker,,com.belasaba.guard,2024-11-10 00:02:16+00:00,True,True,True
1218,5afeabe80e68b72bf15d105911f4f4b6a30ba1751cacb178a88ea78f6f5dec82,51.0,Applite,banker,,com.zagivu.advanced,2024-12-05 21:54:17+00:00,eligible_current_governed,5afeabe80e68b72bf15d105911f4f4b6a30ba1751cacb178a88ea78f6f5dec82,51.0,Applite,banker,,com.zagivu.advanced,2024-12-05 21:54:17+00:00,True,True,True
1219,5b0b1c7fc6e0677866a01483654d286ead9622dd3faf362133e28051bcf7989e,44.0,Irata,banker,,com.ops.tm,2022-07-05 02:02:04+00:00,eligible_current_governed,5b0b1c7fc6e0677866a01483654d286ead9622dd3faf362133e28051bcf7989e,44.0,Irata,banker,,com.ops.tm,2022-07-05 02:02:04+00:00,True,True,True
1223,5bb6dc2fc38bccaebf7a9a0da01c708cb36b6875563b494333ca471a899079ba,44.0,Irata,banker,,edward.org,2022-08-20 22:35:42+00:00,eligible_current_governed,5bb6dc2fc38bccaebf7a9a0da01c708cb36b6875563b494333ca471a899079ba,44.0,Irata,banker,,edward.org,2022-08-20 22:35:42+00:00,True,True,True
1225,5bc79b5b23aa88cadfda068945a2ec0e16d7260e0e8213aeba319f9932307d08,16.0,Crocodilus,banker,,reproduce.poison,2025-04-03 18:42:08+00:00,eligible_current_governed,5bc79b5b23aa88cadfda068945a2ec0e16d7260e0e8213aeba319f9932307d08,16.0,Crocodilus,banker,,reproduce.poison,2025-04-03 18:42:08+00:00,True,True,True
1229,5c4c84194d849161126211f4e1d25318778e9f5b4bde6ef1c9e93660c5b49e47,44.0,Irata,banker,,ir.pardhhhh,2021-09-11 16:07:24+00:00,eligible_current_governed,5c4c84194d849161126211f4e1d25318778e9f5b4bde6ef1c9e93660c5b49e47,44.0,Irata,banker,,ir.pardhhhh,2021-09-11 16:07:24+00:00,True,True,True
1230,5c629133d1cb5707339fe9951f53589ebce9c48b92120d3c343c9633413b1a38,45.0,PixPirate,banker,,com.convenience.radiation,2023-02-20 11:40:42+00:00,eligible_current_governed,5c629133d1cb5707339fe9951f53589ebce9c48b92120d3c343c9633413b1a38,45.0,PixPirate,banker,,com.convenience.radiation,2023-02-20 11:40:42+00:00,True,True,True
1232,5c6d278d5791748650065233697419a744a1d12f50960dd56b9f86b59dd052c7,51.0,Applite,banker,,com.xusayu.platform,2024-11-08 00:03:53+00:00,eligible_current_governed,5c6d278d5791748650065233697419a744a1d12f50960dd56b9f86b59dd052c7,51.0,Applite,banker,,com.xusayu.platform,2024-11-08 00:03:53+00:00,True,True,True
1233,5c9c83dfbb213cc9525515204bf59ab28d189f4ed51407a53d275d32540a9518,44.0,Irata,banker,,com.rez.ir,2022-05-10 10:59:45+00:00,eligible_current_governed,5c9c83dfbb213cc9525515204bf59ab28d189f4ed51407a53d275d32540a9518,44.0,Irata,banker,,com.rez.ir,2022-05-10 10:59:45+00:00,True,True,True
1234,5ce833a4639c006b332fa4a7ed2fb381cef0d927c9592596fadbef28db0a4fd3,51.0,Applite,banker,,com.puyebe.encrypt,2024-11-26 18:28:30+00:00,eligible_current_governed,5ce833a4639c006b332fa4a7ed2fb381cef0d927c9592596fadbef28db0a4fd3,51.0,Applite,banker,,com.puyebe.encrypt,2024-11-26 18:28:30+00:00,True,True,True
1237,5d0dd65ce1f027dcf5ca49bd882d5ca8c55f4c2e89eb6c1ef9c5505a57a7b10b,44.0,Irata,banker,,caco333.ca,2022-07-17 00:00:00+00:00,eligible_current_governed,5d0dd65ce1f027dcf5ca49bd882d5ca8c55f4c2e89eb6c1ef9c5505a57a7b10b,44.0,Irata,banker,,caco333.ca,2022-07-17 00:00:00+00:00,True,True,True
1238,5d86c9afd1d33e4affa9ba61225aded26ecaeb01755eeb861bb4db9bbb39191c,13.0,Vultur,banker,,se.talkback.app,2024-03-30 00:00:00+00:00,eligible_current_governed,5d86c9afd1d33e4affa9ba61225aded26ecaeb01755eeb861bb4db9bbb39191c,13.0,Vultur,banker,,se.talkback.app,2024-03-30 00:00:00+00:00,True,True,True
1239,5d895325a8b8a2c8780bfbc957fe96ee4f37b233d946692f13030714f3cef46b,45.0,PixPirate,banker,,com.occasional.brave,2023-02-15 19:34:44+00:00,eligible_current_governed,5d895325a8b8a2c8780bfbc957fe96ee4f37b233d946692f13030714f3cef46b,45.0,PixPirate,banker,,com.occasional.brave,2023-02-15 19:34:44+00:00,True,True,True
1244,5dfd2c5915e421375433da33098b24032586169dfa2169eb51377f2cc724a125,45.0,PixPirate,banker,,com.pot.diverse,2023-06-24 10:20:16+00:00,eligible_current_governed,5dfd2c5915e421375433da33098b24032586169dfa2169eb51377f2cc724a125,45.0,PixPirate,banker,,com.pot.diverse,2023-06-24 10:20:16+00:00,True,True,True
1250,5ed2cd78a18cf3c749cd5d2c06a3a0b3d2d9ed0e193f7ef461f2c7cf53a019a0,51.0,Applite,banker,,com.retagu.resolution,2024-11-14 17:55:08+00:00,eligible_current_governed,5ed2cd78a18cf3c749cd5d2c06a3a0b3d2d9ed0e193f7ef461f2c7cf53a019a0,51.0,Applite,banker,,com.retagu.resolution,2024-11-14 17:55:08+00:00,True,True,True
1251,5f0433c7af799378d797ad97bef650485d516db42a5409cc77f47bf5a19e4934,44.0,Irata,banker,,com.sxsaxxa.tim,2022-05-20 00:00:00+00:00,eligible_current_governed,5f0433c7af799378d797ad97bef650485d516db42a5409cc77f47bf5a19e4934,44.0,Irata,banker,,com.sxsaxxa.tim,2022-05-20 00:00:00+00:00,True,True,True
1254,5f7bc7853fd707e1c439d31637d7bfebf4cdcb52acda2f360830cbafca04452d,53.0,Copybara,banker,,com.santandercodigo.appapk,2023-11-14 16:25:54+00:00,eligible_current_governed,5f7bc7853fd707e1c439d31637d7bfebf4cdcb52acda2f360830cbafca04452d,53.0,Copybara,banker,,com.santandercodigo.appapk,2023-11-14 16:25:54+00:00,False,True,True
1255,5f911ff91a602440e23165816565cb1278825f7bd07d2c335bd91048e2e10f58,45.0,PixPirate,banker,,com.desire.utilize,2023-02-05 23:40:26+00:00,eligible_current_governed,5f911ff91a602440e23165816565cb1278825f7bd07d2c335bd91048e2e10f58,45.0,PixPirate,banker,,com.desire.utilize,2023-02-05 23:40:26+00:00,True,True,True
1261,604b3cd50ef3b0df46bcb07a1d2d0fad31f517f4ef541036d9f0161d3c69499b,3.0,Cerberus,banker,,xkqmtyq.jhsgjwojcncbmtlsk.xlkbczbjwuanyd,2020-03-24 23:04:46+00:00,eligible_current_governed,604b3cd50ef3b0df46bcb07a1d2d0fad31f517f4ef541036d9f0161d3c69499b,3.0,Cerberus,banker,,xkqmtyq.jhsgjwojcncbmtlsk.xlkbczbjwuanyd,2020-03-24 23:04:46+00:00,False,True,True
1264,60b0e7e09fe91aa785b85315aad3850e7f47f70a5aab7ae9ef31ad1c50477f55,7.0,Chameleon,banker,,com.loud.help,2023-01-02 10:51:01+00:00,below_min_samples_per_family,,,,,,,,True,False,True
1265,6136a6ff061aa378e346bd61a6b90a992c61a5844f7fa47a2678dc262be50a2a,51.0,Applite,banker,,com.tidezu.exabyte,2024-12-07 21:04:28+00:00,eligible_current_governed,6136a6ff061aa378e346bd61a6b90a992c61a5844f7fa47a2678dc262be50a2a,51.0,Applite,banker,,com.tidezu.exabyte,2024-12-07 21:04:28+00:00,True,True,True
1266,616763d4cd9d426397f21cb2ceeeb7914fb0dd951870abe91d3cadce0d722156,51.0,Applite,banker,,com.gusaho.compress,2024-11-27 03:51:42+00:00,eligible_current_governed,616763d4cd9d426397f21cb2ceeeb7914fb0dd951870abe91d3cadce0d722156,51.0,Applite,banker,,com.gusaho.compress,2024-11-27 03:51:42+00:00,True,True,True
1268,6171db5548941aff6c6873c1c292c631e0e3e8abc4d6a125e9359b72fcffbb60,15.0,GoldDigger,banker,,com.bzsgmfdph.giajvhvgxw,2023-10-06 00:00:00+00:00,eligible_current_governed,6171db5548941aff6c6873c1c292c631e0e3e8abc4d6a125e9359b72fcffbb60,15.0,GoldDigger,banker,,com.bzsgmfdph.giajvhvgxw,2023-10-06 00:00:00+00:00,True,True,True
1270,6193b9a2e85a16a979ec40ad18d52ca7e1716b9d5d0e7a2f6a2cf683e5bf3620,46.0,Joker,banker,,com.rollingworld.iconplus.comfun,2021-07-28 02:36:33+00:00,eligible_current_governed,6193b9a2e85a16a979ec40ad18d52ca7e1716b9d5d0e7a2f6a2cf683e5bf3620,46.0,Joker,banker,,com.rollingworld.iconplus.comfun,2021-07-28 02:36:33+00:00,True,True,True
1272,61f4011a9c9d7f758cb1edaaa28fb74576d5efddee6fc66046d26b68e7b83995,51.0,Applite,banker,,com.hecoxode.font,2024-12-13 08:07:51+00:00,eligible_current_governed,61f4011a9c9d7f758cb1edaaa28fb74576d5efddee6fc66046d26b68e7b83995,51.0,Applite,banker,,com.hecoxode.font,2024-12-13 08:07:51+00:00,True,True,True
1274,6226ed45fe9c7407941d1e2171937d83b3b844641bbdd8cd0833ee855be59574,51.0,Applite,banker,,com.ridihacuva.ram,2024-10-31 01:53:11+00:00,eligible_current_governed,6226ed45fe9c7407941d1e2171937d83b3b844641bbdd8cd0833ee855be59574,51.0,Applite,banker,,com.ridihacuva.ram,2024-10-31 01:53:11+00:00,True,True,True
1276,627529bb010b98511cfa1ad1aaa08760b158f4733e2bbccfd54050838c7b7fa3,13.0,Vultur,banker,,,2024-03-31 00:00:00+00:00,eligible_current_governed,627529bb010b98511cfa1ad1aaa08760b158f4733e2bbccfd54050838c7b7fa3,13.0,Vultur,banker,,,2024-03-31 00:00:00+00:00,True,True,True
1277,62cd2720590023f60e1ec7276c8024a378f8e0190565c21eed03b47197553388,14.0,TgToxic,banker,,com.diksaq.zdawvr,2022-11-23 12:04:50+00:00,eligible_current_governed,62cd2720590023f60e1ec7276c8024a378f8e0190565c21eed03b47197553388,14.0,TgToxic,banker,,com.diksaq.zdawvr,2022-11-23 12:04:50+00:00,True,True,True
1278,62d0d8bd39f7d7f8bfa978d86d5e1636f982f9c46c0228b41bb7c73503c980e2,51.0,Applite,banker,,com.tutone.cloud,2024-11-14 00:04:08+00:00,eligible_current_governed,62d0d8bd39f7d7f8bfa978d86d5e1636f982f9c46c0228b41bb7c73503c980e2,51.0,Applite,banker,,com.tutone.cloud,2024-11-14 00:04:08+00:00,True,True,True
1279,62d19c73f479e3c4ff2aced8128ad4ab74171817b12b4ed70e268d018e296d17,45.0,PixPirate,banker,,com.destruction.collapse,2022-12-23 19:47:27+00:00,eligible_current_governed,62d19c73f479e3c4ff2aced8128ad4ab74171817b12b4ed70e268d018e296d17,45.0,PixPirate,banker,,com.destruction.collapse,2022-12-23 19:47:27+00:00,True,True,True
1280,62e226d2f45b8131ed551dfe47859a58078a6386d7277937788a3ba5a6c08ab9,44.0,Irata,banker,,com.rez.ir,2022-05-15 00:00:00+00:00,eligible_current_governed,62e226d2f45b8131ed551dfe47859a58078a6386d7277937788a3ba5a6c08ab9,44.0,Irata,banker,,com.rez.ir,2022-05-15 00:00:00+00:00,True,True,True
1281,630eee880b75ae3807409805f615194a2cf9c91c8aac4c617f937e1fc47def71,51.0,Applite,banker,,com.rutimulesu.syntax,2024-12-05 07:11:19+00:00,eligible_current_governed,630eee880b75ae3807409805f615194a2cf9c91c8aac4c617f937e1fc47def71,51.0,Applite,banker,,com.rutimulesu.syntax,2024-12-05 07:11:19+00:00,True,True,True
1284,63879938fa7a8058d1a2d30446d0ad3b819b7f7661478ebb6f4505c456b91cc1,55.0,DoNot,spyware,,com.syster.serviceapp,2023-10-10 15:22:36+00:00,eligible_current_governed,63879938fa7a8058d1a2d30446d0ad3b819b7f7661478ebb6f4505c456b91cc1,55.0,DoNot,spyware,,com.syster.serviceapp,2023-10-10 15:22:36+00:00,True,True,True
1287,64394537e0043a0d7f29ac7a914e9daf936f49cd57953898e996aa42229a6173,44.0,Irata,banker,,com.hugo,2022-06-26 19:09:10+00:00,eligible_current_governed,64394537e0043a0d7f29ac7a914e9daf936f49cd57953898e996aa42229a6173,44.0,Irata,banker,,com.hugo,2022-06-26 19:09:10+00:00,True,True,True
1289,6443e46036b1cafa7646110692bad6ee311a213a8b43820463a6049836344177,46.0,Joker,banker,,com.photoxmotio.animateions,2021-06-18 00:00:00+00:00,eligible_current_governed,6443e46036b1cafa7646110692bad6ee311a213a8b43820463a6049836344177,46.0,Joker,banker,,com.photoxmotio.animateions,2021-06-18 00:00:00+00:00,True,True,True
1290,6461851c092d0074150e4e56a146108ae82130c22580fb444c1444e7d936e0b5,44.0,Irata,banker,,ir.shz.shzkisi,2022-08-22 11:27:15+00:00,eligible_current_governed,6461851c092d0074150e4e56a146108ae82130c22580fb444c1444e7d936e0b5,44.0,Irata,banker,,ir.shz.shzkisi,2022-08-22 11:27:15+00:00,True,True,True
1294,64c027ac1fee3ba8f70c266124b85087e37f43b69f7316e979105d801d13c931,44.0,Irata,banker,,www.devil.ir,2022-08-26 00:00:00+00:00,eligible_current_governed,64c027ac1fee3ba8f70c266124b85087e37f43b69f7316e979105d801d13c931,44.0,Irata,banker,,www.devil.ir,2022-08-26 00:00:00+00:00,True,True,True
1299,65096ac283e0e166734536e5d7b4b47c4c45e7069d5ac513354ef98be4b293b2,51.0,Applite,banker,,com.fijeji.associative,2024-12-08 08:34:06+00:00,eligible_current_governed,65096ac283e0e166734536e5d7b4b47c4c45e7069d5ac513354ef98be4b293b2,51.0,Applite,banker,,com.fijeji.associative,2024-12-08 08:34:06+00:00,True,True,True
1301,6550099dc09245c6b9710fd672f7b66736a1846288f6a580ea631dde990dcd1c,45.0,PixPirate,banker,,com.aid.inner,2023-01-16 12:33:13+00:00,eligible_current_governed,6550099dc09245c6b9710fd672f7b66736a1846288f6a580ea631dde990dcd1c,45.0,PixPirate,banker,,com.aid.inner,2023-01-16 12:33:13+00:00,True,True,True
1302,6583f6490af0f3b304d3e93a5794eca9cf96f907d5fe54b5ec524b4fbe3015cc,45.0,PixPirate,banker,,com.pension.hit,2023-02-20 11:40:46+00:00,eligible_current_governed,6583f6490af0f3b304d3e93a5794eca9cf96f907d5fe54b5ec524b4fbe3015cc,45.0,PixPirate,banker,,com.pension.hit,2023-02-20 11:40:46+00:00,True,True,True
1303,6593673b2903cc5ecbe17a3bd969d661ea3abf182e61e300bb6bb046f3f10029,44.0,Irata,banker,,Caco333.siqe.holo,2022-08-21 19:21:19+00:00,eligible_current_governed,6593673b2903cc5ecbe17a3bd969d661ea3abf182e61e300bb6bb046f3f10029,44.0,Irata,banker,,Caco333.siqe.holo,2022-08-21 19:21:19+00:00,True,True,True
1305,65b2d95fe327bf23f610520004e9c579f80864a908bdd723d42a2354a4ff7ac6,45.0,PixPirate,banker,,com.door.found,2023-01-16 12:30:52+00:00,eligible_current_governed,65b2d95fe327bf23f610520004e9c579f80864a908bdd723d42a2354a4ff7ac6,45.0,PixPirate,banker,,com.door.found,2023-01-16 12:30:52+00:00,True,True,True
1307,65efbc15b6d4b8f55f4233ea7a74974839027d3fa488032773f8e5314243948f,45.0,PixPirate,banker,,com.bulb.spade,2023-02-11 00:53:44+00:00,eligible_current_governed,65efbc15b6d4b8f55f4233ea7a74974839027d3fa488032773f8e5314243948f,45.0,PixPirate,banker,,com.bulb.spade,2023-02-11 00:53:44+00:00,True,True,True
1309,66342299b20ac46855f3a578c4985475e20eab20b446a55f5e56d9db30ce1f58,45.0,PixPirate,banker,,com.audience.prior,2023-05-23 11:04:08+00:00,eligible_current_governed,66342299b20ac46855f3a578c4985475e20eab20b446a55f5e56d9db30ce1f58,45.0,PixPirate,banker,,com.audience.prior,2023-05-23 11:04:08+00:00,True,True,True
1311,66c18e968f38d6fb17e89f9579ff661d2621fa60c7ec3fe95517522322715b93,51.0,Applite,banker,,com.vedicilobo.associative,2024-12-10 08:46:24+00:00,eligible_current_governed,66c18e968f38d6fb17e89f9579ff661d2621fa60c7ec3fe95517522322715b93,51.0,Applite,banker,,com.vedicilobo.associative,2024-12-10 08:46:24+00:00,True,True,True
1312,6708da268e3ad0004242447cd3011400eb413f25a6d5627b6799543890e41dfb,51.0,Applite,banker,,com.tigesasi.resolution,2024-11-29 18:23:13+00:00,eligible_current_governed,6708da268e3ad0004242447cd3011400eb413f25a6d5627b6799543890e41dfb,51.0,Applite,banker,,com.tigesasi.resolution,2024-11-29 18:23:13+00:00,True,True,True
1314,677291429c4a2d8fc03795752fd32d9d94296a381942e5f0ed21d7eab37ae9b3,14.0,TgToxic,banker,,com.gzrtnq.Bumble,2023-01-13 03:14:59+00:00,eligible_current_governed,677291429c4a2d8fc03795752fd32d9d94296a381942e5f0ed21d7eab37ae9b3,14.0,TgToxic,banker,,com.gzrtnq.Bumble,2023-01-13 03:14:59+00:00,True,True,True
1316,67bd70cb6f8f59dac5e4123361af259510ab2ea2da6c40a66da5b0fb923384a9,16.0,Crocodilus,banker,,episode.automaker.liqueur,2024-11-07 08:59:25+00:00,eligible_current_governed,67bd70cb6f8f59dac5e4123361af259510ab2ea2da6c40a66da5b0fb923384a9,16.0,Crocodilus,banker,,episode.automaker.liqueur,2024-11-07 08:59:25+00:00,True,True,True
1317,67d2df3a0a470c06d47bd0850c0e894a1ed061810ed42b294682c1694579f411,45.0,PixPirate,banker,,com.racket.forth,2023-01-27 19:30:51+00:00,eligible_current_governed,67d2df3a0a470c06d47bd0850c0e894a1ed061810ed42b294682c1694579f411,45.0,PixPirate,banker,,com.racket.forth,2023-01-27 19:30:51+00:00,True,True,True
1321,68698c809d4e45f4fa2fc509fe9593f195f7465d66af76dd6dbd49aa0cedec5e,44.0,Irata,banker,,Caco333.siqe.holo,2022-07-10 10:00:18+00:00,eligible_current_governed,68698c809d4e45f4fa2fc509fe9593f195f7465d66af76dd6dbd49aa0cedec5e,44.0,Irata,banker,,Caco333.siqe.holo,2022-07-10 10:00:18+00:00,True,True,True
1322,688055c2dcdb59d4539de378e3c0f39d4ccb03cab8203c8497ae5331b7067f9c,6.0,TeaBot,banker,,com.paccinisantino861.qrscanner,2021-12-17 12:39:18+00:00,below_min_samples_per_family,,,,,,,,True,False,True
1326,69416a8738abcd758ec6390fe25f0d89cf517bc7eeff74edb970c065f8830760,44.0,Irata,banker,,com.rubika.web,2022-05-23 14:40:27+00:00,eligible_current_governed,69416a8738abcd758ec6390fe25f0d89cf517bc7eeff74edb970c065f8830760,44.0,Irata,banker,,com.rubika.web,2022-05-23 14:40:27+00:00,True,True,True
1327,696718ea4d8dd29f28e3fbd7d838f053b614a2a363b1875dfbbf956e9ea4f9b3,44.0,Irata,banker,,com.rez.ir,2022-05-02 06:44:04+00:00,eligible_current_governed,696718ea4d8dd29f28e3fbd7d838f053b614a2a363b1875dfbbf956e9ea4f9b3,44.0,Irata,banker,,com.rez.ir,2022-05-02 06:44:04+00:00,True,True,True
1328,6978d1a52f097822b44ea2ed941f247faeedfdd95c5a623920cfe877dc08858e,44.0,Irata,banker,,ir.shz.nazkhan,2022-07-17 00:00:00+00:00,eligible_current_governed,6978d1a52f097822b44ea2ed941f247faeedfdd95c5a623920cfe877dc08858e,44.0,Irata,banker,,ir.shz.nazkhan,2022-07-17 00:00:00+00:00,True,True,True
1329,698a5c903740559430ed0567f2ef0da0592bc1357716afe14f6890862b1693ab,51.0,Applite,banker,,com.ricutefohi.processor,2024-11-08 00:04:07+00:00,eligible_current_governed,698a5c903740559430ed0567f2ef0da0592bc1357716afe14f6890862b1693ab,51.0,Applite,banker,,com.ricutefohi.processor,2024-11-08 00:04:07+00:00,True,True,True
1330,69958851f1caa8dc141cc9a427648daf3d659dceca1990b9fcd34aa8bbb36670,19.0,TrickMo,banker,,congland.kens482.burg,2024-10-14 00:00:00+00:00,eligible_current_governed,69958851f1caa8dc141cc9a427648daf3d659dceca1990b9fcd34aa8bbb36670,19.0,TrickMo,banker,,congland.kens482.burg,2024-10-14 00:00:00+00:00,True,True,True
1331,6a253410adf7aaa0cd46d39be8018f06879662a6af9e966d7ab56dae83a7de20,51.0,Applite,banker,,com.xicerezo.access,2024-11-15 00:03:00+00:00,eligible_current_governed,6a253410adf7aaa0cd46d39be8018f06879662a6af9e966d7ab56dae83a7de20,51.0,Applite,banker,,com.xicerezo.access,2024-11-15 00:03:00+00:00,True,True,True
1333,6a684902c4db6c804bde9f04e42185750fdc9f9ab6675385e42114dd1c51c275,14.0,TgToxic,banker,,com.gzrtnq.Snapschat,2022-11-16 17:14:49+00:00,eligible_current_governed,6a684902c4db6c804bde9f04e42185750fdc9f9ab6675385e42114dd1c51c275,14.0,TgToxic,banker,,com.gzrtnq.Snapschat,2022-11-16 17:14:49+00:00,True,True,True
1335,6a8c601ba5a0eaebcabc274e5c3cfd3b93439fbe5432f178f1ba11bd07457407,15.0,GoldDigger,banker,,com.trinsmalw.hmnzroftc,2023-08-28 00:00:00+00:00,eligible_current_governed,6a8c601ba5a0eaebcabc274e5c3cfd3b93439fbe5432f178f1ba11bd07457407,15.0,GoldDigger,banker,,com.trinsmalw.hmnzroftc,2023-08-28 00:00:00+00:00,True,True,True
1336,6ac7e7ed83b4b57cc4d28f14308d69d062d29a544bbde0856d5697b0fc50cde4,3.0,Cerberus,banker,,com.wogdjywtwq.oiofvpzpxyo,2020-06-11 00:00:00+00:00,eligible_current_governed,6ac7e7ed83b4b57cc4d28f14308d69d062d29a544bbde0856d5697b0fc50cde4,3.0,Cerberus,banker,,com.wogdjywtwq.oiofvpzpxyo,2020-06-11 00:00:00+00:00,True,True,True
1340,6b14b895813139d9c0111aef64099d85eea34b267db0f17cda5eb43719f1dab7,44.0,Irata,banker,,ir.PluTus.pluto,2022-05-08 06:28:15+00:00,eligible_current_governed,6b14b895813139d9c0111aef64099d85eea34b267db0f17cda5eb43719f1dab7,44.0,Irata,banker,,ir.PluTus.pluto,2022-05-08 06:28:15+00:00,True,True,True
1343,6b72707f11013074b640ba2afc406f7e0804d966040929cb31bf1b8c4982ba87,51.0,Applite,banker,,com.homiji.argument,2024-10-23 06:38:50+00:00,eligible_current_governed,6b72707f11013074b640ba2afc406f7e0804d966040929cb31bf1b8c4982ba87,51.0,Applite,banker,,com.homiji.argument,2024-10-23 06:38:50+00:00,True,True,True
1346,6bc12a021142905c3875b614d8f99e693fbed3315b18024c36d4a38060cad10a,19.0,TrickMo,banker,,stupbuc.mit894.brook,2024-02-29 00:00:00+00:00,eligible_current_governed,6bc12a021142905c3875b614d8f99e693fbed3315b18024c36d4a38060cad10a,19.0,TrickMo,banker,,stupbuc.mit894.brook,2024-02-29 00:00:00+00:00,True,True,True
1349,6c1ac2546cd5e7a3ece5189df35c95ee8d4d51760252b8ce4ce54ac2516afba8,44.0,Irata,banker,,com.ops.tm,2022-05-07 03:10:09+00:00,eligible_current_governed,6c1ac2546cd5e7a3ece5189df35c95ee8d4d51760252b8ce4ce54ac2516afba8,44.0,Irata,banker,,com.ops.tm,2022-05-07 03:10:09+00:00,True,True,True
1352,6c943681c28f5f6adb65b48cf471ca09d9e02b7f67338827d423cda87aa35327,44.0,Irata,banker,,ir.shz.shzkisi,2022-08-25 05:55:00+00:00,eligible_current_governed,6c943681c28f5f6adb65b48cf471ca09d9e02b7f67338827d423cda87aa35327,44.0,Irata,banker,,ir.shz.shzkisi,2022-08-25 05:55:00+00:00,True,True,True
1356,6d10f77b6b77d58345c5feb8fb9bd7d94ae470282ab899a56fd5cb8ab1696312,45.0,PixPirate,banker,,com.cross.July,2023-04-30 04:28:37+00:00,eligible_current_governed,6d10f77b6b77d58345c5feb8fb9bd7d94ae470282ab899a56fd5cb8ab1696312,45.0,PixPirate,banker,,com.cross.July,2023-04-30 04:28:37+00:00,True,True,True
1359,6d8f30a35ae642d4710451a5da41265a84a5d3c5f4edfbcc91d54cb88551ce97,15.0,GoldDigger,banker,,com.aalixtgmyw.dkeibwxrqt,2023-10-06 00:00:00+00:00,eligible_current_governed,6d8f30a35ae642d4710451a5da41265a84a5d3c5f4edfbcc91d54cb88551ce97,15.0,GoldDigger,banker,,com.aalixtgmyw.dkeibwxrqt,2023-10-06 00:00:00+00:00,True,True,True
1361,6e0b0ebf0e009b9390e4d80d47e8ffc2e26bc4bd1b0c980a07e689decb8eb6d8,44.0,Irata,banker,,Rahbar.Api,2022-05-16 18:26:24+00:00,eligible_current_governed,6e0b0ebf0e009b9390e4d80d47e8ffc2e26bc4bd1b0c980a07e689decb8eb6d8,44.0,Irata,banker,,Rahbar.Api,2022-05-16 18:26:24+00:00,True,True,True
1365,6f4e0366d95b02dc59b15d89201bde9baa0181b10c5f7de7b97cc6b075faeb96,14.0,TgToxic,banker,,com.gzrtnq.Snapschat,2022-11-29 19:16:12+00:00,eligible_current_governed,6f4e0366d95b02dc59b15d89201bde9baa0181b10c5f7de7b97cc6b075faeb96,14.0,TgToxic,banker,,com.gzrtnq.Snapschat,2022-11-29 19:16:12+00:00,True,True,True
1369,6fa0c6b3e55ae87417eac523bb32ed3a8ac6f9683a70cef6f748a8765cc6eed7,14.0,TgToxic,banker,,com.ubuy.maitance,2022-10-26 05:20:42+00:00,eligible_current_governed,6fa0c6b3e55ae87417eac523bb32ed3a8ac6f9683a70cef6f748a8765cc6eed7,14.0,TgToxic,banker,,com.ubuy.maitance,2022-10-26 05:20:42+00:00,True,True,True
1370,6fa6a4ec95f1ba0063f7060d84b6ba507665150a5c30566ef19d9ea36673bd24,14.0,TgToxic,banker,,com.lelive.hybirdsa,2022-10-25 16:20:11+00:00,eligible_current_governed,6fa6a4ec95f1ba0063f7060d84b6ba507665150a5c30566ef19d9ea36673bd24,14.0,TgToxic,banker,,com.lelive.hybirdsa,2022-10-25 16:20:11+00:00,True,True,True
1372,6fd3bef6eea285d0c538d0d5afbb82a944ad2cef2e3e3beb5da23cd053ed5ec3,51.0,Applite,banker,,com.kumizuni.macro,2024-11-30 00:11:44+00:00,eligible_current_governed,6fd3bef6eea285d0c538d0d5afbb82a944ad2cef2e3e3beb5da23cd053ed5ec3,51.0,Applite,banker,,com.kumizuni.macro,2024-11-30 00:11:44+00:00,True,True,True
1374,70269916dfe954230bda695d60c05cacb4e11838de05eba26ccbad3be41164e8,44.0,Irata,banker,,edward.org,2022-08-11 11:58:27+00:00,eligible_current_governed,70269916dfe954230bda695d60c05cacb4e11838de05eba26ccbad3be41164e8,44.0,Irata,banker,,edward.org,2022-08-11 11:58:27+00:00,True,True,True
1377,705980cb59b2da6737914fc3174aa407a6c780f8f946e75e0a9aeadcbf82cfca,45.0,PixPirate,banker,,com.investigate.precious,2023-05-07 14:38:37+00:00,eligible_current_governed,705980cb59b2da6737914fc3174aa407a6c780f8f946e75e0a9aeadcbf82cfca,45.0,PixPirate,banker,,com.investigate.precious,2023-05-07 14:38:37+00:00,True,True,True
1380,70ea43cc01fc151a91d7404db1754de886ac1e72ece27b29064ee4139227d1e8,44.0,Irata,banker,,net.LydiaTeam,2022-02-04 15:00:00+00:00,eligible_current_governed,70ea43cc01fc151a91d7404db1754de886ac1e72ece27b29064ee4139227d1e8,44.0,Irata,banker,,net.LydiaTeam,2022-02-04 15:00:00+00:00,True,True,True
1384,717c7333e54f305954166bd35fa9d0a23901b716408d8ac16673e18ef59d187b,15.0,GoldDigger,banker,,com.trinsmalw.ttlomqwunw,2023-10-06 00:00:00+00:00,eligible_current_governed,717c7333e54f305954166bd35fa9d0a23901b716408d8ac16673e18ef59d187b,15.0,GoldDigger,banker,,com.trinsmalw.ttlomqwunw,2023-10-06 00:00:00+00:00,True,True,True
1387,71c78101f7792fe879a082e323fed89c5e4a43132d01d3f79ed02afd8db45497,5.0,SharkBot,banker,,com.pagnotto28.sellsourcecode.alpha,2022-02-09 08:05:27+00:00,below_min_samples_per_family,,,,,,,,True,False,True
1388,71d194176252be71d41fd38109671372dc2f8273c951403d123a35d3d654564c,56.0,XRat,rat,,com.dadada,2022-01-04 00:00:00+00:00,eligible_current_governed,71d194176252be71d41fd38109671372dc2f8273c951403d123a35d3d654564c,56.0,XRat,rat,,com.dadada,2022-01-04 00:00:00+00:00,True,True,True
1389,71e1280d6667fa0143a1e7932a9e1bb21938f52f565096eac4652da18c0edea6,14.0,TgToxic,banker,,com.diksaq.zdawvr,2022-12-05 05:16:44+00:00,eligible_current_governed,71e1280d6667fa0143a1e7932a9e1bb21938f52f565096eac4652da18c0edea6,14.0,TgToxic,banker,,com.diksaq.zdawvr,2022-12-05 05:16:44+00:00,True,True,True
1390,724a56172f40177da76242ee169ac336b63d5df85889368d1531f593b658606b,18.0,SOVA,banker,,com.help.marine,2023-04-04 13:35:37+00:00,below_min_samples_per_family,,,,,,,,True,False,True
1395,72d24bbb6c1a2aeb7408f86befbbfd8eb668479bf5af518b41b2720c382e3216,54.0,FatBoyPanel,banker,,,2024-07-24 10:32:56+00:00,eligible_current_governed,72d24bbb6c1a2aeb7408f86befbbfd8eb668479bf5af518b41b2720c382e3216,54.0,FatBoyPanel,banker,,,2024-07-24 10:32:56+00:00,False,True,True
1396,72d40ff8ad114724b8d4e0350f81f797866c0f271844aeddc3b92f33faa6fbc0,9.0,Godfather,banker,,com.admiring.unmoralist,2024-10-17 00:02:56+00:00,eligible_current_governed,72d40ff8ad114724b8d4e0350f81f797866c0f271844aeddc3b92f33faa6fbc0,9.0,Godfather,banker,,com.admiring.unmoralist,2024-10-17 00:02:56+00:00,True,True,True
1397,72db4117f73c566a8a98fe27d00dc645e319a98217fa7fc5992138e70af8574a,36.0,SpyNote,rat,,trend.micro.micro,2022-09-28 11:35:45+00:00,eligible_current_governed,72db4117f73c566a8a98fe27d00dc645e319a98217fa7fc5992138e70af8574a,36.0,SpyNote,rat,,trend.micro.micro,2022-09-28 11:35:45+00:00,False,True,True
1398,72db76e68af15e111a450cb90e6965b9e441010473be4e6940e97944d853ec55,51.0,Applite,banker,,com.robeniye.base,2024-12-10 09:33:47+00:00,eligible_current_governed,72db76e68af15e111a450cb90e6965b9e441010473be4e6940e97944d853ec55,51.0,Applite,banker,,com.robeniye.base,2024-12-10 09:33:47+00:00,True,True,True
1399,7337a79d832a57531b20b09c2fc17b4257a6d4e93fcaeb961eb7c6a95b071a06,13.0,Vultur,banker,,se.accessibility.app,2024-03-30 00:00:00+00:00,eligible_current_governed,7337a79d832a57531b20b09c2fc17b4257a6d4e93fcaeb961eb7c6a95b071a06,13.0,Vultur,banker,,se.accessibility.app,2024-03-30 00:00:00+00:00,True,True,True
1400,73a061cb875d964a1bc2c252101d660563a66b4fb425ccf3b20d2642d039078e,44.0,Irata,banker,,edward.org,2022-08-20 21:39:58+00:00,eligible_current_governed,73a061cb875d964a1bc2c252101d660563a66b4fb425ccf3b20d2642d039078e,44.0,Irata,banker,,edward.org,2022-08-20 21:39:58+00:00,True,True,True
1401,73aa7241675739ae3b789413223280322cd8fd42333136de8451b5cbf429d00d,44.0,Irata,banker,,ir.shz.shzkisi,2022-08-13 22:24:40+00:00,eligible_current_governed,73aa7241675739ae3b789413223280322cd8fd42333136de8451b5cbf429d00d,44.0,Irata,banker,,ir.shz.shzkisi,2022-08-13 22:24:40+00:00,True,True,True
1404,73c6e6a99de3324279848aed7bbf633a17d9837851e6d3654614205b6c3d461f,51.0,Applite,banker,,com.ciwoci.broadband,2024-11-04 20:58:05+00:00,eligible_current_governed,73c6e6a99de3324279848aed7bbf633a17d9837851e6d3654614205b6c3d461f,51.0,Applite,banker,,com.ciwoci.broadband,2024-11-04 20:58:05+00:00,True,True,True
1407,73ec42013f549f3b709852770c9e2769a56943173d304f939f6bcdf567cda4f1,44.0,Irata,banker,,com.sckandar.android,2022-05-23 06:51:01+00:00,eligible_current_governed,73ec42013f549f3b709852770c9e2769a56943173d304f939f6bcdf567cda4f1,44.0,Irata,banker,,com.sckandar.android,2022-05-23 06:51:01+00:00,True,True,True
1411,7495392226c28c5aadab487648dfc9da5ce9f563c1deba3c52bce158dc72940e,44.0,Irata,banker,,edward.org,2022-05-31 00:00:00+00:00,eligible_current_governed,7495392226c28c5aadab487648dfc9da5ce9f563c1deba3c52bce158dc72940e,44.0,Irata,banker,,edward.org,2022-05-31 00:00:00+00:00,True,True,True
1412,74986dfdde72be39c57f943c02e281b3030c20254c92138421fa80c391865002,54.0,FatBoyPanel,banker,,,2024-03-16 00:06:04+00:00,eligible_current_governed,74986dfdde72be39c57f943c02e281b3030c20254c92138421fa80c391865002,54.0,FatBoyPanel,banker,,,2024-03-16 00:06:04+00:00,False,True,True
1413,74b73b9ab9da905f6011975b3bb4c5a41bb1c8700c9aa116bef74cdf3d47f112,19.0,TrickMo,banker,,congland.kens482.burg,2024-10-14 00:00:00+00:00,eligible_current_governed,74b73b9ab9da905f6011975b3bb4c5a41bb1c8700c9aa116bef74cdf3d47f112,19.0,TrickMo,banker,,congland.kens482.burg,2024-10-14 00:00:00+00:00,True,True,True
1414,74bfea71e711e6a25629df9fd09ad6466a1c738aa4ecbe95654ebf1b989e799a,51.0,Applite,banker,,com.firiwumo.array,2024-11-10 19:51:03+00:00,eligible_current_governed,74bfea71e711e6a25629df9fd09ad6466a1c738aa4ecbe95654ebf1b989e799a,51.0,Applite,banker,,com.firiwumo.array,2024-11-10 19:51:03+00:00,True,True,True
1418,7527a0cbc7bafc69d3e329c63016f77eb5505fbfdbaa7b01c5dcb77b3823ac35,51.0,Applite,banker,,com.zeyunuji.network,2024-12-14 00:02:49+00:00,eligible_current_governed,7527a0cbc7bafc69d3e329c63016f77eb5505fbfdbaa7b01c5dcb77b3823ac35,51.0,Applite,banker,,com.zeyunuji.network,2024-12-14 00:02:49+00:00,True,True,True
1422,75bc0a1913c404f1c02eea4a95900226a53b3775af78ee035e0b39c369d44b4f,44.0,Irata,banker,,ir.shz.shzkisi,2022-08-07 21:30:23+00:00,eligible_current_governed,75bc0a1913c404f1c02eea4a95900226a53b3775af78ee035e0b39c369d44b4f,44.0,Irata,banker,,ir.shz.shzkisi,2022-08-07 21:30:23+00:00,True,True,True
1424,75cf5353184221e9b711e72d4aabb6cf0a3fffd0b3a6391091c572e25c79afcd,45.0,PixPirate,banker,,com.seal.slope,2023-02-03 23:05:29+00:00,eligible_current_governed,75cf5353184221e9b711e72d4aabb6cf0a3fffd0b3a6391091c572e25c79afcd,45.0,PixPirate,banker,,com.seal.slope,2023-02-03 23:05:29+00:00,True,True,True
1426,7618247ac18aacd146a070a4fb6c33888f8c7c94e953b8883761372bba9341da,45.0,PixPirate,banker,,com.sixty.employment,2023-05-24 10:52:06+00:00,eligible_current_governed,7618247ac18aacd146a070a4fb6c33888f8c7c94e953b8883761372bba9341da,45.0,PixPirate,banker,,com.sixty.employment,2023-05-24 10:52:06+00:00,True,True,True
1427,76209c46988d17ab26e8d182bf575cc09296f85f66bec7cc7954ab7b13f92a50,45.0,PixPirate,banker,,com.committee.cupboard,2023-01-16 12:20:10+00:00,eligible_current_governed,76209c46988d17ab26e8d182bf575cc09296f85f66bec7cc7954ab7b13f92a50,45.0,PixPirate,banker,,com.committee.cupboard,2023-01-16 12:20:10+00:00,True,True,True
1429,7664293fc1dde797940d857d1f16eb1e12a15b9126d704854f97df1bedc18758,9.0,Godfather,banker,,com.zhrguefgfr.bhrrvllsjf,2021-12-03 13:49:41+00:00,eligible_current_governed,7664293fc1dde797940d857d1f16eb1e12a15b9126d704854f97df1bedc18758,9.0,Godfather,banker,,com.zhrguefgfr.bhrrvllsjf,2021-12-03 13:49:41+00:00,True,True,True
1430,767477f523251c01f7f26465ae82f6077808dd660baf7c6a00b761d5bacfdf51,51.0,Applite,banker,,com.topoku.applet,2024-12-03 04:23:07+00:00,eligible_current_governed,767477f523251c01f7f26465ae82f6077808dd660baf7c6a00b761d5bacfdf51,51.0,Applite,banker,,com.topoku.applet,2024-12-03 04:23:07+00:00,True,True,True
1432,769587309d3182f0594a5ade73b7ce0e3593800786cd07edb631e4be01578d3b,44.0,Irata,banker,,realrat.siqe.holo,2022-06-27 16:11:15+00:00,eligible_current_governed,769587309d3182f0594a5ade73b7ce0e3593800786cd07edb631e4be01578d3b,44.0,Irata,banker,,realrat.siqe.holo,2022-06-27 16:11:15+00:00,True,True,True
1433,77024cf960ee89a19ca6a215c59c7b7f0c6707c35ad890bc045aca32794d60d3,51.0,Applite,banker,,com.tigenu.associative,2024-12-13 08:23:39+00:00,eligible_current_governed,77024cf960ee89a19ca6a215c59c7b7f0c6707c35ad890bc045aca32794d60d3,51.0,Applite,banker,,com.tigenu.associative,2024-12-13 08:23:39+00:00,True,True,True
1434,774acbfbedd2a37e636f6251af84a7abb2e64c2db9d6de5ce0fec4121064ea49,4.0,FluBot,banker,,com.eg.android.AlipayGphone,2021-05-11 00:00:00+00:00,eligible_current_governed,774acbfbedd2a37e636f6251af84a7abb2e64c2db9d6de5ce0fec4121064ea49,4.0,FluBot,banker,,com.eg.android.AlipayGphone,2021-05-11 00:00:00+00:00,True,True,True
1437,77e04751bf8154a42b4d7372e719e4026c6c0e2036cd9db049aff2ca56fa972f,51.0,Applite,banker,,com.dapaya.base,2024-12-03 04:20:21+00:00,eligible_current_governed,77e04751bf8154a42b4d7372e719e4026c6c0e2036cd9db049aff2ca56fa972f,51.0,Applite,banker,,com.dapaya.base,2024-12-03 04:20:21+00:00,True,True,True
1442,78b331f12c392aa8fd84c2391b566d794796e3fbb24d8ffb05ed2065aeb667f9,51.0,Applite,banker,,com.yobige.plugin,2024-11-10 10:42:59+00:00,eligible_current_governed,78b331f12c392aa8fd84c2391b566d794796e3fbb24d8ffb05ed2065aeb667f9,51.0,Applite,banker,,com.yobige.plugin,2024-11-10 10:42:59+00:00,True,True,True
1444,78c5ba95393d3f8004212a4ca0d3463478988797e123ae3aece28872e6f90b1b,51.0,Applite,banker,,com.pojobe.bit,2024-12-02 04:18:43+00:00,eligible_current_governed,78c5ba95393d3f8004212a4ca0d3463478988797e123ae3aece28872e6f90b1b,51.0,Applite,banker,,com.pojobe.bit,2024-12-02 04:18:43+00:00,True,True,True
1445,78dce8045891a46e04c1e3a741561673f1ffa5eedacc030de1ca0aec545b75ca,51.0,Applite,banker,,com.nucoyu.todo,2024-12-01 19:39:31+00:00,eligible_current_governed,78dce8045891a46e04c1e3a741561673f1ffa5eedacc030de1ca0aec545b75ca,51.0,Applite,banker,,com.nucoyu.todo,2024-12-01 19:39:31+00:00,True,True,True
1446,78dfebb00200301f0bc1e246973166cda1d2cd51df0ac50ed3f29fd412eaaa3a,7.0,Chameleon,banker,,com.play.rapid,2022-12-27 16:58:17+00:00,below_min_samples_per_family,,,,,,,,True,False,True
1447,7901eafc0a51652d2155476d18832bffab53ae988cf8b2d2d4dbce77bd5f2afb,44.0,Irata,banker,,ir.pardakht.xd,2021-12-01 12:26:01+00:00,eligible_current_governed,7901eafc0a51652d2155476d18832bffab53ae988cf8b2d2d4dbce77bd5f2afb,44.0,Irata,banker,,ir.pardakht.xd,2021-12-01 12:26:01+00:00,True,True,True
1450,791fc77951c4fb0bf51f8b02aac10f48e62c9497c43b906266f27dc5e6a997d2,54.0,FatBoyPanel,banker,,,2024-06-07 06:17:44+00:00,eligible_current_governed,791fc77951c4fb0bf51f8b02aac10f48e62c9497c43b906266f27dc5e6a997d2,54.0,FatBoyPanel,banker,,,2024-06-07 06:17:44+00:00,False,True,True
1451,795b24b599fee214e7035ce4e183a5f59af74821cace456ed3250465b215e5f0,15.0,GoldDigger,banker,,com.yllhsbl.uxupgdr,2023-10-06 00:00:00+00:00,eligible_current_governed,795b24b599fee214e7035ce4e183a5f59af74821cace456ed3250465b215e5f0,15.0,GoldDigger,banker,,com.yllhsbl.uxupgdr,2023-10-06 00:00:00+00:00,True,True,True
1457,79fd1dccfa16c5f3a41fbdb0a08bb0180a2e9e5a2ae95ef588b3c39ee063ce48,57.0,SpyLoan,spyware,,com.conseguir.sol.pe,2024-06-10 00:00:00+00:00,eligible_current_governed,79fd1dccfa16c5f3a41fbdb0a08bb0180a2e9e5a2ae95ef588b3c39ee063ce48,57.0,SpyLoan,spyware,,com.conseguir.sol.pe,2024-06-10 00:00:00+00:00,True,True,True
1459,7a0ea758fe63f1acd04f96dc38db07af3fb92d119b3deb09ea80f1550cc5afab,16.0,Crocodilus,banker,,asparagus.riptide,2025-04-03 18:45:58+00:00,eligible_current_governed,7a0ea758fe63f1acd04f96dc38db07af3fb92d119b3deb09ea80f1550cc5afab,16.0,Crocodilus,banker,,asparagus.riptide,2025-04-03 18:45:58+00:00,True,True,True
1460,7a165645df48f6bde0fd5939a3e15d160826d944e603c34d46a7285f02f0941e,53.0,Copybara,banker,,com.appbnlsicuroapp.apk,2024-02-29 02:58:48+00:00,eligible_current_governed,7a165645df48f6bde0fd5939a3e15d160826d944e603c34d46a7285f02f0941e,53.0,Copybara,banker,,com.appbnlsicuroapp.apk,2024-02-29 02:58:48+00:00,False,True,True
1463,7aa594ed925f25fab36c69d99140a2939bcea1dfdca5b1acbed8d3e85e9ec273,51.0,Applite,banker,,com.gujusi.log,2024-12-10 08:27:47+00:00,eligible_current_governed,7aa594ed925f25fab36c69d99140a2939bcea1dfdca5b1acbed8d3e85e9ec273,51.0,Applite,banker,,com.gujusi.log,2024-12-10 08:27:47+00:00,True,True,True
1464,7ab74bb3fd9aa60bd46901f52431edf436de2e6513bf69abb33d4fc12749bb9f,19.0,TrickMo,banker,,com.consider.recycle,2024-10-14 00:00:00+00:00,eligible_current_governed,7ab74bb3fd9aa60bd46901f52431edf436de2e6513bf69abb33d4fc12749bb9f,19.0,TrickMo,banker,,com.consider.recycle,2024-10-14 00:00:00+00:00,True,True,True
1465,7ad3249a690ffa3ed2ac918a51d702f4a88cc717e092fd116e8f55d9ad283aef,45.0,PixPirate,banker,,com.intention.entrance,2023-01-21 23:53:49+00:00,eligible_current_governed,7ad3249a690ffa3ed2ac918a51d702f4a88cc717e092fd116e8f55d9ad283aef,45.0,PixPirate,banker,,com.intention.entrance,2023-01-21 23:53:49+00:00,True,True,True
1467,7b1d017da28bb2416f222982f39d65ea6301e54c109abf3faaa18216e48771a7,45.0,PixPirate,banker,,com.deepen.upper,2023-02-13 10:46:27+00:00,eligible_current_governed,7b1d017da28bb2416f222982f39d65ea6301e54c109abf3faaa18216e48771a7,45.0,PixPirate,banker,,com.deepen.upper,2023-02-13 10:46:27+00:00,True,True,True
1470,7b4543cc4df1fc57af2cd9a892b2fab3647bdceb027d576217724a8c012a2065,9.0,Godfather,banker,,com.haemodoraceous.mormondom,2024-10-28 05:52:22+00:00,eligible_current_governed,7b4543cc4df1fc57af2cd9a892b2fab3647bdceb027d576217724a8c012a2065,9.0,Godfather,banker,,com.haemodoraceous.mormondom,2024-10-28 05:52:22+00:00,True,True,True
1472,7c805f51ee3b2994e742d73954e51d7c2c24c76455b0b9a1b44d61cb4e280502,18.0,SOVA,banker,,com.bean.cousin,2022-08-12 20:27:29+00:00,below_min_samples_per_family,,,,,,,,True,False,True
1474,7c87a510ff43866ba135c3ab6623b1fab5d6924d6238daafc68276eda8c55bf6,36.0,SpyNote,rat,,yps.eton.application,2020-01-21 03:20:23+00:00,eligible_current_governed,7c87a510ff43866ba135c3ab6623b1fab5d6924d6238daafc68276eda8c55bf6,36.0,SpyNote,rat,,yps.eton.application,2020-01-21 03:20:23+00:00,True,True,True
1476,7ca5d947735b205f60f5dfa3bc40e1d007237723cd1d9651c49301f6a13d46bf,44.0,Irata,banker,,ir.pardakht,2021-09-28 14:04:23+00:00,eligible_current_governed,7ca5d947735b205f60f5dfa3bc40e1d007237723cd1d9651c49301f6a13d46bf,44.0,Irata,banker,,ir.pardakht,2021-09-28 14:04:23+00:00,True,True,True
1477,7cb9fd73d8127ccef88d7f8ca11011a56603806067c7c70f994683f77d8c051b,51.0,Applite,banker,,com.radehe.compile,2024-09-29 18:21:33+00:00,eligible_current_governed,7cb9fd73d8127ccef88d7f8ca11011a56603806067c7c70f994683f77d8c051b,51.0,Applite,banker,,com.radehe.compile,2024-09-29 18:21:33+00:00,True,True,True
1479,7cf6138d8436993cf49f0ecef3db1e5f5e2544813fdda7f72b192e7446ac4cf1,45.0,PixPirate,banker,,com.word.summer,2023-01-27 19:22:31+00:00,eligible_current_governed,7cf6138d8436993cf49f0ecef3db1e5f5e2544813fdda7f72b192e7446ac4cf1,45.0,PixPirate,banker,,com.word.summer,2023-01-27 19:22:31+00:00,True,True,True
1485,7e2c9f717adeda8c3bc7cdcdf362a7aa44b34dd39eb5199f90d3275cfe5b3751,44.0,Irata,banker,,ctr.teodor.nipald,2022-02-03 00:00:00+00:00,eligible_current_governed,7e2c9f717adeda8c3bc7cdcdf362a7aa44b34dd39eb5199f90d3275cfe5b3751,44.0,Irata,banker,,ctr.teodor.nipald,2022-02-03 00:00:00+00:00,True,True,True
1486,7e5d28e9663fc6d2c5badc7a660058e2bf69b410791f01709177590c65944db1,36.0,SpyNote,rat,,com.jurisdiction.rental,2023-02-24 14:46:28+00:00,eligible_current_governed,7e5d28e9663fc6d2c5badc7a660058e2bf69b410791f01709177590c65944db1,36.0,SpyNote,rat,,com.jurisdiction.rental,2023-02-24 14:46:28+00:00,False,True,True
1488,7e8e11ca451a482eed34556ca147df74b98dc6a83c0bcc508659c8fa576acfa4,51.0,Applite,banker,,com.bunosi.router,2024-12-02 02:32:08+00:00,eligible_current_governed,7e8e11ca451a482eed34556ca147df74b98dc6a83c0bcc508659c8fa576acfa4,51.0,Applite,banker,,com.bunosi.router,2024-12-02 02:32:08+00:00,True,True,True
1489,7edc3857918a8d152d4be5cb2798fe85f2e19a45c40b3a64a2827e7511503c05,51.0,Applite,banker,,com.sijuriza.data,2024-12-12 09:31:14+00:00,eligible_current_governed,7edc3857918a8d152d4be5cb2798fe85f2e19a45c40b3a64a2827e7511503c05,51.0,Applite,banker,,com.sijuriza.data,2024-12-12 09:31:14+00:00,True,True,True
1491,7f1a344d8141e75c69a3c5cf61197f1d4b5038053fd777a68589ecdb29168e0c,13.0,Vultur,banker,,,2024-04-01 00:00:00+00:00,eligible_current_governed,7f1a344d8141e75c69a3c5cf61197f1d4b5038053fd777a68589ecdb29168e0c,13.0,Vultur,banker,,,2024-04-01 00:00:00+00:00,True,True,True
1492,7f3aa4f95dc02defbb750f2634231735850ced16b4a8633b65282f6b84256e2a,51.0,Applite,banker,,com.sovolare.direct,2024-12-05 07:11:19+00:00,eligible_current_governed,7f3aa4f95dc02defbb750f2634231735850ced16b4a8633b65282f6b84256e2a,51.0,Applite,banker,,com.sovolare.direct,2024-12-05 07:11:19+00:00,True,True,True
1495,7f5b870ed1f286d8a08a1860d38ef4966d4e9754b2d42bf41d7511e1856cc990,6.0,TeaBot,banker,,video.fantasy.amount,2021-05-12 00:00:00+00:00,below_min_samples_per_family,,,,,,,,True,False,True
1497,7fad10e45d90ca71e8c3efba605983c0f1ab11f23aa64717c67dc742108908ff,55.0,DoNot,spyware,,com.jio.join,2024-12-02 08:42:46+00:00,eligible_current_governed,7fad10e45d90ca71e8c3efba605983c0f1ab11f23aa64717c67dc742108908ff,55.0,DoNot,spyware,,com.jio.join,2024-12-02 08:42:46+00:00,True,True,True
1498,7fc4ae3d9d5c68896b5409fe717e35396ee9051d767e73ad1cd9e67c6fd3ce2d,51.0,Applite,banker,,com.cofejo.control,2024-12-04 08:40:49+00:00,eligible_current_governed,7fc4ae3d9d5c68896b5409fe717e35396ee9051d767e73ad1cd9e67c6fd3ce2d,51.0,Applite,banker,,com.cofejo.control,2024-12-04 08:40:49+00:00,True,True,True
1499,7ffbc88e97be67214ad17325142ceb54823a5bdcebdbd4e4c9d0c65b3f0a1813,53.0,Copybara,banker,,com.appchebanca.token,2023-12-19 16:09:50+00:00,eligible_current_governed,7ffbc88e97be67214ad17325142ceb54823a5bdcebdbd4e4c9d0c65b3f0a1813,53.0,Copybara,banker,,com.appchebanca.token,2023-12-19 16:09:50+00:00,False,True,True
1501,804029c0a9c2134d93185ce79ffb19cd291f2b0737a48bc0700fc05d3b23bdfc,46.0,Joker,banker,,com.dusw.funtes,2021-04-12 01:36:02+00:00,eligible_current_governed,804029c0a9c2134d93185ce79ffb19cd291f2b0737a48bc0700fc05d3b23bdfc,46.0,Joker,banker,,com.dusw.funtes,2021-04-12 01:36:02+00:00,True,True,True
1505,80d30024711b3fdf821a6f4bde2a2636a5bd90a037849aebd42a2f710943f9e5,15.0,GoldDigger,banker,,,2023-09-08 01:52:21+00:00,eligible_current_governed,80d30024711b3fdf821a6f4bde2a2636a5bd90a037849aebd42a2f710943f9e5,15.0,GoldDigger,banker,,,2023-09-08 01:52:21+00:00,True,True,True
1506,8140e2b27418db3b8083885a970207d73285d9ee6b507d173217bee4cd4dfef6,51.0,Applite,banker,,com.fetoxuzo.freeware,2024-12-03 08:15:17+00:00,eligible_current_governed,8140e2b27418db3b8083885a970207d73285d9ee6b507d173217bee4cd4dfef6,51.0,Applite,banker,,com.fetoxuzo.freeware,2024-12-03 08:15:17+00:00,True,True,True
1507,816d39a2e7c075cc32bae63b801acb124282369a0a931141ee4c8e98025c54b3,51.0,Applite,banker,,com.lakesasa.glob,2024-12-17 08:25:20+00:00,eligible_current_governed,816d39a2e7c075cc32bae63b801acb124282369a0a931141ee4c8e98025c54b3,51.0,Applite,banker,,com.lakesasa.glob,2024-12-17 08:25:20+00:00,True,True,True
1509,818c9caa65a80706e8d1620fefcb163293327ed96026afe14699b723091f785e,55.0,DoNot,spyware,,at.standard.apps,2024-02-01 15:05:19+00:00,eligible_current_governed,818c9caa65a80706e8d1620fefcb163293327ed96026afe14699b723091f785e,55.0,DoNot,spyware,,at.standard.apps,2024-02-01 15:05:19+00:00,True,True,True
1510,819044d01e8726a47fc5970efc80ceddea0ac9bf7c1c5d08b293f0ae571369a9,13.0,Vultur,banker,,com.adajio.storm,2024-03-30 00:00:00+00:00,eligible_current_governed,819044d01e8726a47fc5970efc80ceddea0ac9bf7c1c5d08b293f0ae571369a9,13.0,Vultur,banker,,com.adajio.storm,2024-03-30 00:00:00+00:00,True,True,True
1511,8194f75cb34b742837b35c5693f5f2b95f518e34b2e0bd95c63075dd3cc8f0fb,46.0,Joker,banker,,com.kong.toouch.ass.iphoea,2021-03-19 09:19:09+00:00,eligible_current_governed,8194f75cb34b742837b35c5693f5f2b95f518e34b2e0bd95c63075dd3cc8f0fb,46.0,Joker,banker,,com.kong.toouch.ass.iphoea,2021-03-19 09:19:09+00:00,True,True,True
1513,81fda9ff99aec1b6f7b328652e330d304fb18ee74e0dbd0b759acb24e7523d8c,2.0,BlackRock,banker,,onpekpikylb.bcgdhxgzwd.dzlecjglpigjuc,2020-06-29 11:35:40+00:00,below_min_samples_per_family,,,,,,,,True,False,True
1517,824bc8f232feb2eefdcdda66dd56baf2eb654ede2aa3f4ce2351da26900a05ca,44.0,Irata,banker,,Dev.ArmaN.PortFucker,2022-06-08 00:00:00+00:00,eligible_current_governed,824bc8f232feb2eefdcdda66dd56baf2eb654ede2aa3f4ce2351da26900a05ca,44.0,Irata,banker,,Dev.ArmaN.PortFucker,2022-06-08 00:00:00+00:00,True,True,True
1519,827167c9d2b85f420ad2cde9f0e62a39ce0e12ae247a6db4dd560a9c1dc8915c,51.0,Applite,banker,,com.mohojo.aggregation,2024-11-04 00:02:18+00:00,eligible_current_governed,827167c9d2b85f420ad2cde9f0e62a39ce0e12ae247a6db4dd560a9c1dc8915c,51.0,Applite,banker,,com.mohojo.aggregation,2024-11-04 00:02:18+00:00,True,True,True
1520,82a46c19d82e1659e3a93fb938b7a9a2b97804de1f1e6b3d2d301d08f33a5560,51.0,Applite,banker,,com.tajobobe.general,2024-11-12 01:36:23+00:00,eligible_current_governed,82a46c19d82e1659e3a93fb938b7a9a2b97804de1f1e6b3d2d301d08f33a5560,51.0,Applite,banker,,com.tajobobe.general,2024-11-12 01:36:23+00:00,True,True,True
1521,82ab11219419bc389cb12f78d9eb805d2297815f472673bb2e4d468c832114a5,44.0,Irata,banker,,Caco333.siqe.holo,2022-07-22 09:36:55+00:00,eligible_current_governed,82ab11219419bc389cb12f78d9eb805d2297815f472673bb2e4d468c832114a5,44.0,Irata,banker,,Caco333.siqe.holo,2022-07-22 09:36:55+00:00,True,True,True
1522,82aef7e3d3ea24467454da66c042287c9ab7cc87f9cc80628afc9d3679e219ac,44.0,Irata,banker,,ir.pardakht,2020-06-11 00:00:00+00:00,eligible_current_governed,82aef7e3d3ea24467454da66c042287c9ab7cc87f9cc80628afc9d3679e219ac,44.0,Irata,banker,,ir.pardakht,2020-06-11 00:00:00+00:00,True,True,True
1531,840e171e963adefc2abc0819bdb90ed97e70a7863d3a3cea34e1419e1855129e,45.0,PixPirate,banker,,com.code.loaf,2023-01-27 19:41:35+00:00,eligible_current_governed,840e171e963adefc2abc0819bdb90ed97e70a7863d3a3cea34e1419e1855129e,45.0,PixPirate,banker,,com.code.loaf,2023-01-27 19:41:35+00:00,True,True,True
1533,8482623610d437f8107454db8a518d15f7ed7529b3b081dd606a47c6de50cff7,44.0,Irata,banker,,com.rez.ir,2022-05-18 00:00:00+00:00,eligible_current_governed,8482623610d437f8107454db8a518d15f7ed7529b3b081dd606a47c6de50cff7,44.0,Irata,banker,,com.rez.ir,2022-05-18 00:00:00+00:00,True,True,True
1534,84d828ad9de91640959333c2b25475bcd875eded18a577670d2dcd7a4fab377b,44.0,Irata,banker,,com.bitstrips.imoji,2022-05-16 00:00:00+00:00,eligible_current_governed,84d828ad9de91640959333c2b25475bcd875eded18a577670d2dcd7a4fab377b,44.0,Irata,banker,,com.bitstrips.imoji,2022-05-16 00:00:00+00:00,True,True,True
1538,8500f75473db4ef0d70980463b324369b9320de20c59fb760522be16ea3cf3c5,19.0,TrickMo,banker,,congland.kens482.burg,2024-10-14 00:00:00+00:00,eligible_current_governed,8500f75473db4ef0d70980463b324369b9320de20c59fb760522be16ea3cf3c5,19.0,TrickMo,banker,,congland.kens482.burg,2024-10-14 00:00:00+00:00,True,True,True
1539,852a1ae6193899f495d047904f4bdb56cc48836db4d57056b02352ae0a63be12,57.0,SpyLoan,spyware,,com.gotoloan.cash,2024-12-03 00:00:00+00:00,eligible_current_governed,852a1ae6193899f495d047904f4bdb56cc48836db4d57056b02352ae0a63be12,57.0,SpyLoan,spyware,,com.gotoloan.cash,2024-12-03 00:00:00+00:00,True,True,True
1540,85458f2221d78cf2be035c6d72e8556a6d6c3aae9aa3f56f8489d8b0dc1133a5,51.0,Applite,banker,,com.dukikuvo.advanced,2024-11-14 00:04:50+00:00,eligible_current_governed,85458f2221d78cf2be035c6d72e8556a6d6c3aae9aa3f56f8489d8b0dc1133a5,51.0,Applite,banker,,com.dukikuvo.advanced,2024-11-14 00:04:50+00:00,True,True,True
1542,861a4f41d6680f6021aa24d36d4be36961f134550a748b25bd75ca5db7d2f5e8,46.0,Joker,banker,,com.windowspl.launcherwith,2021-03-19 10:12:14+00:00,eligible_current_governed,861a4f41d6680f6021aa24d36d4be36961f134550a748b25bd75ca5db7d2f5e8,46.0,Joker,banker,,com.windowspl.launcherwith,2021-03-19 10:12:14+00:00,True,True,True
1544,8689d59aac223219e0fdb7886be289a9536817eb6711089b5dd099a1e580f8e4,55.0,DoNot,spyware,,two.six.zero,2025-01-21 00:00:00+00:00,eligible_current_governed,8689d59aac223219e0fdb7886be289a9536817eb6711089b5dd099a1e580f8e4,55.0,DoNot,spyware,,two.six.zero,2025-01-21 00:00:00+00:00,True,True,True
1547,86f8ca31bddccc5c65cc6de18a9e8801e65e7e6169b6734bc1bfe4cea0fd9071,51.0,Applite,banker,,com.kokevugopa.backup,2024-12-04 09:19:35+00:00,eligible_current_governed,86f8ca31bddccc5c65cc6de18a9e8801e65e7e6169b6734bc1bfe4cea0fd9071,51.0,Applite,banker,,com.kokevugopa.backup,2024-12-04 09:19:35+00:00,True,True,True
1548,86f8fd1bf24bf8b0c131228520dd8dca77d81a37ffdbfd537f93baa2f33620ed,51.0,Applite,banker,,com.nikexicufi.array,2024-11-30 07:54:41+00:00,eligible_current_governed,86f8fd1bf24bf8b0c131228520dd8dca77d81a37ffdbfd537f93baa2f33620ed,51.0,Applite,banker,,com.nikexicufi.array,2024-11-30 07:54:41+00:00,True,True,True
1552,87ba4a4c9db443fc2e0f6f652625b5a5c692b7c88f6ef11a338722310535398b,16.0,Crocodilus,banker,,frolic.delegator.disposal,2025-03-24 17:54:07+00:00,eligible_current_governed,87ba4a4c9db443fc2e0f6f652625b5a5c692b7c88f6ef11a338722310535398b,16.0,Crocodilus,banker,,frolic.delegator.disposal,2025-03-24 17:54:07+00:00,True,True,True
1553,87f30af436938f2a776e7d2020457ea5599558e401a3389faaa8b5414e6e2721,44.0,Irata,banker,,ir.stop.devsalmedime,2022-04-24 14:26:08+00:00,eligible_current_governed,87f30af436938f2a776e7d2020457ea5599558e401a3389faaa8b5414e6e2721,44.0,Irata,banker,,ir.stop.devsalmedime,2022-04-24 14:26:08+00:00,True,True,True
1556,88d3cb485f405a6cec9d14e9ee2865491855897bfc9a958c0e7c06485a074d02,40.0,Xenomorph,banker,,meritoriousness.mollah.presser,2023-02-14 13:31:41+00:00,below_min_samples_per_family,,,,,,,,True,False,True
1557,88ed55e408a69ac963bc80173be23e143c605657bf57c4227a35771a6c24767e,44.0,Irata,banker,,edward.org,2022-08-13 21:34:46+00:00,eligible_current_governed,88ed55e408a69ac963bc80173be23e143c605657bf57c4227a35771a6c24767e,44.0,Irata,banker,,edward.org,2022-08-13 21:34:46+00:00,True,True,True
1558,890009499980772351051d001a6e9af50020b04f4664e41d072fc80b8ec161d9,45.0,PixPirate,banker,,com.welcome.color,2023-04-12 13:40:33+00:00,eligible_current_governed,890009499980772351051d001a6e9af50020b04f4664e41d072fc80b8ec161d9,45.0,PixPirate,banker,,com.welcome.color,2023-04-12 13:40:33+00:00,True,True,True
1563,89625cf2caed9028b41121c4589d9e35fa7981a2381aa293d4979b36cf5c8ff2,13.0,Vultur,banker,,com.medical.balance,2024-03-30 00:00:00+00:00,eligible_current_governed,89625cf2caed9028b41121c4589d9e35fa7981a2381aa293d4979b36cf5c8ff2,13.0,Vultur,banker,,com.medical.balance,2024-03-30 00:00:00+00:00,True,True,True
1566,89e5746d0903777ef68582733c777b9ee53c42dc4d64187398e1131cccfc0599,6.0,TeaBot,banker,,trouble.canyon.van,2021-03-29 09:44:53+00:00,below_min_samples_per_family,,,,,,,,True,False,True
1569,8a2f6ff8aa1a6b416cb0aaa1530a8178c53760a69ce5c14d1d16ee880c335a4f,53.0,Copybara,banker,,com.bbvatokenapp.app,2024-01-30 14:10:39+00:00,eligible_current_governed,8a2f6ff8aa1a6b416cb0aaa1530a8178c53760a69ce5c14d1d16ee880c335a4f,53.0,Copybara,banker,,com.bbvatokenapp.app,2024-01-30 14:10:39+00:00,False,True,True
1570,8a4280d990833742707e00520fe91b7068bdbe752e5c16cde7f1758ddf7afab0,19.0,TrickMo,banker,,presod.pi620.uat,2024-11-04 23:05:15+00:00,eligible_current_governed,8a4280d990833742707e00520fe91b7068bdbe752e5c16cde7f1758ddf7afab0,19.0,TrickMo,banker,,presod.pi620.uat,2024-11-04 23:05:15+00:00,True,True,True
1573,8ab8d9e7c021e7efd392c6314a2d48da4990f3128c5b07d077215ce16fd439bc,51.0,Applite,banker,,com.cegoxi.bite,2024-11-13 12:02:42+00:00,eligible_current_governed,8ab8d9e7c021e7efd392c6314a2d48da4990f3128c5b07d077215ce16fd439bc,51.0,Applite,banker,,com.cegoxi.bite,2024-11-13 12:02:42+00:00,True,True,True
1575,8ae2fcc8bef4d9a0ae3d1ac5356dbd85a4f332ad497375cd217bd1e945e64692,9.0,Godfather,banker,,com.entrep.volatic,2024-11-02 19:41:07+00:00,eligible_current_governed,8ae2fcc8bef4d9a0ae3d1ac5356dbd85a4f332ad497375cd217bd1e945e64692,9.0,Godfather,banker,,com.entrep.volatic,2024-11-02 19:41:07+00:00,True,True,True
1578,8b10d29548d66e9ff9d9241505e09b24425e38453991a41ea3836ca2c3223a06,44.0,Irata,banker,,ir.shz.shzkisi,2022-07-31 15:51:13+00:00,eligible_current_governed,8b10d29548d66e9ff9d9241505e09b24425e38453991a41ea3836ca2c3223a06,44.0,Irata,banker,,ir.shz.shzkisi,2022-07-31 15:51:13+00:00,True,True,True
1579,8b1f34ba876ef2da838417004a2a9da088cab650e1650a7e33d092d1677921fb,55.0,DoNot,spyware,,the.quran.ai,2024-05-04 11:48:00+00:00,eligible_current_governed,8b1f34ba876ef2da838417004a2a9da088cab650e1650a7e33d092d1677921fb,55.0,DoNot,spyware,,the.quran.ai,2024-05-04 11:48:00+00:00,True,True,True
1580,8b52027cd37308ed21535fd02c5c2754879e2a6045479fdee71411c6ae14b697,44.0,Irata,banker,,realrat.siqe.holo,2022-05-18 20:41:11+00:00,eligible_current_governed,8b52027cd37308ed21535fd02c5c2754879e2a6045479fdee71411c6ae14b697,44.0,Irata,banker,,realrat.siqe.holo,2022-05-18 20:41:11+00:00,True,True,True
1581,8b67d387677b1207ea73b06b7370882703b3cc5d8f7e24641d7770b56f04168f,51.0,Applite,banker,,com.wojofaho.client,2024-12-08 09:45:38+00:00,eligible_current_governed,8b67d387677b1207ea73b06b7370882703b3cc5d8f7e24641d7770b56f04168f,51.0,Applite,banker,,com.wojofaho.client,2024-12-08 09:45:38+00:00,True,True,True
1583,8ba5f3c72ef0cc658dd832dbb1e1ffaf02d020a740847f93983b969d34a3281f,40.0,Xenomorph,banker,,com.warrior.merry,2023-03-07 02:46:51+00:00,below_min_samples_per_family,,,,,,,,True,False,True
1585,8bb45b595ce4eb8c13afccf064abc0c177be997ae8b5e9657fa9780ea173dc03,51.0,Applite,banker,,com.viyeha.app,2024-12-07 00:13:47+00:00,eligible_current_governed,8bb45b595ce4eb8c13afccf064abc0c177be997ae8b5e9657fa9780ea173dc03,51.0,Applite,banker,,com.viyeha.app,2024-12-07 00:13:47+00:00,True,True,True
1586,8bb8b1a1dc1487db610700f6b59ea4ab44ddc2f52e0eca06f8d1da663b312b58,4.0,FluBot,banker,,com.eg.android.AlipayGphone,2021-05-11 00:00:00+00:00,eligible_current_governed,8bb8b1a1dc1487db610700f6b59ea4ab44ddc2f52e0eca06f8d1da663b312b58,4.0,FluBot,banker,,com.eg.android.AlipayGphone,2021-05-11 00:00:00+00:00,True,True,True
1587,8bbb6cd5277177beb86b037ef77d6fcbae4a51a19668063d4d1b40ce2453dad3,53.0,Copybara,banker,,com.apptokenbpm.app,2024-01-15 14:36:17+00:00,eligible_current_governed,8bbb6cd5277177beb86b037ef77d6fcbae4a51a19668063d4d1b40ce2453dad3,53.0,Copybara,banker,,com.apptokenbpm.app,2024-01-15 14:36:17+00:00,False,True,True
1589,8be8576c742f31d690d449ab317b8fb562d03bc7c9dc33fa5abf09099b32d7a0,4.0,FluBot,banker,,com.tencent.mm,2021-05-11 00:00:00+00:00,eligible_current_governed,8be8576c742f31d690d449ab317b8fb562d03bc7c9dc33fa5abf09099b32d7a0,4.0,FluBot,banker,,com.tencent.mm,2021-05-11 00:00:00+00:00,True,True,True
1590,8c14d5bc5175c42c8dd65601b4964953f8179cfe5e627e5c952b6afd5ce7d39d,4.0,FluBot,banker,,com.tencent.mm,2021-03-23 00:00:00+00:00,eligible_current_governed,8c14d5bc5175c42c8dd65601b4964953f8179cfe5e627e5c952b6afd5ce7d39d,4.0,FluBot,banker,,com.tencent.mm,2021-03-23 00:00:00+00:00,True,True,True
1592,8c3c2efa7ce3d34fecb6672fdedda1026c5cf763d41165a824e055bf450e9d39,44.0,Irata,banker,,caco333.ca,2022-08-21 19:55:08+00:00,eligible_current_governed,8c3c2efa7ce3d34fecb6672fdedda1026c5cf763d41165a824e055bf450e9d39,44.0,Irata,banker,,caco333.ca,2022-08-21 19:55:08+00:00,True,True,True
1597,8cd3225b843d08b9d489094d0dc679741ff24685539b2e6db6d91eb0279f4dfd,55.0,DoNot,spyware,,az.standard.apps,2024-02-03 16:55:48+00:00,eligible_current_governed,8cd3225b843d08b9d489094d0dc679741ff24685539b2e6db6d91eb0279f4dfd,55.0,DoNot,spyware,,az.standard.apps,2024-02-03 16:55:48+00:00,True,True,True
1599,8cfec8fa2f09d0d7d3b8f9a07d45e2b709c1cd5785964f7c745b81fb8a472c8e,44.0,Irata,banker,,ir.shz.shzkisi,2022-08-24 20:54:15+00:00,eligible_current_governed,8cfec8fa2f09d0d7d3b8f9a07d45e2b709c1cd5785964f7c745b81fb8a472c8e,44.0,Irata,banker,,ir.shz.shzkisi,2022-08-24 20:54:15+00:00,True,True,True
1604,8dda2cc1f5bd6e78b23485208eee0ee5b811cc18011a4a055c3e320312191e78,56.0,XRat,rat,,com.dadada,2022-01-04 00:00:00+00:00,eligible_current_governed,8dda2cc1f5bd6e78b23485208eee0ee5b811cc18011a4a055c3e320312191e78,56.0,XRat,rat,,com.dadada,2022-01-04 00:00:00+00:00,True,True,True
1605,8df9866138dbcf4e777b7f3606489733089bb13b405bff1df4e5dadc13e0c041,14.0,TgToxic,banker,,com.mezwyh.owuftjkv,2022-12-26 19:50:31+00:00,eligible_current_governed,8df9866138dbcf4e777b7f3606489733089bb13b405bff1df4e5dadc13e0c041,14.0,TgToxic,banker,,com.mezwyh.owuftjkv,2022-12-26 19:50:31+00:00,True,True,True
1607,8e6bae4dce668e1e22a0d981c208b796e88d630df4be3fa3b55d83255a6af865,56.0,XRat,rat,,com.dadada,2022-01-04 00:00:00+00:00,eligible_current_governed,8e6bae4dce668e1e22a0d981c208b796e88d630df4be3fa3b55d83255a6af865,56.0,XRat,rat,,com.dadada,2022-01-04 00:00:00+00:00,True,True,True
1608,8e8470ed0fd881e9c7ad3db2bcb9515a9dc8fbbcf9fdf38169330514524059ef,19.0,TrickMo,banker,,pekers.car413.qui,2024-10-14 00:00:00+00:00,eligible_current_governed,8e8470ed0fd881e9c7ad3db2bcb9515a9dc8fbbcf9fdf38169330514524059ef,19.0,TrickMo,banker,,pekers.car413.qui,2024-10-14 00:00:00+00:00,True,True,True
1609,8e96d68c81006117e6dbc21eb13a784ce6fe9a800fae39c3d4fa2c08a26f4cf2,51.0,Applite,banker,,com.pesubiyile.home,2024-12-07 00:14:24+00:00,eligible_current_governed,8e96d68c81006117e6dbc21eb13a784ce6fe9a800fae39c3d4fa2c08a26f4cf2,51.0,Applite,banker,,com.pesubiyile.home,2024-12-07 00:14:24+00:00,True,True,True
1610,8e986ed96fb34f880bca07ab871c151f42e4e325f8af340c5690665102d05248,44.0,Irata,banker,,ir.seler.sie,2022-05-12 00:52:10+00:00,eligible_current_governed,8e986ed96fb34f880bca07ab871c151f42e4e325f8af340c5690665102d05248,44.0,Irata,banker,,ir.seler.sie,2022-05-12 00:52:10+00:00,True,True,True
1614,8f2e5987f0a103bd4e90f88aba92924e2238fef82ad62a8d0589c743e9677828,45.0,PixPirate,banker,,com.expansion.hand,2023-05-24 11:01:39+00:00,eligible_current_governed,8f2e5987f0a103bd4e90f88aba92924e2238fef82ad62a8d0589c743e9677828,45.0,PixPirate,banker,,com.expansion.hand,2023-05-24 11:01:39+00:00,True,True,True
1615,8f5aed8982908dab0d140718121373ce197ec80d3f01d13adae9d6d268c16a2b,19.0,TrickMo,banker,,vatlump.na178.litt,2024-01-05 00:00:00+00:00,eligible_current_governed,8f5aed8982908dab0d140718121373ce197ec80d3f01d13adae9d6d268c16a2b,19.0,TrickMo,banker,,vatlump.na178.litt,2024-01-05 00:00:00+00:00,True,True,True
1616,8f90c9d2da5f0b1ad31b9bfbb0e95c8a854fdd9d81d93b5e5c4152d5207c9100,45.0,PixPirate,banker,,com.fault.direct,2023-01-10 15:21:17+00:00,eligible_current_governed,8f90c9d2da5f0b1ad31b9bfbb0e95c8a854fdd9d81d93b5e5c4152d5207c9100,45.0,PixPirate,banker,,com.fault.direct,2023-01-10 15:21:17+00:00,True,True,True
1617,8fd290c4df1bb246185c4d931bc7338f44c01b3308c6f4b474ad48ea7982ac56,45.0,PixPirate,banker,,com.confirm.evening,2023-01-21 23:36:04+00:00,eligible_current_governed,8fd290c4df1bb246185c4d931bc7338f44c01b3308c6f4b474ad48ea7982ac56,45.0,PixPirate,banker,,com.confirm.evening,2023-01-21 23:36:04+00:00,True,True,True
1620,911fa473f75d48e28384023b4a008d6d0877ad0fa58f9ebf38da1b02a1481314,45.0,PixPirate,banker,,com.dam.ninth,2023-01-27 15:34:53+00:00,eligible_current_governed,911fa473f75d48e28384023b4a008d6d0877ad0fa58f9ebf38da1b02a1481314,45.0,PixPirate,banker,,com.dam.ninth,2023-01-27 15:34:53+00:00,True,True,True
1623,912fc02f852a25231859ee7db52514bff980e5163e009c531f804ee88759ed70,44.0,Irata,banker,,com.herodot,2022-05-16 00:00:00+00:00,eligible_current_governed,912fc02f852a25231859ee7db52514bff980e5163e009c531f804ee88759ed70,44.0,Irata,banker,,com.herodot,2022-05-16 00:00:00+00:00,True,True,True
1624,913d1630347c2df8b952840d0896c5fbe55d7ca5fdfe1b4b464ffbf9a6609462,45.0,PixPirate,banker,,com.hazard.memorial,2023-01-16 11:31:10+00:00,eligible_current_governed,913d1630347c2df8b952840d0896c5fbe55d7ca5fdfe1b4b464ffbf9a6609462,45.0,PixPirate,banker,,com.hazard.memorial,2023-01-16 11:31:10+00:00,True,True,True
1627,91f989ba53006d7710488227a800a5ee28e731cbaaa4ba71c5ab4f30c743cfe3,44.0,Irata,banker,,ir.shz.shzkisi,2022-08-15 18:52:59+00:00,eligible_current_governed,91f989ba53006d7710488227a800a5ee28e731cbaaa4ba71c5ab4f30c743cfe3,44.0,Irata,banker,,ir.shz.shzkisi,2022-08-15 18:52:59+00:00,True,True,True
1629,921d884b4861441e9c3a0b052aee5708ff92197da28b218f4aac199f04a6c66c,51.0,Applite,banker,,com.yikuribo.reboot,2024-12-05 09:20:57+00:00,eligible_current_governed,921d884b4861441e9c3a0b052aee5708ff92197da28b218f4aac199f04a6c66c,51.0,Applite,banker,,com.yikuribo.reboot,2024-12-05 09:20:57+00:00,True,True,True
1630,92234c3680c9f14154226e0128e7f60e42059d3751a7c7e846299a663dc6c94a,44.0,Irata,banker,,realrat.siqe.holo,2021-09-06 14:50:46+00:00,eligible_current_governed,92234c3680c9f14154226e0128e7f60e42059d3751a7c7e846299a663dc6c94a,44.0,Irata,banker,,realrat.siqe.holo,2021-09-06 14:50:46+00:00,True,True,True
1633,92af567452ecd02e48a2ebc762a318ce526ab28e192e89407cac9df3c317e78d,13.0,Vultur,banker,,com.wsandroid.suite,2024-04-01 00:00:00+00:00,eligible_current_governed,92af567452ecd02e48a2ebc762a318ce526ab28e192e89407cac9df3c317e78d,13.0,Vultur,banker,,com.wsandroid.suite,2024-04-01 00:00:00+00:00,True,True,True
1635,93288d18a7b43661a17f96955abb281e61df450ba2e4c7840ce9fd0e17ab8f77,38.0,BankBot,banker,,rbpbdwemefb.sktkcxzsdgsasrbiqoodhkw.sqmrea,2020-03-19 04:11:13+00:00,eligible_current_governed,93288d18a7b43661a17f96955abb281e61df450ba2e4c7840ce9fd0e17ab8f77,38.0,BankBot,banker,,rbpbdwemefb.sktkcxzsdgsasrbiqoodhkw.sqmrea,2020-03-19 04:11:13+00:00,False,True,True
1637,935eb2b96a50d5fdd5e0ec5e7984ba514faf91376b45314c7cfb2884790ebe2a,51.0,Applite,banker,,com.ramexe.function,2024-11-12 09:27:40+00:00,eligible_current_governed,935eb2b96a50d5fdd5e0ec5e7984ba514faf91376b45314c7cfb2884790ebe2a,51.0,Applite,banker,,com.ramexe.function,2024-11-12 09:27:40+00:00,True,True,True
1638,9360f2ee1db89f9bac13f8de427a7b89c24919361dcd004c40c95859c8ce6a79,45.0,PixPirate,banker,,com.companion.date,2023-02-06 03:20:39+00:00,eligible_current_governed,9360f2ee1db89f9bac13f8de427a7b89c24919361dcd004c40c95859c8ce6a79,45.0,PixPirate,banker,,com.companion.date,2023-02-06 03:20:39+00:00,True,True,True
1639,93906f672b103055f4e81e1a487539b943609fc37366b5cfe6b41ac5ba127471,51.0,Applite,banker,,com.fogejave.fill,2024-11-13 13:07:13+00:00,eligible_current_governed,93906f672b103055f4e81e1a487539b943609fc37366b5cfe6b41ac5ba127471,51.0,Applite,banker,,com.fogejave.fill,2024-11-13 13:07:13+00:00,True,True,True
1643,9419e19e957524e56062e2a7014c23ad83f6bafa77b8c18acbabd7f53136d839,51.0,Applite,banker,,com.pexetatebu.ram,2024-12-13 08:01:16+00:00,eligible_current_governed,9419e19e957524e56062e2a7014c23ad83f6bafa77b8c18acbabd7f53136d839,51.0,Applite,banker,,com.pexetatebu.ram,2024-12-13 08:01:16+00:00,True,True,True
1644,942106b0a31c6d963788c539a2a764cbd190baa5cbe80a1c90be67751249f535,44.0,Irata,banker,,ir.shz.Babsixii,2022-08-26 13:21:28+00:00,eligible_current_governed,942106b0a31c6d963788c539a2a764cbd190baa5cbe80a1c90be67751249f535,44.0,Irata,banker,,ir.shz.Babsixii,2022-08-26 13:21:28+00:00,True,True,True
1645,9424590cd97109acb10643ca0eb2a74dc4a485ca40f0f74f2aa5b70f613b80d2,44.0,Irata,banker,,com.psiphon3,2021-09-23 17:24:54+00:00,eligible_current_governed,9424590cd97109acb10643ca0eb2a74dc4a485ca40f0f74f2aa5b70f613b80d2,44.0,Irata,banker,,com.psiphon3,2021-09-23 17:24:54+00:00,True,True,True
1648,94dc277ca7d5c57a2980edde83007a2718342a5a0e7cf530d19d124fd49e0bee,44.0,Irata,banker,,com.mmdreza.app,2022-05-06 00:00:00+00:00,eligible_current_governed,94dc277ca7d5c57a2980edde83007a2718342a5a0e7cf530d19d124fd49e0bee,44.0,Irata,banker,,com.mmdreza.app,2022-05-06 00:00:00+00:00,True,True,True
1650,95a1793b5bd345b18eda377e529d74f360590764bf454dee96575e2f31706723,44.0,Irata,banker,,com.ops.tm,2022-07-05 15:14:58+00:00,eligible_current_governed,95a1793b5bd345b18eda377e529d74f360590764bf454dee96575e2f31706723,44.0,Irata,banker,,com.ops.tm,2022-07-05 15:14:58+00:00,True,True,True
1651,95f3183e162066f3c9c831c5872e172fa975cf6d3a02ed24c8f12f0cc2d3992e,51.0,Applite,banker,,com.tularuyoyu.firewall,2024-12-11 23:54:53+00:00,eligible_current_governed,95f3183e162066f3c9c831c5872e172fa975cf6d3a02ed24c8f12f0cc2d3992e,51.0,Applite,banker,,com.tularuyoyu.firewall,2024-12-11 23:54:53+00:00,True,True,True
1653,962f154f9c6a06411f0397b47126c8c0fab27e18beaea11f991060c126a9b7e4,44.0,Irata,banker,,Caco843.siqe.holo,2022-08-15 17:54:15+00:00,eligible_current_governed,962f154f9c6a06411f0397b47126c8c0fab27e18beaea11f991060c126a9b7e4,44.0,Irata,banker,,Caco843.siqe.holo,2022-08-15 17:54:15+00:00,True,True,True
1654,963cbd7eec6a7d681acc71b1686bb8bb2533c03cce96f9b13fe64c467a019cc1,51.0,Applite,banker,,com.kogibuwo.aggregation,2024-11-15 00:03:54+00:00,eligible_current_governed,963cbd7eec6a7d681acc71b1686bb8bb2533c03cce96f9b13fe64c467a019cc1,51.0,Applite,banker,,com.kogibuwo.aggregation,2024-11-15 00:03:54+00:00,True,True,True
1659,978f4a85f6a187ee9db157cbb0686ff830453c76bb832403784f11bfe340a630,40.0,Xenomorph,banker,,com.mhiauaqmlacl.ypmsfwbkjhsbeoz,2022-12-31 17:16:14+00:00,below_min_samples_per_family,,,,,,,,True,False,True
1660,97d72869ebbdf98057195c2c8e02aa58b3acde60a52797833d14ae726b94a2e0,45.0,PixPirate,banker,,com.bang.ruler,2023-01-19 00:46:17+00:00,eligible_current_governed,97d72869ebbdf98057195c2c8e02aa58b3acde60a52797833d14ae726b94a2e0,45.0,PixPirate,banker,,com.bang.ruler,2023-01-19 00:46:17+00:00,True,True,True
1661,9815ba07d0a2528c11d377b583243df24218a48c6a4f839f40769ea290555070,9.0,Godfather,banker,,com.pkxweljevm.rtkifoqjss,2021-06-24 18:58:44+00:00,eligible_current_governed,9815ba07d0a2528c11d377b583243df24218a48c6a4f839f40769ea290555070,9.0,Godfather,banker,,com.pkxweljevm.rtkifoqjss,2021-06-24 18:58:44+00:00,True,True,True
1664,98338c83e7e89c0f913de151ffa6219504116561328a1bbede46f78d910137b4,3.0,Cerberus,banker,,ghitqsbqzj.qxdaxadl.gndxtjzhhbgyalpguqopyu,2020-03-28 15:44:42+00:00,eligible_current_governed,98338c83e7e89c0f913de151ffa6219504116561328a1bbede46f78d910137b4,3.0,Cerberus,banker,,ghitqsbqzj.qxdaxadl.gndxtjzhhbgyalpguqopyu,2020-03-28 15:44:42+00:00,False,True,True
1671,99878c36262c6f41d97bf748902130bd04658f5d5cd16c327c93d2c0b31894eb,54.0,FatBoyPanel,banker,,,2024-04-19 11:00:26+00:00,eligible_current_governed,99878c36262c6f41d97bf748902130bd04658f5d5cd16c327c93d2c0b31894eb,54.0,FatBoyPanel,banker,,,2024-04-19 11:00:26+00:00,False,True,True
1676,9ac4c925c264162a9bc6eec6d6e58cb6aa72324362ccadcc0a4ddf8bee20f380,54.0,FatBoyPanel,banker,,,2024-06-14 14:43:43+00:00,eligible_current_governed,9ac4c925c264162a9bc6eec6d6e58cb6aa72324362ccadcc0a4ddf8bee20f380,54.0,FatBoyPanel,banker,,,2024-06-14 14:43:43+00:00,False,True,True
1680,9b020d58e01e1c6f317111d41fe635607c5d6c37542d70f391a64e5d8aa7af43,44.0,Irata,banker,,com.ops.tm,2022-05-26 10:49:09+00:00,eligible_current_governed,9b020d58e01e1c6f317111d41fe635607c5d6c37542d70f391a64e5d8aa7af43,44.0,Irata,banker,,com.ops.tm,2022-05-26 10:49:09+00:00,True,True,True
1681,9b204f839aed79d4c27f8d28198ef596dec9848a27a51f0672743a91e618677c,53.0,Copybara,banker,,com.appnuovabnl.apptoken,2024-02-25 10:25:17+00:00,eligible_current_governed,9b204f839aed79d4c27f8d28198ef596dec9848a27a51f0672743a91e618677c,53.0,Copybara,banker,,com.appnuovabnl.apptoken,2024-02-25 10:25:17+00:00,False,True,True
1682,9b2ae08089fbd837a3c4b002e5095b82e3b5c28a54ec075189c0ee88b8f81025,45.0,PixPirate,banker,,com.place.sideways,2022-12-23 20:02:37+00:00,eligible_current_governed,9b2ae08089fbd837a3c4b002e5095b82e3b5c28a54ec075189c0ee88b8f81025,45.0,PixPirate,banker,,com.place.sideways,2022-12-23 20:02:37+00:00,True,True,True
1685,9b92619bbb871d82fc78764f17254ddf58913dd7073202e797efd219ba2b4d29,56.0,XRat,rat,,com.dadada,2022-01-04 00:00:00+00:00,eligible_current_governed,9b92619bbb871d82fc78764f17254ddf58913dd7073202e797efd219ba2b4d29,56.0,XRat,rat,,com.dadada,2022-01-04 00:00:00+00:00,True,True,True
1686,9b9b67a2b9ec5a15044430a9f5d9ce6a7f524e1feed186a96309256df686cfdd,4.0,FluBot,banker,,power.discover.wife,2021-05-03 23:02:15+00:00,eligible_current_governed,9b9b67a2b9ec5a15044430a9f5d9ce6a7f524e1feed186a96309256df686cfdd,4.0,FluBot,banker,,power.discover.wife,2021-05-03 23:02:15+00:00,True,True,True
1687,9b9c2e0bdf5480aabbd0ab79de16a826bdbd11a142ce117e3f49f44b0b91f4c7,44.0,Irata,banker,,ir.PluTus.pluto,2022-07-17 11:20:51+00:00,eligible_current_governed,9b9c2e0bdf5480aabbd0ab79de16a826bdbd11a142ce117e3f49f44b0b91f4c7,44.0,Irata,banker,,ir.PluTus.pluto,2022-07-17 11:20:51+00:00,True,True,True
1690,9c136701362e2d661805257c02e23c9aa01b9081e1a559571f947390522fc51b,53.0,Copybara,banker,,com.bnltoken.appnuovatoken,2024-01-30 08:01:59+00:00,eligible_current_governed,9c136701362e2d661805257c02e23c9aa01b9081e1a559571f947390522fc51b,53.0,Copybara,banker,,com.bnltoken.appnuovatoken,2024-01-30 08:01:59+00:00,False,True,True
1695,9cb8b7d69145f8501eca9e7084e12e288f488f5d51febc30a13222527442bba6,56.0,XRat,rat,,com.dadada,2022-01-04 00:00:00+00:00,eligible_current_governed,9cb8b7d69145f8501eca9e7084e12e288f488f5d51febc30a13222527442bba6,56.0,XRat,rat,,com.dadada,2022-01-04 00:00:00+00:00,True,True,True
1697,9ce2ad40f3998860ca1ab21d97ea7346bf9d26ff867fc69c4d005c477c67a899,40.0,Xenomorph,banker,,com.great.calm,2023-02-16 20:26:02+00:00,below_min_samples_per_family,,,,,,,,True,False,True
1698,9d105edc4e3a53b342968fe805769342b15c3068100bcbdf22bc2e8b77f906d1,44.0,Irata,banker,,ir.shz.shzkisi,2022-08-14 09:55:16+00:00,eligible_current_governed,9d105edc4e3a53b342968fe805769342b15c3068100bcbdf22bc2e8b77f906d1,44.0,Irata,banker,,ir.shz.shzkisi,2022-08-14 09:55:16+00:00,True,True,True
1700,9d4376347f163352e384080f83455dc73ce44e90f7ef842425ba0e9ef4848946,51.0,Applite,banker,,com.weyavedu.freeware,2024-11-13 08:26:08+00:00,eligible_current_governed,9d4376347f163352e384080f83455dc73ce44e90f7ef842425ba0e9ef4848946,51.0,Applite,banker,,com.weyavedu.freeware,2024-11-13 08:26:08+00:00,True,True,True
1701,9d51a5c0f9abea8e9777e9d8615bcab2f9794b60bf233e3087615638ceaa140e,57.0,SpyLoan,spyware,,com.rupiahkilat.best,2024-12-03 00:00:00+00:00,eligible_current_governed,9d51a5c0f9abea8e9777e9d8615bcab2f9794b60bf233e3087615638ceaa140e,57.0,SpyLoan,spyware,,com.rupiahkilat.best,2024-12-03 00:00:00+00:00,True,True,True
1702,9d818d85b3075f5c92e4509c6001fca20f08e1bb65b925b90a1c5328e57af059,46.0,Joker,banker,,com.deotech.phots.poxtionas,2021-03-14 05:43:13+00:00,eligible_current_governed,9d818d85b3075f5c92e4509c6001fca20f08e1bb65b925b90a1c5328e57af059,46.0,Joker,banker,,com.deotech.phots.poxtionas,2021-03-14 05:43:13+00:00,True,True,True
1703,9dafc07911e018c9cd57556cfedd8b84b63adb7d20822186e3793a802a3dc146,19.0,TrickMo,banker,,quidi.guar601.cia,2024-05-14 00:00:00+00:00,eligible_current_governed,9dafc07911e018c9cd57556cfedd8b84b63adb7d20822186e3793a802a3dc146,19.0,TrickMo,banker,,quidi.guar601.cia,2024-05-14 00:00:00+00:00,True,True,True
1704,9dc217c00441a41b3876e6f085337dbd1755579b734e85df5e15f3cfe9f517d7,51.0,Applite,banker,,com.lezugo.folder,2024-11-14 01:37:11+00:00,eligible_current_governed,9dc217c00441a41b3876e6f085337dbd1755579b734e85df5e15f3cfe9f517d7,51.0,Applite,banker,,com.lezugo.folder,2024-11-14 01:37:11+00:00,True,True,True
1705,9dd56596bfabc9c717c3d6141354768dc396b2199e3f5301a2c037026b980703,7.0,Chameleon,banker,,com.combine.decrease,2023-01-03 05:54:07+00:00,below_min_samples_per_family,,,,,,,,True,False,True
1707,9dfb5b4ad9aac36c2d7fbb93f8668faa819cb0df16f4a55d00f1cdda89c9a6d2,9.0,Godfather,banker,,com.infosoft.docutain,2022-09-11 17:30:18+00:00,eligible_current_governed,9dfb5b4ad9aac36c2d7fbb93f8668faa819cb0df16f4a55d00f1cdda89c9a6d2,9.0,Godfather,banker,,com.infosoft.docutain,2022-09-11 17:30:18+00:00,True,True,True
1709,9e075d6929883ec5ae55948f32534e5c7a8294069a9b4decc8252c9693cfe067,44.0,Irata,banker,,com.ops.tm,2022-05-03 12:06:11+00:00,eligible_current_governed,9e075d6929883ec5ae55948f32534e5c7a8294069a9b4decc8252c9693cfe067,44.0,Irata,banker,,com.ops.tm,2022-05-03 12:06:11+00:00,True,True,True
1714,9f69f3ae0c08df7d5d3a43a93d2089cafc5c05b65c5b87ea4aedbb2b9052adaf,19.0,TrickMo,banker,,,2024-01-27 00:00:00+00:00,eligible_current_governed,9f69f3ae0c08df7d5d3a43a93d2089cafc5c05b65c5b87ea4aedbb2b9052adaf,19.0,TrickMo,banker,,,2024-01-27 00:00:00+00:00,True,True,True
1716,9f7752f8a16eac4edb6c18fbec6c95622cff968eee3283d9aa7ae8fbe095ec13,51.0,Applite,banker,,com.yowuciri.application,2024-11-04 17:00:27+00:00,eligible_current_governed,9f7752f8a16eac4edb6c18fbec6c95622cff968eee3283d9aa7ae8fbe095ec13,51.0,Applite,banker,,com.yowuciri.application,2024-11-04 17:00:27+00:00,True,True,True
1717,9f81ceb2c6b512402f9d7d0998a9e210a780fd51e494170186794d69bbddb642,48.0,Coper,banker,,node.al351.ex,2024-04-17 00:00:00+00:00,below_min_samples_per_family,,,,,,,,True,False,True
1721,a03c968ed6f639f766cf562493a90ae7a61e909d99e098aea2abbbf607003337,19.0,TrickMo,banker,,d2.d2.d2,2023-10-17 00:00:00+00:00,eligible_current_governed,a03c968ed6f639f766cf562493a90ae7a61e909d99e098aea2abbbf607003337,19.0,TrickMo,banker,,d2.d2.d2,2023-10-17 00:00:00+00:00,True,True,True
1722,a0991b9933ac9365945991822f9e09597c24f79a5770ee9c7980d7b840b0c12a,9.0,Godfather,banker,,com.imafrapps.rneradioespana,2023-01-08 19:46:17+00:00,eligible_current_governed,a0991b9933ac9365945991822f9e09597c24f79a5770ee9c7980d7b840b0c12a,9.0,Godfather,banker,,com.imafrapps.rneradioespana,2023-01-08 19:46:17+00:00,True,True,True
1723,a09dabe974dcf4630d749e55a5e56a0824ce4047a44407921f9dbd1334821fc0,14.0,TgToxic,banker,,com.diksaq.zdawvr,2022-12-15 14:46:40+00:00,eligible_current_governed,a09dabe974dcf4630d749e55a5e56a0824ce4047a44407921f9dbd1334821fc0,14.0,TgToxic,banker,,com.diksaq.zdawvr,2022-12-15 14:46:40+00:00,True,True,True
1726,a14aad1265eb307fbe71a3a5f6e688408ce153ff19838b3c5229f26ee3ece5dd,9.0,Godfather,banker,,com.thenextbiggeek.squidgamewallpaper,2021-11-14 16:20:13+00:00,eligible_current_governed,a14aad1265eb307fbe71a3a5f6e688408ce153ff19838b3c5229f26ee3ece5dd,9.0,Godfather,banker,,com.thenextbiggeek.squidgamewallpaper,2021-11-14 16:20:13+00:00,True,True,True
1728,a16b11aa7ef9efec866afebd591a1a7222c2fa3336b34dec0c2bf4c941d4f9dc,51.0,Applite,banker,,com.huzevofi.dom,2024-12-11 08:27:05+00:00,eligible_current_governed,a16b11aa7ef9efec866afebd591a1a7222c2fa3336b34dec0c2bf4c941d4f9dc,51.0,Applite,banker,,com.huzevofi.dom,2024-12-11 08:27:05+00:00,True,True,True
1731,a2826ba4482e722999068a8a93783415b342e0a226c8d2539cf4abde0998f408,44.0,Irata,banker,,ir.PluTus.pluto,2022-05-22 00:00:00+00:00,eligible_current_governed,a2826ba4482e722999068a8a93783415b342e0a226c8d2539cf4abde0998f408,44.0,Irata,banker,,ir.PluTus.pluto,2022-05-22 00:00:00+00:00,True,True,True
1734,a304150922a9b5b22842b8e6a8868385724a66bd7c0f7274460232437a71a106,44.0,Irata,banker,,Rahbar.Api,2022-05-04 10:02:18+00:00,eligible_current_governed,a304150922a9b5b22842b8e6a8868385724a66bd7c0f7274460232437a71a106,44.0,Irata,banker,,Rahbar.Api,2022-05-04 10:02:18+00:00,True,True,True
1737,a36910f85755cf66e7eceec3d529cede307b5d16f334b4eb5e3178d30a32f129,44.0,Irata,banker,,ir.shz.shzkisi,2022-08-08 11:18:45+00:00,eligible_current_governed,a36910f85755cf66e7eceec3d529cede307b5d16f334b4eb5e3178d30a32f129,44.0,Irata,banker,,ir.shz.shzkisi,2022-08-08 11:18:45+00:00,True,True,True
1738,a38c9493cdf7a178c65a1a08e1bfcac4e609badcef766183e7bb44453c2a6a3d,51.0,Applite,banker,,com.kusoromaja.app,2024-12-05 04:24:35+00:00,eligible_current_governed,a38c9493cdf7a178c65a1a08e1bfcac4e609badcef766183e7bb44453c2a6a3d,51.0,Applite,banker,,com.kusoromaja.app,2024-12-05 04:24:35+00:00,True,True,True
1739,a3de93197b49d8621d74287ca25241174c07af4456bbaeb66348be9de59bed67,44.0,Irata,banker,,ir.pardakht,2022-03-28 09:11:11+00:00,eligible_current_governed,a3de93197b49d8621d74287ca25241174c07af4456bbaeb66348be9de59bed67,44.0,Irata,banker,,ir.pardakht,2022-03-28 09:11:11+00:00,True,True,True
1742,a439747209282f8c3e7df8675c9f65727039e96410d2522e7559ae7effaa7f81,46.0,Joker,banker,,com.newyear.onekeyboard,2021-03-21 09:44:39+00:00,eligible_current_governed,a439747209282f8c3e7df8675c9f65727039e96410d2522e7559ae7effaa7f81,46.0,Joker,banker,,com.newyear.onekeyboard,2021-03-21 09:44:39+00:00,True,True,True
1743,a4605cf3971c0e47874055c29662a100d3d160676e7cbd0196f5cc412d4cec57,45.0,PixPirate,banker,,com.indeed.expansion,2023-01-16 11:31:04+00:00,eligible_current_governed,a4605cf3971c0e47874055c29662a100d3d160676e7cbd0196f5cc412d4cec57,45.0,PixPirate,banker,,com.indeed.expansion,2023-01-16 11:31:04+00:00,True,True,True
1744,a46537ccf4a188091f973a47b7186ee805539a0e5d94c62867cec08cec1c33e6,53.0,Copybara,banker,,com.mediobancatoken.appapknew,2024-01-18 13:05:02+00:00,eligible_current_governed,a46537ccf4a188091f973a47b7186ee805539a0e5d94c62867cec08cec1c33e6,53.0,Copybara,banker,,com.mediobancatoken.appapknew,2024-01-18 13:05:02+00:00,False,True,True
1749,a4d6c718a5978643439f9373630a72f738b763b535fa7e945e4adb5c1b75ab89,55.0,DoNot,spyware,,com.jio.join,2023-10-09 08:16:35+00:00,eligible_current_governed,a4d6c718a5978643439f9373630a72f738b763b535fa7e945e4adb5c1b75ab89,55.0,DoNot,spyware,,com.jio.join,2023-10-09 08:16:35+00:00,True,True,True
1756,a5d6b99e465d0fc22730301188a48090f7aac81796d02319421d969deb5d0857,14.0,TgToxic,banker,,com.diksaq.zdawvr,2022-11-29 12:35:10+00:00,eligible_current_governed,a5d6b99e465d0fc22730301188a48090f7aac81796d02319421d969deb5d0857,14.0,TgToxic,banker,,com.diksaq.zdawvr,2022-11-29 12:35:10+00:00,True,True,True
1758,a601164199bbf14c5adf4d6a6d6c6de20f2ab35ec7301588bceb4ee7bb7d1fdc,4.0,FluBot,banker,,com.tencent.mm,2021-05-11 00:00:00+00:00,eligible_current_governed,a601164199bbf14c5adf4d6a6d6c6de20f2ab35ec7301588bceb4ee7bb7d1fdc,4.0,FluBot,banker,,com.tencent.mm,2021-05-11 00:00:00+00:00,True,True,True
1760,a61e8223f1b5ccab5a726e7fd287638c7daf4633514dd6ca1376fbe59fabd3e8,45.0,PixPirate,banker,,com.concrete.whichever,2023-01-11 16:44:55+00:00,eligible_current_governed,a61e8223f1b5ccab5a726e7fd287638c7daf4633514dd6ca1376fbe59fabd3e8,45.0,PixPirate,banker,,com.concrete.whichever,2023-01-11 16:44:55+00:00,True,True,True
1761,a6314c7b39350e6800537e89347996a8819f14ca8482c28cd33717a89ba6a182,16.0,Crocodilus,banker,,worshiper.zombie,2025-04-02 18:50:52+00:00,eligible_current_governed,a6314c7b39350e6800537e89347996a8819f14ca8482c28cd33717a89ba6a182,16.0,Crocodilus,banker,,worshiper.zombie,2025-04-02 18:50:52+00:00,True,True,True
1763,a66884f69da09f5a275e1134b93782d24fc260d7764586f6603dc14772c5622d,45.0,PixPirate,banker,,com.scholarship.unlikely,2023-01-16 12:32:10+00:00,eligible_current_governed,a66884f69da09f5a275e1134b93782d24fc260d7764586f6603dc14772c5622d,45.0,PixPirate,banker,,com.scholarship.unlikely,2023-01-16 12:32:10+00:00,True,True,True
1766,a7151099e1c44a2a7e6695e3c0d135012cbae04390bb52d1a56f8c2818a6f6a0,44.0,Irata,banker,,edward.org,2022-07-06 09:05:09+00:00,eligible_current_governed,a7151099e1c44a2a7e6695e3c0d135012cbae04390bb52d1a56f8c2818a6f6a0,44.0,Irata,banker,,edward.org,2022-07-06 09:05:09+00:00,True,True,True
1767,a754c35dd09677b0b96d8a0dad5c9c5fdd28abd8cf2d8d38a9bd945ca8362e02,3.0,Cerberus,banker,,pdziakegsnnorrznbluf.ippmb.jbdtaorzbbtfrkck,2020-03-20 18:38:17+00:00,eligible_current_governed,a754c35dd09677b0b96d8a0dad5c9c5fdd28abd8cf2d8d38a9bd945ca8362e02,3.0,Cerberus,banker,,pdziakegsnnorrznbluf.ippmb.jbdtaorzbbtfrkck,2020-03-20 18:38:17+00:00,False,True,True
1769,a7975c066e2248edea0314613fe8303092d3a446ce99f7f0df25ff3a0ad4aa0c,45.0,PixPirate,banker,,com.submit.pole,2023-05-23 10:52:50+00:00,eligible_current_governed,a7975c066e2248edea0314613fe8303092d3a446ce99f7f0df25ff3a0ad4aa0c,45.0,PixPirate,banker,,com.submit.pole,2023-05-23 10:52:50+00:00,True,True,True
1770,a7a035666ad97adfcb9f271cc1e4bf52cf32b322afc049c8b07d26f94c3f2b37,45.0,PixPirate,banker,,com.bond.club,2023-01-21 23:34:54+00:00,eligible_current_governed,a7a035666ad97adfcb9f271cc1e4bf52cf32b322afc049c8b07d26f94c3f2b37,45.0,PixPirate,banker,,com.bond.club,2023-01-21 23:34:54+00:00,True,True,True
1771,a7f39d8a552a36e6bd5d93dd33dfc86b59eaf4f4bd640052f1bc14ce25b1f8f2,46.0,Joker,banker,,com.changer.voice.funappjokes,2021-03-12 16:11:28+00:00,eligible_current_governed,a7f39d8a552a36e6bd5d93dd33dfc86b59eaf4f4bd640052f1bc14ce25b1f8f2,46.0,Joker,banker,,com.changer.voice.funappjokes,2021-03-12 16:11:28+00:00,True,True,True
1773,a85924f646dd74f918d65ada1e4cf3fd755c2dd4f14a6c8447a5a9ba5476aa2d,14.0,TgToxic,banker,,com.eporner.epang,2022-11-13 04:45:48+00:00,eligible_current_governed,a85924f646dd74f918d65ada1e4cf3fd755c2dd4f14a6c8447a5a9ba5476aa2d,14.0,TgToxic,banker,,com.eporner.epang,2022-11-13 04:45:48+00:00,True,True,True
1776,a8858e69f9a3a1e6e5a9be609774d84cf05fcaa83675533051b2ea2e8f8f10b6,45.0,PixPirate,banker,,com.tencent.mm,2023-06-13 22:14:20+00:00,eligible_current_governed,a8858e69f9a3a1e6e5a9be609774d84cf05fcaa83675533051b2ea2e8f8f10b6,45.0,PixPirate,banker,,com.tencent.mm,2023-06-13 22:14:20+00:00,True,True,True
1777,a893bf5ac73a9ce09eb04f948e05264eae3f11cdaed02cf317b22367c902519f,44.0,Irata,banker,,com.dfcrdm,2022-02-01 06:33:29+00:00,eligible_current_governed,a893bf5ac73a9ce09eb04f948e05264eae3f11cdaed02cf317b22367c902519f,44.0,Irata,banker,,com.dfcrdm,2022-02-01 06:33:29+00:00,True,True,True
1778,a8a97e02d9134fca041e375358e868c5e6abe65c48a07ccc9cd3e6672cd3c7ea,15.0,GoldDigger,banker,,com.cvx.mpdjag,2023-09-09 00:00:00+00:00,eligible_current_governed,a8a97e02d9134fca041e375358e868c5e6abe65c48a07ccc9cd3e6672cd3c7ea,15.0,GoldDigger,banker,,com.cvx.mpdjag,2023-09-09 00:00:00+00:00,True,True,True
1779,a8aae68daa34dfaac611da07accca9d32d99242e3ed2b991f90d24e310b9fcff,19.0,TrickMo,banker,,vatlump.na178.litt,2024-01-09 00:00:00+00:00,eligible_current_governed,a8aae68daa34dfaac611da07accca9d32d99242e3ed2b991f90d24e310b9fcff,19.0,TrickMo,banker,,vatlump.na178.litt,2024-01-09 00:00:00+00:00,True,True,True
1780,a8c213e17f438cf39ce2c9000a4db74a7fa16f640c44ea7ebe8d533a687f2889,44.0,Irata,banker,,realrat.siqe.holo,2022-05-13 07:05:56+00:00,eligible_current_governed,a8c213e17f438cf39ce2c9000a4db74a7fa16f640c44ea7ebe8d533a687f2889,44.0,Irata,banker,,realrat.siqe.holo,2022-05-13 07:05:56+00:00,True,True,True
1786,a99af5e7dfcc9ed6727ef3ba1ee8d69951f34a040e018f7c31ff2974ae7ca914,45.0,PixPirate,banker,,com.scrape.apple,2023-04-30 22:37:55+00:00,eligible_current_governed,a99af5e7dfcc9ed6727ef3ba1ee8d69951f34a040e018f7c31ff2974ae7ca914,45.0,PixPirate,banker,,com.scrape.apple,2023-04-30 22:37:55+00:00,True,True,True
1793,aa72af92ebc2c7b250aa8cc1df6b8ee1fce190c1a6a715e9af99efc4de8ab10a,44.0,Irata,banker,,com.rez.ir,2022-05-01 21:49:09+00:00,eligible_current_governed,aa72af92ebc2c7b250aa8cc1df6b8ee1fce190c1a6a715e9af99efc4de8ab10a,44.0,Irata,banker,,com.rez.ir,2022-05-01 21:49:09+00:00,True,True,True
1794,aa7a1313224ab111e0142279d2eb9d73675bd9d925fe6ce5c2679c3077335ac8,46.0,Joker,banker,,com.des.keyboardros,2021-03-14 19:52:45+00:00,eligible_current_governed,aa7a1313224ab111e0142279d2eb9d73675bd9d925fe6ce5c2679c3077335ac8,46.0,Joker,banker,,com.des.keyboardros,2021-03-14 19:52:45+00:00,True,True,True
1795,aad9861c0ba6c0b04ff8de3f4b725caa4ef4a1fad50a0271ef70df1c4e8dcbe0,51.0,Applite,banker,,com.pusucode.broadband,2024-12-07 00:15:33+00:00,eligible_current_governed,aad9861c0ba6c0b04ff8de3f4b725caa4ef4a1fad50a0271ef70df1c4e8dcbe0,51.0,Applite,banker,,com.pusucode.broadband,2024-12-07 00:15:33+00:00,True,True,True
1796,ab29813b1da1da48b4452c849eedc35b6c52044946d39392530573c540916f74,4.0,FluBot,banker,,com.taobao.taobao,2021-05-11 00:00:00+00:00,eligible_current_governed,ab29813b1da1da48b4452c849eedc35b6c52044946d39392530573c540916f74,4.0,FluBot,banker,,com.taobao.taobao,2021-05-11 00:00:00+00:00,True,True,True
1797,ab345951a3e673aec99f80d39fa8f9cdb0d1ac07e0322dae3497c237f7b37277,40.0,Xenomorph,banker,,deceva.lgmihi.wtcozl,2022-08-09 12:56:57+00:00,below_min_samples_per_family,,,,,,,,True,False,True
1799,ab46635a51c709b132e5245456e78a00c86c169c0aa24e56e557d574aa8c36d0,44.0,Irata,banker,,Caco333.siqe.holo,2022-08-10 14:18:19+00:00,eligible_current_governed,ab46635a51c709b132e5245456e78a00c86c169c0aa24e56e557d574aa8c36d0,44.0,Irata,banker,,Caco333.siqe.holo,2022-08-10 14:18:19+00:00,True,True,True
1800,abd76f662eb55f394bc6f894793be083a1f347f5ac1d601dc9dc7313400e5be7,16.0,Crocodilus,banker,,refill.frame.barmaid,2025-02-16 00:13:01+00:00,eligible_current_governed,abd76f662eb55f394bc6f894793be083a1f347f5ac1d601dc9dc7313400e5be7,16.0,Crocodilus,banker,,refill.frame.barmaid,2025-02-16 00:13:01+00:00,True,True,True
1801,ac22d9c101128f7fa8e14b49d4725cd8ce9b93dfb6e16d7d5299ea106beb0f68,51.0,Applite,banker,,com.hoviho.software,2024-12-11 07:53:38+00:00,eligible_current_governed,ac22d9c101128f7fa8e14b49d4725cd8ce9b93dfb6e16d7d5299ea106beb0f68,51.0,Applite,banker,,com.hoviho.software,2024-12-11 07:53:38+00:00,True,True,True
1802,ac7020cb73b45076937ee1a6a38f4ab7a1e995e96dcff4eeb1f6585a4b4801de,46.0,Joker,banker,,com.messenger.sjdoifo,2021-04-06 02:33:37+00:00,eligible_current_governed,ac7020cb73b45076937ee1a6a38f4ab7a1e995e96dcff4eeb1f6585a4b4801de,46.0,Joker,banker,,com.messenger.sjdoifo,2021-04-06 02:33:37+00:00,True,True,True
1804,acc38e90e868a63795fe8ad44c5820b00f4b7661b5b488d5c29a8cfdc1ffe8db,19.0,TrickMo,banker,,vatlump.na178.litt,2024-01-09 00:00:00+00:00,eligible_current_governed,acc38e90e868a63795fe8ad44c5820b00f4b7661b5b488d5c29a8cfdc1ffe8db,19.0,TrickMo,banker,,vatlump.na178.litt,2024-01-09 00:00:00+00:00,True,True,True
1805,ad03999c78aac4bd4065ba57b0dcb04a96c0c73eef6ee9df29583bbad7c56da3,45.0,PixPirate,banker,,com.rush.chamber,2023-05-24 10:51:52+00:00,eligible_current_governed,ad03999c78aac4bd4065ba57b0dcb04a96c0c73eef6ee9df29583bbad7c56da3,45.0,PixPirate,banker,,com.rush.chamber,2023-05-24 10:51:52+00:00,True,True,True
1806,ad3ccf89fa7002f9af78a311f883ff35efd76c9f27df1146b216a8bb42552340,19.0,TrickMo,banker,,consnews.matt960.can,2024-10-14 00:00:00+00:00,eligible_current_governed,ad3ccf89fa7002f9af78a311f883ff35efd76c9f27df1146b216a8bb42552340,19.0,TrickMo,banker,,consnews.matt960.can,2024-10-14 00:00:00+00:00,True,True,True
1807,ad41768a22bdbb1612012793f29a73bab8c9f65e362ec9be7704a35c7199d48c,14.0,TgToxic,banker,,com.qbxdwv.umobaxrz,2023-01-02 01:00:22+00:00,eligible_current_governed,ad41768a22bdbb1612012793f29a73bab8c9f65e362ec9be7704a35c7199d48c,14.0,TgToxic,banker,,com.qbxdwv.umobaxrz,2023-01-02 01:00:22+00:00,True,True,True
1809,ae428fe949a0e57ea007b5732a6ec3a8eb8d1a1ba42b16e9e6cdc8fdb13a4bd8,45.0,PixPirate,banker,,com.indispensable.technician,2023-01-21 23:52:30+00:00,eligible_current_governed,ae428fe949a0e57ea007b5732a6ec3a8eb8d1a1ba42b16e9e6cdc8fdb13a4bd8,45.0,PixPirate,banker,,com.indispensable.technician,2023-01-21 23:52:30+00:00,True,True,True
1810,ae43492db6a8e25a3ec37c4b354e76487042dd9aa6706e2b5abc76bec5bc099f,54.0,FatBoyPanel,banker,,,2024-06-18 03:18:49+00:00,eligible_current_governed,ae43492db6a8e25a3ec37c4b354e76487042dd9aa6706e2b5abc76bec5bc099f,54.0,FatBoyPanel,banker,,,2024-06-18 03:18:49+00:00,False,True,True
1812,ae93ec87b817689b59df3a8e2e653b58335084924d2e1e3ed62954c01a68b8d0,51.0,Applite,banker,,com.sumexalucu.dashboard,2024-12-05 19:17:34+00:00,eligible_current_governed,ae93ec87b817689b59df3a8e2e653b58335084924d2e1e3ed62954c01a68b8d0,51.0,Applite,banker,,com.sumexalucu.dashboard,2024-12-05 19:17:34+00:00,True,True,True
1819,afa3c43141a5b6f2473d49cdfa0bce1bf0af235a40f3ec092299287291137841,53.0,Copybara,banker,,com.bnltokenappnuova.app,2024-01-30 14:10:22+00:00,eligible_current_governed,afa3c43141a5b6f2473d49cdfa0bce1bf0af235a40f3ec092299287291137841,53.0,Copybara,banker,,com.bnltokenappnuova.app,2024-01-30 14:10:22+00:00,False,True,True
1820,b01b74aaf249d0740f541c081c0c0de4bf455b4b68f2634fab6cf8aafcd95d52,18.0,SOVA,banker,,com.gdwicoopc.mlwmelkys,2022-08-12 18:07:40+00:00,below_min_samples_per_family,,,,,,,,True,False,True
1824,b0f3189e34af07359b5282fb1cd5fb067f8993d278426313811ad307de1251a4,45.0,PixPirate,banker,,com.china.exchange,2022-12-19 17:25:27+00:00,eligible_current_governed,b0f3189e34af07359b5282fb1cd5fb067f8993d278426313811ad307de1251a4,45.0,PixPirate,banker,,com.china.exchange,2022-12-19 17:25:27+00:00,True,True,True
1829,b1b6a2d91e6fcc07322edce92aa75c13763b6844b2a1a549eeaf0f536bdc6183,53.0,Copybara,banker,,com.illimityapptoken.appapknew,2024-02-26 16:55:11+00:00,eligible_current_governed,b1b6a2d91e6fcc07322edce92aa75c13763b6844b2a1a549eeaf0f536bdc6183,53.0,Copybara,banker,,com.illimityapptoken.appapknew,2024-02-26 16:55:11+00:00,False,True,True
1830,b1c31c2f5204019768b4aaf9cdc081c5e84c7d605df9cdce33762370ae22bcd5,44.0,Irata,banker,,com.hamta.mobile,2022-02-18 00:00:00+00:00,eligible_current_governed,b1c31c2f5204019768b4aaf9cdc081c5e84c7d605df9cdce33762370ae22bcd5,44.0,Irata,banker,,com.hamta.mobile,2022-02-18 00:00:00+00:00,True,True,True
1831,b1c33839865b5a4cb66cb2841aef7bfef15ca72e2b6c688f9298f54416c4be3b,45.0,PixPirate,banker,,com.fierce.opinion,2023-01-10 15:24:38+00:00,eligible_current_governed,b1c33839865b5a4cb66cb2841aef7bfef15ca72e2b6c688f9298f54416c4be3b,45.0,PixPirate,banker,,com.fierce.opinion,2023-01-10 15:24:38+00:00,True,True,True
1832,b1fb45c2febd7faca1d77497a918fe2f33bb46f4824f3c87c697eac334ecbce1,45.0,PixPirate,banker,,com.dance.dare,2022-12-19 17:37:05+00:00,eligible_current_governed,b1fb45c2febd7faca1d77497a918fe2f33bb46f4824f3c87c697eac334ecbce1,45.0,PixPirate,banker,,com.dance.dare,2022-12-19 17:37:05+00:00,True,True,True
1841,b2dafc4faea81f4addf1ac3a295627e9f7e1d36efa2a8b82a813d853cfcf87c4,4.0,FluBot,banker,,com.autonavi.minimap,2022-02-08 20:33:57+00:00,eligible_current_governed,b2dafc4faea81f4addf1ac3a295627e9f7e1d36efa2a8b82a813d853cfcf87c4,4.0,FluBot,banker,,com.autonavi.minimap,2022-02-08 20:33:57+00:00,True,True,True
1842,b2e592c5cf8ccc944c06a11ff156efdfa4233fe46e2281bab3fd238f03b505e3,18.0,SOVA,banker,,com.faax.kcnbvlo.dtojtuo,2021-07-12 00:00:00+00:00,below_min_samples_per_family,,,,,,,,True,False,True
1844,b301e500fec0abf7a36fe0e3ca79d4244359e858633b955507c4decd039e998b,51.0,Applite,banker,,com.komafe.bit,2024-11-14 00:06:43+00:00,eligible_current_governed,b301e500fec0abf7a36fe0e3ca79d4244359e858633b955507c4decd039e998b,51.0,Applite,banker,,com.komafe.bit,2024-11-14 00:06:43+00:00,True,True,True
1846,b323e2165457a1fcefbfd741f8aa2d55aca9570bc73753d5b4dda7f32ab89ea6,44.0,Irata,banker,,rich.org,2022-05-24 00:00:00+00:00,eligible_current_governed,b323e2165457a1fcefbfd741f8aa2d55aca9570bc73753d5b4dda7f32ab89ea6,44.0,Irata,banker,,rich.org,2022-05-24 00:00:00+00:00,True,True,True
1848,b36707eb435d5651bbf95ebb04024c32c757e535cdc59d8168d8a4628ac797aa,14.0,TgToxic,banker,,com.exwmyo.wpmxhdyg,2022-11-17 04:40:02+00:00,eligible_current_governed,b36707eb435d5651bbf95ebb04024c32c757e535cdc59d8168d8a4628ac797aa,14.0,TgToxic,banker,,com.exwmyo.wpmxhdyg,2022-11-17 04:40:02+00:00,True,True,True
1850,b3b3236227c026d8c4040c2d44d705018c978f94531ff9a193fb93c835410c37,44.0,Irata,banker,,com.zeroone.divaraop,2022-07-15 00:00:00+00:00,eligible_current_governed,b3b3236227c026d8c4040c2d44d705018c978f94531ff9a193fb93c835410c37,44.0,Irata,banker,,com.zeroone.divaraop,2022-07-15 00:00:00+00:00,True,True,True
1851,b3d3019ed0a4602fb7e502e54ac12a59da1a0ed7b6736feb98ce7c417091b2e6,9.0,Godfather,banker,,com.adipometer.trabacoli,2024-10-31 20:06:47+00:00,eligible_current_governed,b3d3019ed0a4602fb7e502e54ac12a59da1a0ed7b6736feb98ce7c417091b2e6,9.0,Godfather,banker,,com.adipometer.trabacoli,2024-10-31 20:06:47+00:00,True,True,True
1852,b4028aa7684b09458706e0c1ebbff8ffe8d4fe2979c15492aa310a018966ba77,45.0,PixPirate,banker,,com.blend.van,2023-04-30 22:38:20+00:00,eligible_current_governed,b4028aa7684b09458706e0c1ebbff8ffe8d4fe2979c15492aa310a018966ba77,45.0,PixPirate,banker,,com.blend.van,2023-04-30 22:38:20+00:00,True,True,True
1854,b4379324c7dc1fc623bcd9d2e8099dc3588ac23f87f33151d1c1005a1f33e713,53.0,Copybara,banker,,com.chebancatoken.appapk,2024-01-05 08:21:06+00:00,eligible_current_governed,b4379324c7dc1fc623bcd9d2e8099dc3588ac23f87f33151d1c1005a1f33e713,53.0,Copybara,banker,,com.chebancatoken.appapk,2024-01-05 08:21:06+00:00,False,True,True
1855,b4412fd716ad4e69c5f77cd8da5a1e5c222cae1945bdae6c3d1eef929d3d60e4,44.0,Irata,banker,,ir.a.testfirebase,2022-05-23 00:00:00+00:00,eligible_current_governed,b4412fd716ad4e69c5f77cd8da5a1e5c222cae1945bdae6c3d1eef929d3d60e4,44.0,Irata,banker,,ir.a.testfirebase,2022-05-23 00:00:00+00:00,True,True,True
1858,b4b92db35c432ce3844c5772b60c082aa39ad2a2135490e4cc2f5dd4c2daada0,19.0,TrickMo,banker,,d2.d2.d2,2024-01-17 00:00:00+00:00,eligible_current_governed,b4b92db35c432ce3844c5772b60c082aa39ad2a2135490e4cc2f5dd4c2daada0,19.0,TrickMo,banker,,d2.d2.d2,2024-01-17 00:00:00+00:00,True,True,True
1860,b5209ae7fe60abd6d86477d1f661bfba306d9b9cbd26cfef8c50b81bc8c27451,57.0,SpyLoan,spyware,,com.uang.belanja,2024-12-03 00:00:00+00:00,eligible_current_governed,b5209ae7fe60abd6d86477d1f661bfba306d9b9cbd26cfef8c50b81bc8c27451,57.0,SpyLoan,spyware,,com.uang.belanja,2024-12-03 00:00:00+00:00,True,True,True
1865,b5f6079b8f2319a40944c0c6e9abd486969591fb4af7e9b4dbc6b146f9d5fa0f,45.0,PixPirate,banker,,com.canteen.statue,2022-11-30 18:36:29+00:00,eligible_current_governed,b5f6079b8f2319a40944c0c6e9abd486969591fb4af7e9b4dbc6b146f9d5fa0f,45.0,PixPirate,banker,,com.canteen.statue,2022-11-30 18:36:29+00:00,True,True,True
1866,b611bb8d8617be791d45b9d9c47aae07820064e5ae659e129de005e8ed3f4fe7,14.0,TgToxic,banker,,com.vtrvw.xkfus,2022-07-26 07:43:00+00:00,eligible_current_governed,b611bb8d8617be791d45b9d9c47aae07820064e5ae659e129de005e8ed3f4fe7,14.0,TgToxic,banker,,com.vtrvw.xkfus,2022-07-26 07:43:00+00:00,True,True,True
1867,b616f17a9af9c62825217d67d24c3881f5aee9392c08642a1b88a8bd268f5459,51.0,Applite,banker,,com.muribajisu.realtime,2024-10-31 01:52:17+00:00,eligible_current_governed,b616f17a9af9c62825217d67d24c3881f5aee9392c08642a1b88a8bd268f5459,51.0,Applite,banker,,com.muribajisu.realtime,2024-10-31 01:52:17+00:00,True,True,True
1868,b6249fa996cb4046bdab37bab5e3b4d43c79ea537f119040c3b3e138149897fd,9.0,Godfather,banker,,com.pdffiller.l2f,2022-12-21 00:00:00+00:00,eligible_current_governed,b6249fa996cb4046bdab37bab5e3b4d43c79ea537f119040c3b3e138149897fd,9.0,Godfather,banker,,com.pdffiller.l2f,2022-12-21 00:00:00+00:00,True,True,True
1872,b67a102526766779119a6428b4e4ea6b94f7bb31eaec21cb82f96fb49524f604,48.0,Coper,banker,,,2021-08-02 15:07:38+00:00,below_min_samples_per_family,,,,,,,,True,False,True
1873,b67e970d9df925439a6687d5cd6c80b9e5bdaa5204de14a831021e679f6fbdf1,57.0,SpyLoan,spyware,,com.winner.rupiahcl,2024-12-03 00:00:00+00:00,eligible_current_governed,b67e970d9df925439a6687d5cd6c80b9e5bdaa5204de14a831021e679f6fbdf1,57.0,SpyLoan,spyware,,com.winner.rupiahcl,2024-12-03 00:00:00+00:00,True,True,True
1874,b6b3d3905df3d13fe74e96afb4003c98b7f2cdf0244128273cc16687d8b95cbc,45.0,PixPirate,banker,,com.emotion.seek,2023-01-19 03:04:27+00:00,eligible_current_governed,b6b3d3905df3d13fe74e96afb4003c98b7f2cdf0244128273cc16687d8b95cbc,45.0,PixPirate,banker,,com.emotion.seek,2023-01-19 03:04:27+00:00,True,True,True
1876,b6bfefa7eb25bef0c14d55dbb2e704df586c0e5d930023944db3eb4056f9b398,6.0,TeaBot,banker,,com.dbvtr.cjvch,2022-04-15 15:26:43+00:00,below_min_samples_per_family,,,,,,,,True,False,True
1877,b6c115a3579945890f88e9228c334661cfd7568e37299acbad11c0836f71379a,44.0,Irata,banker,,realrat.siqe.holo,2022-02-24 20:39:02+00:00,eligible_current_governed,b6c115a3579945890f88e9228c334661cfd7568e37299acbad11c0836f71379a,44.0,Irata,banker,,realrat.siqe.holo,2022-02-24 20:39:02+00:00,True,True,True
1879,b73c6dadb77c8734be6ffded5c5552f98df07ec211fecb76c1dd0c3fb2169723,51.0,Applite,banker,,com.moxikavi.cloud,2024-11-12 08:07:55+00:00,eligible_current_governed,b73c6dadb77c8734be6ffded5c5552f98df07ec211fecb76c1dd0c3fb2169723,51.0,Applite,banker,,com.moxikavi.cloud,2024-11-12 08:07:55+00:00,True,True,True
1880,b77adec6e50e884b03750944f41d539213d7cc1e9cadd86e76fa0cacf83ad9ed,1.0,Anubis,banker,,pet.error.flock,2020-12-05 08:55:50+00:00,below_min_samples_per_family,,,,,,,,True,False,True
1881,b7822b99492aef3e51cc1761ec653508765154b18d04bf600ebbb3587fdf6dc5,44.0,Irata,banker,,ir.shz.shzkisi,2022-08-11 06:29:15+00:00,eligible_current_governed,b7822b99492aef3e51cc1761ec653508765154b18d04bf600ebbb3587fdf6dc5,44.0,Irata,banker,,ir.shz.shzkisi,2022-08-11 06:29:15+00:00,True,True,True
1885,b80a297daeb4ae116cace282d2199c18f8e5be0e796ad05756cc5ceeff53267c,15.0,GoldDigger,banker,,com.trinsmalw.iimqmvpmo,2023-08-28 00:00:00+00:00,eligible_current_governed,b80a297daeb4ae116cace282d2199c18f8e5be0e796ad05756cc5ceeff53267c,15.0,GoldDigger,banker,,com.trinsmalw.iimqmvpmo,2023-08-28 00:00:00+00:00,True,True,True
1886,b8143f7c7536c92b1634e62abe7ce24b9cc876b06b0a56e4261a3c90dea47201,44.0,Irata,banker,,com.rez.ir,2022-05-18 00:00:00+00:00,eligible_current_governed,b8143f7c7536c92b1634e62abe7ce24b9cc876b06b0a56e4261a3c90dea47201,44.0,Irata,banker,,com.rez.ir,2022-05-18 00:00:00+00:00,True,True,True
1888,b86b23bc438d1c51549db5deae60cd4fec7f75e7d248f045b375321807cfb4c7,107.0,Piom,banker,,com.orchestra.watchdog,2022-12-19 17:06:36+00:00,below_min_samples_per_family,,,,,,,,True,False,True
1890,b882489eaabf43ca46dedc9d7670248fa0a8ab70868ab704f7ec0ad61c303c05,45.0,PixPirate,banker,,com.only.consequence,2023-05-23 10:41:00+00:00,eligible_current_governed,b882489eaabf43ca46dedc9d7670248fa0a8ab70868ab704f7ec0ad61c303c05,45.0,PixPirate,banker,,com.only.consequence,2023-05-23 10:41:00+00:00,True,True,True
1891,b8c465bd12c0075434e5990b2012d1898c99eb331415535f62fd67679dfed493,36.0,SpyNote,rat,,com.android.tester,2020-04-13 20:41:56+00:00,eligible_current_governed,b8c465bd12c0075434e5990b2012d1898c99eb331415535f62fd67679dfed493,36.0,SpyNote,rat,,com.android.tester,2020-04-13 20:41:56+00:00,False,True,True
1892,b90923c0e5149b068faa19ef5c77128edd6c477d91e2fca6c1c9ab4d5179fc8f,48.0,Coper,banker,,nuimer.li648.se,2024-05-09 00:00:00+00:00,below_min_samples_per_family,,,,,,,,True,False,True
1893,b9749f912290640c536fab0e6818ea255cc2efb76f809255b5910053d8a3961f,44.0,Irata,banker,,com.overview,2022-08-26 00:00:00+00:00,eligible_current_governed,b9749f912290640c536fab0e6818ea255cc2efb76f809255b5910053d8a3961f,44.0,Irata,banker,,com.overview,2022-08-26 00:00:00+00:00,True,True,True
1894,b9993adb45a29477063104a7344b4f4dcbc698b9d48dd7b6de7325e4ef65800e,51.0,Applite,banker,,com.fezefu.syntax,2024-11-12 08:24:52+00:00,eligible_current_governed,b9993adb45a29477063104a7344b4f4dcbc698b9d48dd7b6de7325e4ef65800e,51.0,Applite,banker,,com.fezefu.syntax,2024-11-12 08:24:52+00:00,True,True,True
1895,b9c9fd3a07a17408c79b47ac63955fcbb5e192d4b0841b93a80b96c37cfcdffa,15.0,GoldDigger,banker,,,2023-09-14 13:37:57+00:00,eligible_current_governed,b9c9fd3a07a17408c79b47ac63955fcbb5e192d4b0841b93a80b96c37cfcdffa,15.0,GoldDigger,banker,,,2023-09-14 13:37:57+00:00,True,True,True
1896,ba0313f06698bae058969c58a88ebba55e9439a103b0e265509ff4b59d6b8088,44.0,Irata,banker,,ir.PluTus.pluto,2022-08-09 18:41:33+00:00,eligible_current_governed,ba0313f06698bae058969c58a88ebba55e9439a103b0e265509ff4b59d6b8088,44.0,Irata,banker,,ir.PluTus.pluto,2022-08-09 18:41:33+00:00,True,True,True
1897,ba642588b3262041215ed758e49f5ccbc721c9b76a06b34c1f96a1fcff003560,51.0,Applite,banker,,com.yimucizo.plugin,2024-10-28 00:02:46+00:00,eligible_current_governed,ba642588b3262041215ed758e49f5ccbc721c9b76a06b34c1f96a1fcff003560,51.0,Applite,banker,,com.yimucizo.plugin,2024-10-28 00:02:46+00:00,True,True,True
1905,bb85cd885fad625bcd2899577582bad17e0d1f010f687fc09cdeb8fe9cc6d3e1,4.0,FluBot,banker,,com.tencent.mm,2021-01-14 00:00:00+00:00,eligible_current_governed,bb85cd885fad625bcd2899577582bad17e0d1f010f687fc09cdeb8fe9cc6d3e1,4.0,FluBot,banker,,com.tencent.mm,2021-01-14 00:00:00+00:00,True,True,True
1907,bc7e4d7c5c4c170c75b28eefc7e267a8300ab657923adbb09d03f7ac4e973f31,55.0,DoNot,spyware,,com.pkg.application,2024-05-04 11:36:13+00:00,eligible_current_governed,bc7e4d7c5c4c170c75b28eefc7e267a8300ab657923adbb09d03f7ac4e973f31,55.0,DoNot,spyware,,com.pkg.application,2024-05-04 11:36:13+00:00,True,True,True
1908,bca52647ce9f4900b754fcc0d8ef6329fb0229401e833534905969d10a82d839,38.0,BankBot,banker,,rnwjzlri.qiaopwnzcqrijy.ioyfsiukwf,2020-06-11 00:00:00+00:00,eligible_current_governed,bca52647ce9f4900b754fcc0d8ef6329fb0229401e833534905969d10a82d839,38.0,BankBot,banker,,rnwjzlri.qiaopwnzcqrijy.ioyfsiukwf,2020-06-11 00:00:00+00:00,False,True,True
1910,bcae6ea26fe1dd1fa5652e05c1b888186307ad277ce238a255908061b837a484,53.0,Copybara,banker,,com.caixanuevaapk.app,2024-01-08 16:36:08+00:00,eligible_current_governed,bcae6ea26fe1dd1fa5652e05c1b888186307ad277ce238a255908061b837a484,53.0,Copybara,banker,,com.caixanuevaapk.app,2024-01-08 16:36:08+00:00,False,True,True
1912,bd21cfeaaa80ab8cc00d127858ac6d744ba122a81253477b399ac61f0e7ec547,16.0,Crocodilus,banker,,sycamore.resolved.maimed.rummage,2024-11-30 18:09:58+00:00,eligible_current_governed,bd21cfeaaa80ab8cc00d127858ac6d744ba122a81253477b399ac61f0e7ec547,16.0,Crocodilus,banker,,sycamore.resolved.maimed.rummage,2024-11-30 18:09:58+00:00,True,True,True
1915,bd8a5fef0c42876554714680c040a53f287c32bd3806e2706e2462fd421e46b5,44.0,Irata,banker,,com.zeroone.divaraop,2022-07-17 06:27:14+00:00,eligible_current_governed,bd8a5fef0c42876554714680c040a53f287c32bd3806e2706e2462fd421e46b5,44.0,Irata,banker,,com.zeroone.divaraop,2022-07-17 06:27:14+00:00,True,True,True
1916,bd8c0ec3b4af54e4939a756de9664ea019237d4141d51c2522ea4a5dc7f3d233,44.0,Irata,banker,,ir.shz.shzkisi,2022-08-10 00:13:00+00:00,eligible_current_governed,bd8c0ec3b4af54e4939a756de9664ea019237d4141d51c2522ea4a5dc7f3d233,44.0,Irata,banker,,ir.shz.shzkisi,2022-08-10 00:13:00+00:00,True,True,True
1917,bd95e05f1864f36e1e59c0ad6b1956cfd5a00a3fa884b2833d777f12639ee9a9,44.0,Irata,banker,,Caco333.siqe.holo,2022-05-28 16:59:23+00:00,eligible_current_governed,bd95e05f1864f36e1e59c0ad6b1956cfd5a00a3fa884b2833d777f12639ee9a9,44.0,Irata,banker,,Caco333.siqe.holo,2022-05-28 16:59:23+00:00,True,True,True
1919,be125a98ba01f1bd318271b5de8114da139e5f78449ab3eb69c5aa4934026aed,7.0,Chameleon,banker,,com.amateur.ensure,2023-01-02 14:29:08+00:00,below_min_samples_per_family,,,,,,,,True,False,True
1923,bec337e7bf5fbd3cdd7afcae1fe977402594c8db8eb12b98d018a7da5eee1613,46.0,Joker,banker,,com.hwcolor.jinbao.rollingicon,2021-04-06 01:11:09+00:00,eligible_current_governed,bec337e7bf5fbd3cdd7afcae1fe977402594c8db8eb12b98d018a7da5eee1613,46.0,Joker,banker,,com.hwcolor.jinbao.rollingicon,2021-04-06 01:11:09+00:00,True,True,True
1924,bee3fc6b875e49edaa983ef9d38d0bcafe82abca82e684ef4fdca6df0c695c8b,5.0,SharkBot,banker,,com.tmqxfghsegbl9b3shaxdylqc.hykdpm2kjo,2021-11-12 16:56:34+00:00,below_min_samples_per_family,,,,,,,,True,False,True
1925,bf1b2dbbf756501148b500a7714ec57c53b38375ff9d6eee4da9089f538e1a03,14.0,TgToxic,banker,,com.gzrtnq.Snapschat,2022-12-15 14:20:45+00:00,eligible_current_governed,bf1b2dbbf756501148b500a7714ec57c53b38375ff9d6eee4da9089f538e1a03,14.0,TgToxic,banker,,com.gzrtnq.Snapschat,2022-12-15 14:20:45+00:00,True,True,True
1928,bf9b1c05439ea42a978db39a47af80c3e55075156f780ae113f1f6280f49bc43,56.0,XRat,rat,,com.dadada,2022-01-04 00:00:00+00:00,eligible_current_governed,bf9b1c05439ea42a978db39a47af80c3e55075156f780ae113f1f6280f49bc43,56.0,XRat,rat,,com.dadada,2022-01-04 00:00:00+00:00,True,True,True
1931,bff6fb5cbb1c0f8d05e2c6acefcf499a9c22f10d7db8aeda994638bf75018fbf,53.0,Copybara,banker,,com.p2czika2,2023-11-23 06:01:14+00:00,eligible_current_governed,bff6fb5cbb1c0f8d05e2c6acefcf499a9c22f10d7db8aeda994638bf75018fbf,53.0,Copybara,banker,,com.p2czika2,2023-11-23 06:01:14+00:00,False,True,True
1935,c097c11e6602e03743b7bac896d13bbafdd6ea164e8b977ad70b217fe536f737,45.0,PixPirate,banker,,com.learning.Chinese,2023-01-23 11:36:07+00:00,eligible_current_governed,c097c11e6602e03743b7bac896d13bbafdd6ea164e8b977ad70b217fe536f737,45.0,PixPirate,banker,,com.learning.Chinese,2023-01-23 11:36:07+00:00,True,True,True
1938,c0f3cb3d837d39aa3abccada0b4ecdb840621a8539519c104b27e2a646d7d50d,13.0,Vultur,banker,,,2024-04-01 00:00:00+00:00,eligible_current_governed,c0f3cb3d837d39aa3abccada0b4ecdb840621a8539519c104b27e2a646d7d50d,13.0,Vultur,banker,,,2024-04-01 00:00:00+00:00,True,True,True
1939,c10d2c045e8098fda5ce9c4e3821fd55e2f749cbf810d8957c161ab7a2fb9014,56.0,XRat,rat,,com.dadada,2022-01-04 00:00:00+00:00,eligible_current_governed,c10d2c045e8098fda5ce9c4e3821fd55e2f749cbf810d8957c161ab7a2fb9014,56.0,XRat,rat,,com.dadada,2022-01-04 00:00:00+00:00,True,True,True
1940,c1101f031f9819e773cf6d19f6ebedbc96eea44fdfc6c2cac133ccb54546f68b,45.0,PixPirate,banker,,com.carriage.intelligent,2023-01-27 15:25:30+00:00,eligible_current_governed,c1101f031f9819e773cf6d19f6ebedbc96eea44fdfc6c2cac133ccb54546f68b,45.0,PixPirate,banker,,com.carriage.intelligent,2023-01-27 15:25:30+00:00,True,True,True
1943,c11edc2cf37e3dc4d963f2b15bcc2ff6be7fd1d8147e2f46b4bda17496895441,44.0,Irata,banker,,edward.org,2022-07-17 00:00:00+00:00,eligible_current_governed,c11edc2cf37e3dc4d963f2b15bcc2ff6be7fd1d8147e2f46b4bda17496895441,44.0,Irata,banker,,edward.org,2022-07-17 00:00:00+00:00,True,True,True
1947,c1c7d5449849344a7a1786501820c1f5d629349a228818ad08b6b566a8878232,14.0,TgToxic,banker,,com.gzrtnq.Bumble,2023-01-16 13:36:16+00:00,eligible_current_governed,c1c7d5449849344a7a1786501820c1f5d629349a228818ad08b6b566a8878232,14.0,TgToxic,banker,,com.gzrtnq.Bumble,2023-01-16 13:36:16+00:00,True,True,True
1950,c269977d96662d44470d8bb28c023efb00f02eaf1f06f0ad0bb3c5494136005f,44.0,Irata,banker,,SIM.Toolkits,2022-08-21 19:49:58+00:00,eligible_current_governed,c269977d96662d44470d8bb28c023efb00f02eaf1f06f0ad0bb3c5494136005f,44.0,Irata,banker,,SIM.Toolkits,2022-08-21 19:49:58+00:00,True,True,True
1951,c2b91a1d4b3d1dff21f280864c6c4d1ad79054ba6c68c8e453617320709230a1,15.0,GoldDigger,banker,,com.uzu.kij,2023-09-10 00:00:00+00:00,eligible_current_governed,c2b91a1d4b3d1dff21f280864c6c4d1ad79054ba6c68c8e453617320709230a1,15.0,GoldDigger,banker,,com.uzu.kij,2023-09-10 00:00:00+00:00,True,True,True
1952,c2c48e0e3eb383afe90498017741c5135897528855b7ec7b170fceb84bce51b9,51.0,Applite,banker,,com.hezuga.engine,2024-12-13 08:42:25+00:00,eligible_current_governed,c2c48e0e3eb383afe90498017741c5135897528855b7ec7b170fceb84bce51b9,51.0,Applite,banker,,com.hezuga.engine,2024-12-13 08:42:25+00:00,True,True,True
1957,c36b0debb712ef266fc8f7af5a9b76f86d920368de919aae1ce3bb53d8c3e90c,51.0,Applite,banker,,com.nazufe.font,2024-12-10 08:46:33+00:00,eligible_current_governed,c36b0debb712ef266fc8f7af5a9b76f86d920368de919aae1ce3bb53d8c3e90c,51.0,Applite,banker,,com.nazufe.font,2024-12-10 08:46:33+00:00,True,True,True
1958,c3838f9544e613917068f1b2e22ab647fd5a60701e1045b713767a92cf79f983,4.0,FluBot,banker,,com.tencent.mm,2021-05-11 00:00:00+00:00,eligible_current_governed,c3838f9544e613917068f1b2e22ab647fd5a60701e1045b713767a92cf79f983,4.0,FluBot,banker,,com.tencent.mm,2021-05-11 00:00:00+00:00,True,True,True
1959,c3937f92df3f709a0b4ca811fc7b7b463ed333251968e324775a7f3bf7d0ac76,56.0,XRat,rat,,com.dadada,2022-01-04 00:00:00+00:00,eligible_current_governed,c3937f92df3f709a0b4ca811fc7b7b463ed333251968e324775a7f3bf7d0ac76,56.0,XRat,rat,,com.dadada,2022-01-04 00:00:00+00:00,True,True,True
1960,c3aaa52d55e9365c291298d2fc0197c22a95a00130646435ca724c5e4fdb2e93,40.0,Xenomorph,banker,,com.okgsy.dygsh002,2022-12-01 07:18:46+00:00,below_min_samples_per_family,,,,,,,,True,False,True
1961,c3dadb9a593523d1bf3fe76dabf375578119aff3110d92a1a4ee6db06742263a,9.0,Godfather,banker,,com.azizion.radio,2022-03-23 00:00:00+00:00,eligible_current_governed,c3dadb9a593523d1bf3fe76dabf375578119aff3110d92a1a4ee6db06742263a,9.0,Godfather,banker,,com.azizion.radio,2022-03-23 00:00:00+00:00,True,True,True
1963,c43841107f9bef00a7386747651d931e6e1c0de0eb95ae54a8410df5dc29cf4f,56.0,XRat,rat,,com.dadada,2022-01-04 00:00:00+00:00,eligible_current_governed,c43841107f9bef00a7386747651d931e6e1c0de0eb95ae54a8410df5dc29cf4f,56.0,XRat,rat,,com.dadada,2022-01-04 00:00:00+00:00,True,True,True
1964,c496dbb5813e2805f330ab487c66b6bbd3771c5267f9aa05366d576fda0dcefb,44.0,Irata,banker,,ir.shz.shzkisi,2022-08-16 01:43:47+00:00,eligible_current_governed,c496dbb5813e2805f330ab487c66b6bbd3771c5267f9aa05366d576fda0dcefb,44.0,Irata,banker,,ir.shz.shzkisi,2022-08-16 01:43:47+00:00,True,True,True
1965,c49c0246f033656fd50717c6f984345bdeee1918e83f9dd2ea59d75196a9ab6e,44.0,Irata,banker,,realrat.siqe.holo,2022-07-07 17:35:20+00:00,eligible_current_governed,c49c0246f033656fd50717c6f984345bdeee1918e83f9dd2ea59d75196a9ab6e,44.0,Irata,banker,,realrat.siqe.holo,2022-07-07 17:35:20+00:00,True,True,True
1967,c4bace10849f23e9972e555ac2e30ac128b7a90017a0f76c197685a0c60def6d,9.0,Godfather,banker,,com.fgwhxshclt.qdztaumbvz,2021-06-30 20:00:26+00:00,eligible_current_governed,c4bace10849f23e9972e555ac2e30ac128b7a90017a0f76c197685a0c60def6d,9.0,Godfather,banker,,com.fgwhxshclt.qdztaumbvz,2021-06-30 20:00:26+00:00,True,True,True
1968,c4e1fd619c4cab436cef2485c3fc069e9be9f8027ced04cac78f2350fb470497,51.0,Applite,banker,,com.xapayocexu.address,2024-11-26 02:53:28+00:00,eligible_current_governed,c4e1fd619c4cab436cef2485c3fc069e9be9f8027ced04cac78f2350fb470497,51.0,Applite,banker,,com.xapayocexu.address,2024-11-26 02:53:28+00:00,True,True,True
1971,c5e3edafdfda1ca0f0554802bbe32a8b09e8cc48161ed275b8fec6d74208171f,16.0,Crocodilus,banker,,quizzical.washbowl.calamity,2025-04-11 00:00:00+00:00,eligible_current_governed,c5e3edafdfda1ca0f0554802bbe32a8b09e8cc48161ed275b8fec6d74208171f,16.0,Crocodilus,banker,,quizzical.washbowl.calamity,2025-04-11 00:00:00+00:00,True,True,True
1974,c646c8e6a632e23a9c2e60590f012c7b5cb40340194cb0a597161676961b4de0,13.0,Vultur,banker,,com.app.freeguarding.twofactor,2024-04-01 00:00:00+00:00,eligible_current_governed,c646c8e6a632e23a9c2e60590f012c7b5cb40340194cb0a597161676961b4de0,13.0,Vultur,banker,,com.app.freeguarding.twofactor,2024-04-01 00:00:00+00:00,True,True,True
1978,c6c6575a877928cbd826e953302660e452e40b819a5dd5d146fa520f4833964f,55.0,DoNot,spyware,,three.two.seven,2024-07-26 10:30:05+00:00,eligible_current_governed,c6c6575a877928cbd826e953302660e452e40b819a5dd5d146fa520f4833964f,55.0,DoNot,spyware,,three.two.seven,2024-07-26 10:30:05+00:00,True,True,True
1979,c7409c7da60d7ad81f125d7ebc10846a8fefbfce02cd422dd17930a97e8290b6,55.0,DoNot,spyware,,two.two.five,2024-07-22 12:03:29+00:00,eligible_current_governed,c7409c7da60d7ad81f125d7ebc10846a8fefbfce02cd422dd17930a97e8290b6,55.0,DoNot,spyware,,two.two.five,2024-07-22 12:03:29+00:00,True,True,True
1981,c79857015dbf220111e7c5f47cf20a656741a9380cc0faecd486b517648eb199,3.0,Cerberus,banker,,com.rigbak.adnam2,2022-12-21 00:00:00+00:00,eligible_current_governed,c79857015dbf220111e7c5f47cf20a656741a9380cc0faecd486b517648eb199,3.0,Cerberus,banker,,com.rigbak.adnam2,2022-12-21 00:00:00+00:00,True,True,True
1982,c7f3a88bfefd6c64550b6122c2bf5842e47dda8ab09a18abd365bf73aef842a7,55.0,DoNot,spyware,,com.live.talk,2024-05-14 11:31:30+00:00,eligible_current_governed,c7f3a88bfefd6c64550b6122c2bf5842e47dda8ab09a18abd365bf73aef842a7,55.0,DoNot,spyware,,com.live.talk,2024-05-14 11:31:30+00:00,True,True,True
1986,c87e9f6e8d1a099e015bffa68ed157792cb0c6de562ccbf20607f30772adb512,51.0,Applite,banker,,com.cebugoyi.boot,2024-11-29 08:27:47+00:00,eligible_current_governed,c87e9f6e8d1a099e015bffa68ed157792cb0c6de562ccbf20607f30772adb512,51.0,Applite,banker,,com.cebugoyi.boot,2024-11-29 08:27:47+00:00,True,True,True
1988,c8bc280e101a917eab5c0d407035c9f9d3a0486db97a5ccb7729c2d2a0a0b40d,44.0,Irata,banker,,ir.amir.ir,2022-07-21 17:34:10+00:00,eligible_current_governed,c8bc280e101a917eab5c0d407035c9f9d3a0486db97a5ccb7729c2d2a0a0b40d,44.0,Irata,banker,,ir.amir.ir,2022-07-21 17:34:10+00:00,True,True,True
1989,c8c8c3ad840b002c7cb810656f485fd83041386d4ec5c80f264567661b5e45a6,56.0,XRat,rat,,com.dadada,2022-01-04 00:00:00+00:00,eligible_current_governed,c8c8c3ad840b002c7cb810656f485fd83041386d4ec5c80f264567661b5e45a6,56.0,XRat,rat,,com.dadada,2022-01-04 00:00:00+00:00,True,True,True
1991,c8fb7275088dcd4d366e6ce6b3ada58ece7f04e542d7a5a95712c18118fc11e9,51.0,Applite,banker,,com.cowegi.assembler,2024-12-10 09:47:00+00:00,eligible_current_governed,c8fb7275088dcd4d366e6ce6b3ada58ece7f04e542d7a5a95712c18118fc11e9,51.0,Applite,banker,,com.cowegi.assembler,2024-12-10 09:47:00+00:00,True,True,True
1993,c909613d1c5b9faf9e296faea4193abc315f1c3fbac2959489920ac8df14720d,45.0,PixPirate,banker,,com.truly.downward,2023-02-02 02:19:29+00:00,eligible_current_governed,c909613d1c5b9faf9e296faea4193abc315f1c3fbac2959489920ac8df14720d,45.0,PixPirate,banker,,com.truly.downward,2023-02-02 02:19:29+00:00,True,True,True
1994,c93fff691e898124a7655fdc81c89e755f1e8a42004dd1c09ca6362c3e1af616,45.0,PixPirate,banker,,com.medal.lime,2023-05-25 08:26:03+00:00,eligible_current_governed,c93fff691e898124a7655fdc81c89e755f1e8a42004dd1c09ca6362c3e1af616,45.0,PixPirate,banker,,com.medal.lime,2023-05-25 08:26:03+00:00,True,True,True
1997,c9857019eba6f5cf315061862f26729b073766ada5084d067743c1526c86802a,44.0,Irata,banker,,edward.org,2022-07-16 03:12:18+00:00,eligible_current_governed,c9857019eba6f5cf315061862f26729b073766ada5084d067743c1526c86802a,44.0,Irata,banker,,edward.org,2022-07-16 03:12:18+00:00,True,True,True
2000,ca0d2a1f8081e66130801082ced73f04b8ac4f33adf6de58d4ca2a84bb6d799b,44.0,Irata,banker,,com.psiphon3,2022-04-27 10:09:09+00:00,eligible_current_governed,ca0d2a1f8081e66130801082ced73f04b8ac4f33adf6de58d4ca2a84bb6d799b,44.0,Irata,banker,,com.psiphon3,2022-04-27 10:09:09+00:00,True,True,True
2002,ca172f8d36326fc0b6adef9ea98784fd216c319754c5fc47aa91fce336c7d79a,12.0,Marcher,banker,,com.xasefa.advanced,2025-02-18 00:00:00+00:00,below_min_samples_per_family,,,,,,,,True,False,True
2003,ca310362727d0416ce6ec24a90409ad2c8d9cdaf95f6236a759ac31eb2a8cb0f,36.0,SpyNote,rat,,com.widely.standard,2023-02-04 08:41:25+00:00,eligible_current_governed,ca310362727d0416ce6ec24a90409ad2c8d9cdaf95f6236a759ac31eb2a8cb0f,36.0,SpyNote,rat,,com.widely.standard,2023-02-04 08:41:25+00:00,False,True,True
2005,ca5ba6098a2a5b49c82b7351920966009a99444da4d6f6e5a6649e5e2aeb3ff8,4.0,FluBot,banker,,com.tencent.mm,2021-05-11 00:00:00+00:00,eligible_current_governed,ca5ba6098a2a5b49c82b7351920966009a99444da4d6f6e5a6649e5e2aeb3ff8,4.0,FluBot,banker,,com.tencent.mm,2021-05-11 00:00:00+00:00,True,True,True
2006,ca832e611f3e0b3669949f59c6bd52ab2480027225ef2ff4f665dd6a2ba5eff1,44.0,Irata,banker,,Rahbar.Api,2022-05-16 00:00:00+00:00,eligible_current_governed,ca832e611f3e0b3669949f59c6bd52ab2480027225ef2ff4f665dd6a2ba5eff1,44.0,Irata,banker,,Rahbar.Api,2022-05-16 00:00:00+00:00,True,True,True
2010,cac639c1793ebe22016d8f8e2611cf5997be40168bd247e09454a1af8be2626d,51.0,Applite,banker,,com.fozoge.file,2024-12-12 00:47:36+00:00,eligible_current_governed,cac639c1793ebe22016d8f8e2611cf5997be40168bd247e09454a1af8be2626d,51.0,Applite,banker,,com.fozoge.file,2024-12-12 00:47:36+00:00,True,True,True
2011,cae74c0c1197851f81ce3421b4e615f5e723da8f0769a12442e2308b4d846ba3,51.0,Applite,banker,,com.luhiwe.buffer,2024-12-14 08:07:05+00:00,eligible_current_governed,cae74c0c1197851f81ce3421b4e615f5e723da8f0769a12442e2308b4d846ba3,51.0,Applite,banker,,com.luhiwe.buffer,2024-12-14 08:07:05+00:00,True,True,True
2013,cb0dd3d4234c701c0dc146f557ad3f77af82cfa9f5d7f4518bd358951b3b8d8e,44.0,Irata,banker,,ir.pardakht,2022-06-15 03:21:34+00:00,eligible_current_governed,cb0dd3d4234c701c0dc146f557ad3f77af82cfa9f5d7f4518bd358951b3b8d8e,44.0,Irata,banker,,ir.pardakht,2022-06-15 03:21:34+00:00,True,True,True
2015,cb1604c4c5be8b074c3738abf22c979033e76ed736822617865500a99e5d3dd4,44.0,Irata,banker,,www.devil.ir,2022-08-26 00:00:00+00:00,eligible_current_governed,cb1604c4c5be8b074c3738abf22c979033e76ed736822617865500a99e5d3dd4,44.0,Irata,banker,,www.devil.ir,2022-08-26 00:00:00+00:00,True,True,True
2016,cb26762e56b320894c88917958035082c1d95b9846ab1e84256bc62cdf86f7d9,56.0,XRat,rat,,org.apache,2022-01-04 00:00:00+00:00,eligible_current_governed,cb26762e56b320894c88917958035082c1d95b9846ab1e84256bc62cdf86f7d9,56.0,XRat,rat,,org.apache,2022-01-04 00:00:00+00:00,True,True,True
2018,cb47e96d5c90d32dc9a55149e53fcc88b723a193bb5bf6b57db1d7cdef1d163c,44.0,Irata,banker,,com.rimot.mani,2022-06-14 19:15:06+00:00,eligible_current_governed,cb47e96d5c90d32dc9a55149e53fcc88b723a193bb5bf6b57db1d7cdef1d163c,44.0,Irata,banker,,com.rimot.mani,2022-06-14 19:15:06+00:00,True,True,True
2019,cb507f6a2406274b56150f56bb7ef7cfd88f79600768f25b4a7d5441ec987835,7.0,Chameleon,banker,,com.chuckle.define,2023-08-29 00:00:00+00:00,below_min_samples_per_family,,,,,,,,True,False,True
2025,cc5cb2d83ce1d0f5c4b63513683c50cc678ca54fad86f5541db0cffb3b8aa02b,51.0,Applite,banker,,com.jodawi.content,2024-11-30 00:16:37+00:00,eligible_current_governed,cc5cb2d83ce1d0f5c4b63513683c50cc678ca54fad86f5541db0cffb3b8aa02b,51.0,Applite,banker,,com.jodawi.content,2024-11-30 00:16:37+00:00,True,True,True
2030,cd03e75de9f02e5f84df556af867a54943d5be2fc0b8485eeb8af109078ddfdf,51.0,Applite,banker,,com.vasigu.cache,2024-11-29 08:36:43+00:00,eligible_current_governed,cd03e75de9f02e5f84df556af867a54943d5be2fc0b8485eeb8af109078ddfdf,51.0,Applite,banker,,com.vasigu.cache,2024-11-29 08:36:43+00:00,True,True,True
2031,cd07aad9f06d5553da8c79efca8d2196597971cda8398fc8991616e42eb3b20c,51.0,Applite,banker,,com.mobizupa.flag,2024-12-09 15:19:49+00:00,eligible_current_governed,cd07aad9f06d5553da8c79efca8d2196597971cda8398fc8991616e42eb3b20c,51.0,Applite,banker,,com.mobizupa.flag,2024-12-09 15:19:49+00:00,True,True,True
2033,cd80803a83b37e448de37e30b158106ca53a2e98e1c6a73ad0d6b89547d4d17d,44.0,Irata,banker,,Caco333.siqe.holo,2022-06-17 08:49:17+00:00,eligible_current_governed,cd80803a83b37e448de37e30b158106ca53a2e98e1c6a73ad0d6b89547d4d17d,44.0,Irata,banker,,Caco333.siqe.holo,2022-06-17 08:49:17+00:00,True,True,True
2037,cdedfe9b42291848efebf004d51188219365f2f29fa5afb0393d047b7a5c75bf,51.0,Applite,banker,,com.hawuno.protocol,2024-11-26 18:40:10+00:00,eligible_current_governed,cdedfe9b42291848efebf004d51188219365f2f29fa5afb0393d047b7a5c75bf,51.0,Applite,banker,,com.hawuno.protocol,2024-11-26 18:40:10+00:00,True,True,True
2039,ce62915cc96735d1921613c9969882e352429c7aaab54145d270502d6b6068d2,44.0,Irata,banker,,ir.shz.shzkisi,2022-08-07 18:05:52+00:00,eligible_current_governed,ce62915cc96735d1921613c9969882e352429c7aaab54145d270502d6b6068d2,44.0,Irata,banker,,ir.shz.shzkisi,2022-08-07 18:05:52+00:00,True,True,True
2040,ce65b19dcb699a37406379a9cd5f66b833028d4aad8aca39013e6b973b8e2c2a,44.0,Irata,banker,,www.iiooii.ww,2022-08-25 23:52:40+00:00,eligible_current_governed,ce65b19dcb699a37406379a9cd5f66b833028d4aad8aca39013e6b973b8e2c2a,44.0,Irata,banker,,www.iiooii.ww,2022-08-25 23:52:40+00:00,True,True,True
2041,cea371b7bdd44271b20194248431c45f03bd66c4b7f7abad8404ca611a27565c,36.0,SpyNote,rat,,com.appser.verapp,2022-09-23 00:57:55+00:00,eligible_current_governed,cea371b7bdd44271b20194248431c45f03bd66c4b7f7abad8404ca611a27565c,36.0,SpyNote,rat,,com.appser.verapp,2022-09-23 00:57:55+00:00,False,True,True
2043,cee20d392032aa03afff9395ba2d2d68acfcbb7b30dbf364dee299a7f2f5e2b2,36.0,SpyNote,rat,,GOOD.BYE.GOOGLE,2020-03-14 14:27:31+00:00,eligible_current_governed,cee20d392032aa03afff9395ba2d2d68acfcbb7b30dbf364dee299a7f2f5e2b2,36.0,SpyNote,rat,,GOOD.BYE.GOOGLE,2020-03-14 14:27:31+00:00,True,True,True
2045,cf9026984cfe33cfc048825588fc7f917b1ba1a83143a2e3c4e4b5ebb7ce1e64,54.0,FatBoyPanel,banker,,,2024-02-26 09:46:18+00:00,eligible_current_governed,cf9026984cfe33cfc048825588fc7f917b1ba1a83143a2e3c4e4b5ebb7ce1e64,54.0,FatBoyPanel,banker,,,2024-02-26 09:46:18+00:00,False,True,True
2046,cfa96f14c0d746854c9f09ca9509bcaf3b7dc06ea0e442609da56cb42396d175,51.0,Applite,banker,,com.liwiveje.action,2024-11-12 20:56:05+00:00,eligible_current_governed,cfa96f14c0d746854c9f09ca9509bcaf3b7dc06ea0e442609da56cb42396d175,51.0,Applite,banker,,com.liwiveje.action,2024-11-12 20:56:05+00:00,True,True,True
2047,cfbb2e1731fd0521a69f1f07033daca14664066d1f23e639a7824ce72be5358e,45.0,PixPirate,banker,,com.evolution.canal,2023-02-01 13:37:30+00:00,eligible_current_governed,cfbb2e1731fd0521a69f1f07033daca14664066d1f23e639a7824ce72be5358e,45.0,PixPirate,banker,,com.evolution.canal,2023-02-01 13:37:30+00:00,True,True,True
2049,cfddd32fdddb8c2ea25ccd3f30f12957278436482fb0f3cc91e9ad0335a4e946,16.0,Crocodilus,banker,,spending.badass,2025-04-22 03:28:59+00:00,eligible_current_governed,cfddd32fdddb8c2ea25ccd3f30f12957278436482fb0f3cc91e9ad0335a4e946,16.0,Crocodilus,banker,,spending.badass,2025-04-22 03:28:59+00:00,True,True,True
2050,cfe0db8ce9cb462279b76be0bd389f2ea6d4edb5869051a57c42173a82cbf3b7,54.0,FatBoyPanel,banker,,,2024-05-24 17:43:03+00:00,eligible_current_governed,cfe0db8ce9cb462279b76be0bd389f2ea6d4edb5869051a57c42173a82cbf3b7,54.0,FatBoyPanel,banker,,,2024-05-24 17:43:03+00:00,False,True,True
2051,d0191ca4be74cad73694bc6f203eec140667cc1a8b4f6e277d47631585fdb0cf,16.0,Crocodilus,banker,,tapioca.unshaved.prevalent,2024-11-30 02:30:26+00:00,eligible_current_governed,d0191ca4be74cad73694bc6f203eec140667cc1a8b4f6e277d47631585fdb0cf,16.0,Crocodilus,banker,,tapioca.unshaved.prevalent,2024-11-30 02:30:26+00:00,True,True,True
2053,d0998b3d87f5f507fad02668e07f1e428b860fbb8945a902705cd231d4d185da,40.0,Xenomorph,banker,,repechage.resells.preschool,2023-03-09 03:25:43+00:00,below_min_samples_per_family,,,,,,,,True,False,True
2055,d1211dc8255d2c108e3f36d7b65ffddfffec3ebe02fe72b94f8faf1d9285b0d5,51.0,Applite,banker,,com.valeke.framework,2024-12-17 08:25:16+00:00,eligible_current_governed,d1211dc8255d2c108e3f36d7b65ffddfffec3ebe02fe72b94f8faf1d9285b0d5,51.0,Applite,banker,,com.valeke.framework,2024-12-17 08:25:16+00:00,True,True,True
2058,d19811bbe14108877bf28918ecf4bc7b25d095edd87f9545294e0b7677721d47,7.0,Chameleon,banker,,com.thing.gasp,2023-01-01 15:30:55+00:00,below_min_samples_per_family,,,,,,,,True,False,True
2059,d1aacf30acbd2bea792688b17f987b8f1d4796d2eace36bbc25dab350b11ada3,45.0,PixPirate,banker,,com.orchestra.watchdog,2022-11-30 18:28:45+00:00,eligible_current_governed,d1aacf30acbd2bea792688b17f987b8f1d4796d2eace36bbc25dab350b11ada3,45.0,PixPirate,banker,,com.orchestra.watchdog,2022-11-30 18:28:45+00:00,True,True,True
2063,d21b06d6862a661685a1e3a135477935d72903bd957175d113bfbba011db76b2,44.0,Irata,banker,,ir.shz.shzkisi,2022-08-06 17:59:30+00:00,eligible_current_governed,d21b06d6862a661685a1e3a135477935d72903bd957175d113bfbba011db76b2,44.0,Irata,banker,,ir.shz.shzkisi,2022-08-06 17:59:30+00:00,True,True,True
2065,d270d97d816039d166d8084098eada9141cc9a3c6d45bff789c7e604a84554c8,51.0,Applite,banker,,com.yifori.log,2024-12-06 14:56:55+00:00,eligible_current_governed,d270d97d816039d166d8084098eada9141cc9a3c6d45bff789c7e604a84554c8,51.0,Applite,banker,,com.yifori.log,2024-12-06 14:56:55+00:00,True,True,True
2067,d2d287980fe32178d5b73a721555e21d538e59e945cc0092bb84eee7d0427fee,45.0,PixPirate,banker,,com.torrent.cheat,2023-02-09 11:35:47+00:00,eligible_current_governed,d2d287980fe32178d5b73a721555e21d538e59e945cc0092bb84eee7d0427fee,45.0,PixPirate,banker,,com.torrent.cheat,2023-02-09 11:35:47+00:00,True,True,True
2069,d390d83b0074f7714f508264bf60c644139625530aed1888c26f2b5b5e9d3d8a,45.0,PixPirate,banker,,com.grind.defeat,2023-05-24 10:52:15+00:00,eligible_current_governed,d390d83b0074f7714f508264bf60c644139625530aed1888c26f2b5b5e9d3d8a,45.0,PixPirate,banker,,com.grind.defeat,2023-05-24 10:52:15+00:00,True,True,True
2070,d39434517a7a7d6bc62fe68d8bd4e43b4132734bcf7abcd6f3eec8de3eb23fcf,44.0,Irata,banker,,com.royal.dev,2022-08-24 18:50:05+00:00,eligible_current_governed,d39434517a7a7d6bc62fe68d8bd4e43b4132734bcf7abcd6f3eec8de3eb23fcf,44.0,Irata,banker,,com.royal.dev,2022-08-24 18:50:05+00:00,True,True,True
2072,d405c4e20296f1ecaac33fb7f7b7a4a0f9e2df36d185043960826cf89e38b754,16.0,Crocodilus,banker,,operation.surprise.sequel,2024-11-12 13:11:57+00:00,eligible_current_governed,d405c4e20296f1ecaac33fb7f7b7a4a0f9e2df36d185043960826cf89e38b754,16.0,Crocodilus,banker,,operation.surprise.sequel,2024-11-12 13:11:57+00:00,True,True,True
2074,d43698d34b5fe6dcb4525d9c2d9b2efb0df465311875d1dcd933910fd4638d30,56.0,XRat,rat,,com.dadada,2022-01-04 00:00:00+00:00,eligible_current_governed,d43698d34b5fe6dcb4525d9c2d9b2efb0df465311875d1dcd933910fd4638d30,56.0,XRat,rat,,com.dadada,2022-01-04 00:00:00+00:00,True,True,True
2075,d4a97ad32f7fa80f408b168741e325e27e932b7a918075c63277114836a185e3,45.0,PixPirate,banker,,com.dim.smooth,2023-03-02 16:10:17+00:00,eligible_current_governed,d4a97ad32f7fa80f408b168741e325e27e932b7a918075c63277114836a185e3,45.0,PixPirate,banker,,com.dim.smooth,2023-03-02 16:10:17+00:00,True,True,True
2076,d4ad38f2e12655e2ea9ca6267ec088c61218be90db0b8593b2a8d67afbf462c1,44.0,Irata,banker,,Caco333.siqe.holo,2022-08-20 22:19:36+00:00,eligible_current_governed,d4ad38f2e12655e2ea9ca6267ec088c61218be90db0b8593b2a8d67afbf462c1,44.0,Irata,banker,,Caco333.siqe.holo,2022-08-20 22:19:36+00:00,True,True,True
2077,d4d5751f6b6e28f03cad4fafd9e2755af937535f4485d7ea43cd069e97429807,19.0,TrickMo,banker,,plasxy.trag867.zie,2024-03-07 00:00:00+00:00,eligible_current_governed,d4d5751f6b6e28f03cad4fafd9e2755af937535f4485d7ea43cd069e97429807,19.0,TrickMo,banker,,plasxy.trag867.zie,2024-03-07 00:00:00+00:00,True,True,True
2078,d4d8e4c7acc8c55c78737944fa235054f2f2efffeded83f107be43a0c1a58ffb,44.0,Irata,banker,,com.rez.ir,2022-08-23 01:47:08+00:00,eligible_current_governed,d4d8e4c7acc8c55c78737944fa235054f2f2efffeded83f107be43a0c1a58ffb,44.0,Irata,banker,,com.rez.ir,2022-08-23 01:47:08+00:00,True,True,True
2080,d508078368d8775fcfff5a7886392da57fcf757c89687f22c0504c3df9075b00,9.0,Godfather,banker,,com.unhanked.mustily,2024-10-31 19:01:31+00:00,eligible_current_governed,d508078368d8775fcfff5a7886392da57fcf757c89687f22c0504c3df9075b00,9.0,Godfather,banker,,com.unhanked.mustily,2024-10-31 19:01:31+00:00,True,True,True
2084,d5741fa7adc26b6edd5d8bd18ae8bbf854be8aa141f35ff093826527d0bc6090,51.0,Applite,banker,,com.yimani.active,2024-12-09 07:40:41+00:00,eligible_current_governed,d5741fa7adc26b6edd5d8bd18ae8bbf854be8aa141f35ff093826527d0bc6090,51.0,Applite,banker,,com.yimani.active,2024-12-09 07:40:41+00:00,True,True,True
2085,d57ef894b53f804c97d40c3e365faf729ce2ea7386b280f9909ebc8432008eee,9.0,Godfather,banker,,com.ticketmonger.tawdriness,2024-11-02 19:40:08+00:00,eligible_current_governed,d57ef894b53f804c97d40c3e365faf729ce2ea7386b280f9909ebc8432008eee,9.0,Godfather,banker,,com.ticketmonger.tawdriness,2024-11-02 19:40:08+00:00,True,True,True
2086,d5832e80ce1e7aeb35b5b211227c10406a22c96b88d841f7ba314c3ec9c3efee,51.0,Applite,banker,,com.rovayucabu.file,2024-09-24 17:57:45+00:00,eligible_current_governed,d5832e80ce1e7aeb35b5b211227c10406a22c96b88d841f7ba314c3ec9c3efee,51.0,Applite,banker,,com.rovayucabu.file,2024-09-24 17:57:45+00:00,True,True,True
2087,d5a5914de25dc220e934d8bac4323de7a5af2ca4fe60996d3acefbc3467f41e5,16.0,Crocodilus,banker,,shriek.mooing.juggle.irk,2024-11-07 09:01:24+00:00,eligible_current_governed,d5a5914de25dc220e934d8bac4323de7a5af2ca4fe60996d3acefbc3467f41e5,16.0,Crocodilus,banker,,shriek.mooing.juggle.irk,2024-11-07 09:01:24+00:00,True,True,True
2088,d5c1d2b4405f28e55832911f25d21cc5d58b3f4f8ee7dd4f21f548c60562d635,56.0,XRat,rat,,com.dadada,2022-01-04 00:00:00+00:00,eligible_current_governed,d5c1d2b4405f28e55832911f25d21cc5d58b3f4f8ee7dd4f21f548c60562d635,56.0,XRat,rat,,com.dadada,2022-01-04 00:00:00+00:00,True,True,True
2090,d5de951f26f8cd8fb25100a3edd777d5ed3cae7756a1bec2af81a28dc53afbd6,14.0,TgToxic,banker,,com.wywwvg.gkastv,2022-11-01 12:00:57+00:00,eligible_current_governed,d5de951f26f8cd8fb25100a3edd777d5ed3cae7756a1bec2af81a28dc53afbd6,14.0,TgToxic,banker,,com.wywwvg.gkastv,2022-11-01 12:00:57+00:00,True,True,True
2093,d652ac528102de3ebb42a973db639ae27f13738e005172e5ff8aac6e91f3f760,9.0,Godfather,banker,,com.mxstudio.TocaBocaLifeWorldTownfulladvice2021,2021-12-10 18:01:23+00:00,eligible_current_governed,d652ac528102de3ebb42a973db639ae27f13738e005172e5ff8aac6e91f3f760,9.0,Godfather,banker,,com.mxstudio.TocaBocaLifeWorldTownfulladvice2021,2021-12-10 18:01:23+00:00,True,True,True
2094,d65e0179d1d5039c98b433f63b75d7ee46c4cba97d4fae315e26c506cb118c6e,6.0,TeaBot,banker,,com.appandutilitytools.fileqrutility,2024-05-29 00:00:00+00:00,below_min_samples_per_family,,,,,,,,True,False,True
2097,d6e3aace92db76a5f4b08540de0d2f4d852edc68bd68db9e18779c18e93a5060,51.0,Applite,banker,,com.bevicovice.app,2024-11-01 16:02:25+00:00,eligible_current_governed,d6e3aace92db76a5f4b08540de0d2f4d852edc68bd68db9e18779c18e93a5060,51.0,Applite,banker,,com.bevicovice.app,2024-11-01 16:02:25+00:00,True,True,True
2101,d7c8c39ad9ecbafd31ee4063cf5a76048ca07bb6c0e3a4f1f6ea96686c878a43,51.0,Applite,banker,,com.yixedipe.iteration,2024-12-17 08:24:39+00:00,eligible_current_governed,d7c8c39ad9ecbafd31ee4063cf5a76048ca07bb6c0e3a4f1f6ea96686c878a43,51.0,Applite,banker,,com.yixedipe.iteration,2024-12-17 08:24:39+00:00,True,True,True
2102,d8165712329fa120b5cc696514b5dd0d7043fbf7d6b6ef5f767348e0ba31aa6e,9.0,Godfather,banker,,com.manubria.brahmanize,2024-10-31 07:10:46+00:00,eligible_current_governed,d8165712329fa120b5cc696514b5dd0d7043fbf7d6b6ef5f767348e0ba31aa6e,9.0,Godfather,banker,,com.manubria.brahmanize,2024-10-31 07:10:46+00:00,True,True,True
2103,d81af33452b59fc88fcf483fd34ed99889427f19a222201ed5aec78af539ced1,56.0,XRat,rat,,com.dadada,2022-01-04 00:00:00+00:00,eligible_current_governed,d81af33452b59fc88fcf483fd34ed99889427f19a222201ed5aec78af539ced1,56.0,XRat,rat,,com.dadada,2022-01-04 00:00:00+00:00,True,True,True
2105,d852f48e1c8a37d11f9dfb90f339316a5a3fa012bf152db43de1e81b45a69ba7,53.0,Copybara,banker,,com.mediobancaapptoken.app,2024-01-22 08:27:36+00:00,eligible_current_governed,d852f48e1c8a37d11f9dfb90f339316a5a3fa012bf152db43de1e81b45a69ba7,53.0,Copybara,banker,,com.mediobancaapptoken.app,2024-01-22 08:27:36+00:00,False,True,True
2106,d86da41bbac1a8c9e04313f0db3c76ab661692e83c218b673e038cb75e42994e,44.0,Irata,banker,,com.psiphon3,2022-07-30 12:27:59+00:00,eligible_current_governed,d86da41bbac1a8c9e04313f0db3c76ab661692e83c218b673e038cb75e42994e,44.0,Irata,banker,,com.psiphon3,2022-07-30 12:27:59+00:00,True,True,True
2107,d8834a21bc70fbe202cb7c865d97301540d4c27741380e877551e35be1b7276b,15.0,GoldDigger,banker,,com.oknklhn.exjq,2023-09-26 00:00:00+00:00,eligible_current_governed,d8834a21bc70fbe202cb7c865d97301540d4c27741380e877551e35be1b7276b,15.0,GoldDigger,banker,,com.oknklhn.exjq,2023-09-26 00:00:00+00:00,True,True,True
2108,d883575c98f67a4e44cc2dfd22ad8fee5300a2c63e6b299ad8e974f3e0d348e7,45.0,PixPirate,banker,,com.between.separation,2023-01-31 19:21:32+00:00,eligible_current_governed,d883575c98f67a4e44cc2dfd22ad8fee5300a2c63e6b299ad8e974f3e0d348e7,45.0,PixPirate,banker,,com.between.separation,2023-01-31 19:21:32+00:00,True,True,True
2109,d887267dd40e47dbea8b3911e888e4da637598b095c388d9477957f77a6851ad,14.0,TgToxic,banker,,com.xghqkr.hyxswk,2022-11-16 16:44:12+00:00,eligible_current_governed,d887267dd40e47dbea8b3911e888e4da637598b095c388d9477957f77a6851ad,14.0,TgToxic,banker,,com.xghqkr.hyxswk,2022-11-16 16:44:12+00:00,True,True,True
2110,d887be78f443fabeb348ac2f85e1d42ed4d1c2cfc87d9e314c4b812c0b1fcfd8,53.0,Copybara,banker,,com.mediobancabanc.appnuova,2024-02-09 11:03:18+00:00,eligible_current_governed,d887be78f443fabeb348ac2f85e1d42ed4d1c2cfc87d9e314c4b812c0b1fcfd8,53.0,Copybara,banker,,com.mediobancabanc.appnuova,2024-02-09 11:03:18+00:00,False,True,True
2111,d8b3279d62623e3b3f4718bca49b8cc6da7184a1dd1f0c2685e32d973812c8ff,45.0,PixPirate,banker,,com.desert.territory,2023-02-10 21:46:12+00:00,eligible_current_governed,d8b3279d62623e3b3f4718bca49b8cc6da7184a1dd1f0c2685e32d973812c8ff,45.0,PixPirate,banker,,com.desert.territory,2023-02-10 21:46:12+00:00,True,True,True
2114,d90d277aa3c566040967fe99dda6218603ddc818d5db77cf64fd66a8696b1222,44.0,Irata,banker,,Caco333.siqe.holo,2022-08-10 14:00:45+00:00,eligible_current_governed,d90d277aa3c566040967fe99dda6218603ddc818d5db77cf64fd66a8696b1222,44.0,Irata,banker,,Caco333.siqe.holo,2022-08-10 14:00:45+00:00,True,True,True
2117,d9a5ee86b001c436f89e6a0eca0694e78c90627ab589ae2d27b33fcb507e4e63,16.0,Crocodilus,banker,,theme.afar,2025-03-23 18:07:31+00:00,eligible_current_governed,d9a5ee86b001c436f89e6a0eca0694e78c90627ab589ae2d27b33fcb507e4e63,16.0,Crocodilus,banker,,theme.afar,2025-03-23 18:07:31+00:00,True,True,True
2120,d9f816d80d837665a27e6aec9dd1bb0c94801ffbe732ac65fcc455b53dc1d881,15.0,GoldDigger,banker,,finger.court.craig,2023-09-11 05:40:13+00:00,eligible_current_governed,d9f816d80d837665a27e6aec9dd1bb0c94801ffbe732ac65fcc455b53dc1d881,15.0,GoldDigger,banker,,finger.court.craig,2023-09-11 05:40:13+00:00,True,True,True
2121,da14372d16a99fa6c4870182c41b3b0149be78f146bc5fd3384b3bc2186bdd59,14.0,TgToxic,banker,,com.vtrvw.xkfus,2022-10-01 21:18:35+00:00,eligible_current_governed,da14372d16a99fa6c4870182c41b3b0149be78f146bc5fd3384b3bc2186bdd59,14.0,TgToxic,banker,,com.vtrvw.xkfus,2022-10-01 21:18:35+00:00,True,True,True
2124,da7114835071ce48748d9c2a5ffbf489d19d81e54d0e08f8950024cbac1d6846,54.0,FatBoyPanel,banker,,,2024-05-30 10:04:19+00:00,eligible_current_governed,da7114835071ce48748d9c2a5ffbf489d19d81e54d0e08f8950024cbac1d6846,54.0,FatBoyPanel,banker,,,2024-05-30 10:04:19+00:00,False,True,True
2128,dae74b54b6f36171b8f3c2c59bff6400290e8023acb8dfb22bc81076b29f8e0f,44.0,Irata,banker,,ir.shz.shzkisi,2022-08-21 22:33:10+00:00,eligible_current_governed,dae74b54b6f36171b8f3c2c59bff6400290e8023acb8dfb22bc81076b29f8e0f,44.0,Irata,banker,,ir.shz.shzkisi,2022-08-21 22:33:10+00:00,True,True,True
2129,db0403ca047f3095e635df4b9179b033c8a3ea54bb382a35000a174b25e14a11,45.0,PixPirate,banker,,com.explosion.toast,2023-02-16 16:30:29+00:00,eligible_current_governed,db0403ca047f3095e635df4b9179b033c8a3ea54bb382a35000a174b25e14a11,45.0,PixPirate,banker,,com.explosion.toast,2023-02-16 16:30:29+00:00,True,True,True
2132,db59fc170ff7107019b09bfa965573dbf84ddc7c74e3780f0b77cb2ce06e5c02,45.0,PixPirate,banker,,com.mix.despair,2023-02-11 07:21:21+00:00,eligible_current_governed,db59fc170ff7107019b09bfa965573dbf84ddc7c74e3780f0b77cb2ce06e5c02,45.0,PixPirate,banker,,com.mix.despair,2023-02-11 07:21:21+00:00,True,True,True
2135,db87335485d53ad7e2bb659b623cfdb1ec14a5937a30c9fb0b4e9324222aec08,51.0,Applite,banker,,com.wetere.server,2024-12-17 08:20:00+00:00,eligible_current_governed,db87335485d53ad7e2bb659b623cfdb1ec14a5937a30c9fb0b4e9324222aec08,51.0,Applite,banker,,com.wetere.server,2024-12-17 08:20:00+00:00,True,True,True
2136,dbacbce478e87b4f93efdf1a40d045ab3dd6e337aaca8f05e4bb9ed6ce9943e7,14.0,TgToxic,banker,,com.vtrvw.xkfus,2022-08-22 01:34:43+00:00,eligible_current_governed,dbacbce478e87b4f93efdf1a40d045ab3dd6e337aaca8f05e4bb9ed6ce9943e7,14.0,TgToxic,banker,,com.vtrvw.xkfus,2022-08-22 01:34:43+00:00,True,True,True
2137,dbc4ab43fd96a97c95c29e83939cd1798f197e029be9b6e59b0e9009204a1c37,44.0,Irata,banker,,ir.shz.shzkisi,2022-08-20 22:45:56+00:00,eligible_current_governed,dbc4ab43fd96a97c95c29e83939cd1798f197e029be9b6e59b0e9009204a1c37,44.0,Irata,banker,,ir.shz.shzkisi,2022-08-20 22:45:56+00:00,True,True,True
2139,dbdf5269ca547adc736359fb00918d486f447d562239bb72939f44dd66a4b903,45.0,PixPirate,banker,,com.curiosity.specialist,2023-05-12 10:25:47+00:00,eligible_current_governed,dbdf5269ca547adc736359fb00918d486f447d562239bb72939f44dd66a4b903,45.0,PixPirate,banker,,com.curiosity.specialist,2023-05-12 10:25:47+00:00,True,True,True
2140,dbefaa13eecd4c103fe3af60a31ea864c44c1da6ca5d675a49fed8b6964adef1,51.0,Applite,banker,,com.ricaxehisi.home,2024-12-20 08:08:00+00:00,eligible_current_governed,dbefaa13eecd4c103fe3af60a31ea864c44c1da6ca5d675a49fed8b6964adef1,51.0,Applite,banker,,com.ricaxehisi.home,2024-12-20 08:08:00+00:00,True,True,True
2142,dc4f24f07d99e4e34d1f50de0535f88ea52cc62bfb520452bdd730b94d6d8c0e,13.0,Vultur,banker,,jk.powder.tendence,2024-03-30 00:00:00+00:00,eligible_current_governed,dc4f24f07d99e4e34d1f50de0535f88ea52cc62bfb520452bdd730b94d6d8c0e,13.0,Vultur,banker,,jk.powder.tendence,2024-03-30 00:00:00+00:00,True,True,True
2145,dc88fb29ace7912290a2dc5bc484160a8442ecc82cfa58aa482f0a5d350aac50,45.0,PixPirate,banker,,com.accuracy.hatch,2023-05-25 08:26:32+00:00,eligible_current_governed,dc88fb29ace7912290a2dc5bc484160a8442ecc82cfa58aa482f0a5d350aac50,45.0,PixPirate,banker,,com.accuracy.hatch,2023-05-25 08:26:32+00:00,True,True,True
2146,dc9383a0fb77ca5f6d416dfe0945a6278741f928013f863b97ce159d09718a81,6.0,TeaBot,banker,,com.nfctnofxy.tmzcwkcjd,2024-05-29 00:00:00+00:00,below_min_samples_per_family,,,,,,,,True,False,True
2147,dcc75d91153a868253a69792b56d183542b2d45e89c1f5cb447eb613a4795ab2,51.0,Applite,banker,,com.litaxi.array,2024-11-27 03:50:27+00:00,eligible_current_governed,dcc75d91153a868253a69792b56d183542b2d45e89c1f5cb447eb613a4795ab2,51.0,Applite,banker,,com.litaxi.array,2024-11-27 03:50:27+00:00,True,True,True
2148,dceb02360e9ff759a1fecfea7c2807a7ee93b1cc2b758c7fcb32c0d149b7b1c0,45.0,PixPirate,banker,,com.photograph.forty,2022-12-29 18:11:09+00:00,eligible_current_governed,dceb02360e9ff759a1fecfea7c2807a7ee93b1cc2b758c7fcb32c0d149b7b1c0,45.0,PixPirate,banker,,com.photograph.forty,2022-12-29 18:11:09+00:00,True,True,True
2150,dd01578a84145d6348ae53e0155ce814002b5d64b742640ded8de3b037e5812c,46.0,Joker,banker,,com.tap.tap.duedd,2021-03-19 00:00:00+00:00,eligible_current_governed,dd01578a84145d6348ae53e0155ce814002b5d64b742640ded8de3b037e5812c,46.0,Joker,banker,,com.tap.tap.duedd,2021-03-19 00:00:00+00:00,True,True,True
2153,dd8a5a1a8632d661f152f435b7afba825e474ec0d03d1c5ef8669fdc2b484165,18.0,SOVA,banker,,com.clqg.sbtkqsb.ixrooga,2021-09-10 00:00:00+00:00,below_min_samples_per_family,,,,,,,,True,False,True
2157,ddc65d96a0022ed640bdbe174582e337218fd4f7114254504952e5bb94ea1851,48.0,Coper,banker,,cropim.an669.ga,2024-04-11 00:00:00+00:00,below_min_samples_per_family,,,,,,,,True,False,True
2158,de210b3d99fd7548f0e0d7455f0e5b52cdf8fbd84350df87630980950eec62fe,44.0,Irata,banker,,com.psiphon3,2022-05-17 00:00:00+00:00,eligible_current_governed,de210b3d99fd7548f0e0d7455f0e5b52cdf8fbd84350df87630980950eec62fe,44.0,Irata,banker,,com.psiphon3,2022-05-17 00:00:00+00:00,True,True,True
2159,de242d9428a378a1b0dacb2e8d481fdfb062a47450f815c13e105975d5a41663,53.0,Copybara,banker,,com.illimitybank.tokenapp,2024-02-24 18:53:41+00:00,eligible_current_governed,de242d9428a378a1b0dacb2e8d481fdfb062a47450f815c13e105975d5a41663,53.0,Copybara,banker,,com.illimitybank.tokenapp,2024-02-24 18:53:41+00:00,False,True,True
2160,de40a43629da3006547f57896f9a0417432b0c33ae03f1a9f2d7cca035c87d28,14.0,TgToxic,banker,,com.ubuy.maitance,2022-11-26 09:40:32+00:00,eligible_current_governed,de40a43629da3006547f57896f9a0417432b0c33ae03f1a9f2d7cca035c87d28,14.0,TgToxic,banker,,com.ubuy.maitance,2022-11-26 09:40:32+00:00,True,True,True
2162,de6ca9b6c535bbaeec7ca37500e80f2dc7dc1e1933d21837a02caeb05e196a4f,44.0,Irata,banker,,ir.reza.putak,2022-05-15 21:17:17+00:00,eligible_current_governed,de6ca9b6c535bbaeec7ca37500e80f2dc7dc1e1933d21837a02caeb05e196a4f,44.0,Irata,banker,,ir.reza.putak,2022-05-15 21:17:17+00:00,True,True,True
2166,df22a3380c61e01949c70ec2fda560f8315b6e61b412825e51dec127072b91ad,51.0,Applite,banker,,com.doduye.encrypt,2024-11-29 10:08:49+00:00,eligible_current_governed,df22a3380c61e01949c70ec2fda560f8315b6e61b412825e51dec127072b91ad,51.0,Applite,banker,,com.doduye.encrypt,2024-11-29 10:08:49+00:00,True,True,True
2167,df2805b1183f8a2f984f3fb00ce7f682240100cba32406379666f0a1eed60419,45.0,PixPirate,banker,,com.tip.absolute,2023-02-13 11:31:20+00:00,eligible_current_governed,df2805b1183f8a2f984f3fb00ce7f682240100cba32406379666f0a1eed60419,45.0,PixPirate,banker,,com.tip.absolute,2023-02-13 11:31:20+00:00,True,True,True
2168,df298b0aba5aad2886ae720577557b3e48fba905055dcee0fd74336660bfd0a2,17.0,Ermac,banker,,com.kototomumeci.nacipiyi,2022-05-23 11:06:51+00:00,below_min_samples_per_family,,,,,,,,True,False,True
2170,df3d18f6b2ee85551b42324e59de7488afa9d459819a2e9cefe3e5ce5322939f,44.0,Irata,banker,,realrat.siqe.holo,2022-07-06 20:43:34+00:00,eligible_current_governed,df3d18f6b2ee85551b42324e59de7488afa9d459819a2e9cefe3e5ce5322939f,44.0,Irata,banker,,realrat.siqe.holo,2022-07-06 20:43:34+00:00,True,True,True
2172,dfbf0bf821fa586d4e58035ed8768d2b0f1226a3b544e5f9190746b6108de625,57.0,SpyLoan,spyware,,com.kreditku.kuindo,2024-12-03 00:00:00+00:00,eligible_current_governed,dfbf0bf821fa586d4e58035ed8768d2b0f1226a3b544e5f9190746b6108de625,57.0,SpyLoan,spyware,,com.kreditku.kuindo,2024-12-03 00:00:00+00:00,True,True,True
2174,dfd29c61f2ee309f42f856edcf3940373ccc7067c8e675651f08381dfe00c241,44.0,Irata,banker,,ir.shz.shzkisi,2022-08-21 20:20:31+00:00,eligible_current_governed,dfd29c61f2ee309f42f856edcf3940373ccc7067c8e675651f08381dfe00c241,44.0,Irata,banker,,ir.shz.shzkisi,2022-08-21 20:20:31+00:00,True,True,True
2175,e0296742b191fd218c2fd4560656f71cb2b9d053c778b7c6fe79650d0d816dbf,45.0,PixPirate,banker,,com.wire.dear,2023-01-02 23:51:40+00:00,eligible_current_governed,e0296742b191fd218c2fd4560656f71cb2b9d053c778b7c6fe79650d0d816dbf,45.0,PixPirate,banker,,com.wire.dear,2023-01-02 23:51:40+00:00,True,True,True
2177,e0ceba75abb6e946d2932b10b7f5ab6de9b74ef4ddd04bdf259c43dad8167522,45.0,PixPirate,banker,,com.orchestra.watchdog,2023-02-17 21:12:45+00:00,eligible_current_governed,e0ceba75abb6e946d2932b10b7f5ab6de9b74ef4ddd04bdf259c43dad8167522,45.0,PixPirate,banker,,com.orchestra.watchdog,2023-02-17 21:12:45+00:00,True,True,True
2178,e0d29bb10bc3bdd4f18d5554ec0507908d9d0856b2661f7edf584a5cd4361cea,16.0,Crocodilus,banker,,illusion.undergo.bazooka,2025-04-02 18:58:55+00:00,eligible_current_governed,e0d29bb10bc3bdd4f18d5554ec0507908d9d0856b2661f7edf584a5cd4361cea,16.0,Crocodilus,banker,,illusion.undergo.bazooka,2025-04-02 18:58:55+00:00,True,True,True
2181,e0fe23d3f2b2d4141e55eae1d53bc14b9932e782d198808f65418f99e65c86ca,51.0,Applite,banker,,com.yewohawe.cpu,2024-12-17 08:17:25+00:00,eligible_current_governed,e0fe23d3f2b2d4141e55eae1d53bc14b9932e782d198808f65418f99e65c86ca,51.0,Applite,banker,,com.yewohawe.cpu,2024-12-17 08:17:25+00:00,True,True,True
2186,e18250c859bb1eb7c8a17c0697342dd7ff117aecf3bea76911bf846aa8de0f2c,44.0,Irata,banker,,Caco333.siqe.holo,2021-08-13 11:46:16+00:00,eligible_current_governed,e18250c859bb1eb7c8a17c0697342dd7ff117aecf3bea76911bf846aa8de0f2c,44.0,Irata,banker,,Caco333.siqe.holo,2021-08-13 11:46:16+00:00,True,True,True
2189,e23a977d9867ac80fc789983b090b7329d005dfe47ed261effc8f22533d15e8e,45.0,PixPirate,banker,,com.passage.waiter,2023-02-11 03:42:44+00:00,eligible_current_governed,e23a977d9867ac80fc789983b090b7329d005dfe47ed261effc8f22533d15e8e,45.0,PixPirate,banker,,com.passage.waiter,2023-02-11 03:42:44+00:00,True,True,True
2191,e2936f6ffc1d7bc490d0148a1d6a4e632eb5c2607e7e8d8c06262a01fc00fbf5,55.0,DoNot,spyware,,seven.zero.four,2024-08-22 07:15:28+00:00,eligible_current_governed,e2936f6ffc1d7bc490d0148a1d6a4e632eb5c2607e7e8d8c06262a01fc00fbf5,55.0,DoNot,spyware,,seven.zero.four,2024-08-22 07:15:28+00:00,True,True,True
2192,e2d9519337c6ede76c69e8a6e80479192bab7628c417fa0d227ff30cb362102e,14.0,TgToxic,banker,,com.ywfjht.dwkizjnu,2022-11-17 06:39:19+00:00,eligible_current_governed,e2d9519337c6ede76c69e8a6e80479192bab7628c417fa0d227ff30cb362102e,14.0,TgToxic,banker,,com.ywfjht.dwkizjnu,2022-11-17 06:39:19+00:00,True,True,True
2194,e2de8d7fdb10e65dc45648f526c3b57f5f4074b52f3b5ffb8610aeb56604394a,16.0,Crocodilus,banker,,amplifier.droop,2025-03-31 07:55:44+00:00,eligible_current_governed,e2de8d7fdb10e65dc45648f526c3b57f5f4074b52f3b5ffb8610aeb56604394a,16.0,Crocodilus,banker,,amplifier.droop,2025-03-31 07:55:44+00:00,True,True,True
2197,e303fdfc7fd02572e387b8b992be2fed57194c7af5c977dfb53167a1b6e2f01b,57.0,SpyLoan,spyware,,com.vay.cashloan.cash,2024-12-03 00:00:00+00:00,eligible_current_governed,e303fdfc7fd02572e387b8b992be2fed57194c7af5c977dfb53167a1b6e2f01b,57.0,SpyLoan,spyware,,com.vay.cashloan.cash,2024-12-03 00:00:00+00:00,True,True,True
2200,e3e1b2be6e01c888cb7699a69cdf2db7cbf7088d994126731c17bf6ea230915a,51.0,Applite,banker,,com.pulofawi.domain,2024-12-05 07:11:17+00:00,eligible_current_governed,e3e1b2be6e01c888cb7699a69cdf2db7cbf7088d994126731c17bf6ea230915a,51.0,Applite,banker,,com.pulofawi.domain,2024-12-05 07:11:17+00:00,True,True,True
2201,e3fc59d0c60dfdcc64778b39d70635db1824254206dcc78a38c77b66a6c99b33,44.0,Irata,banker,,com.ops.tm,2022-07-05 22:51:57+00:00,eligible_current_governed,e3fc59d0c60dfdcc64778b39d70635db1824254206dcc78a38c77b66a6c99b33,44.0,Irata,banker,,com.ops.tm,2022-07-05 22:51:57+00:00,True,True,True
2202,e409176d56f5f86ec6af2f0c9eb2856387145accd108aa77f49813a64f78510b,45.0,PixPirate,banker,,com.pay.completely,2023-05-23 10:46:32+00:00,eligible_current_governed,e409176d56f5f86ec6af2f0c9eb2856387145accd108aa77f49813a64f78510b,45.0,PixPirate,banker,,com.pay.completely,2023-05-23 10:46:32+00:00,True,True,True
2203,e487d5ca3c6e3c2292916b03ba8da07ac29158b51003dfd077eab373e715e2d0,45.0,PixPirate,banker,,com.lie.bare,2023-01-23 11:31:34+00:00,eligible_current_governed,e487d5ca3c6e3c2292916b03ba8da07ac29158b51003dfd077eab373e715e2d0,45.0,PixPirate,banker,,com.lie.bare,2023-01-23 11:31:34+00:00,True,True,True
2204,e4c7019b81caec5daab3e5de34287733e0012c23289d2a3af37785f4b8d7f0b3,45.0,PixPirate,banker,,com.kite.sweat,2023-02-11 03:34:25+00:00,eligible_current_governed,e4c7019b81caec5daab3e5de34287733e0012c23289d2a3af37785f4b8d7f0b3,45.0,PixPirate,banker,,com.kite.sweat,2023-02-11 03:34:25+00:00,True,True,True
2205,e523c889a6332c06b105b2f6b70378a857f0a9556cc55ebed0ca35e35ba88eec,45.0,PixPirate,banker,,com.sustain.clearly,2022-12-23 19:41:22+00:00,eligible_current_governed,e523c889a6332c06b105b2f6b70378a857f0a9556cc55ebed0ca35e35ba88eec,45.0,PixPirate,banker,,com.sustain.clearly,2022-12-23 19:41:22+00:00,True,True,True
2207,e54f875b34e89de8b1a4897d50b503721a1f3759d81f4e7860e3c01ea3f95dd0,44.0,Irata,banker,,ir.shz.shzkisi,2022-08-09 12:56:37+00:00,eligible_current_governed,e54f875b34e89de8b1a4897d50b503721a1f3759d81f4e7860e3c01ea3f95dd0,44.0,Irata,banker,,ir.shz.shzkisi,2022-08-09 12:56:37+00:00,True,True,True
2209,e57565bd3f398508321470f857dfb07c195ed9b7b494ba00dc7c407ac8b8f3e1,53.0,Copybara,banker,,com.iptvpro,2023-11-29 06:02:10+00:00,eligible_current_governed,e57565bd3f398508321470f857dfb07c195ed9b7b494ba00dc7c407ac8b8f3e1,53.0,Copybara,banker,,com.iptvpro,2023-11-29 06:02:10+00:00,False,True,True
2211,e590460bb837a40d33db31be2b3ba74e9e3b3d7c405543a7b40ddbe33c6210e4,45.0,PixPirate,banker,,com.pulse.father,2023-02-11 03:42:43+00:00,eligible_current_governed,e590460bb837a40d33db31be2b3ba74e9e3b3d7c405543a7b40ddbe33c6210e4,45.0,PixPirate,banker,,com.pulse.father,2023-02-11 03:42:43+00:00,True,True,True
2212,e59fd9d96b3a446a2755e1dfc5a82ef07a3965866a7a1cb2cc1a2ffb288d110c,57.0,SpyLoan,spyware,,com.restrict.bright.cowboy,2024-12-03 00:00:00+00:00,eligible_current_governed,e59fd9d96b3a446a2755e1dfc5a82ef07a3965866a7a1cb2cc1a2ffb288d110c,57.0,SpyLoan,spyware,,com.restrict.bright.cowboy,2024-12-03 00:00:00+00:00,True,True,True
2216,e5f1b4cc77b51c44564262de7e97cae36d84fe872db09b2ac9dfead71f2b4b98,14.0,TgToxic,banker,,com.lelive.hybirdsa,2022-10-26 06:57:57+00:00,eligible_current_governed,e5f1b4cc77b51c44564262de7e97cae36d84fe872db09b2ac9dfead71f2b4b98,14.0,TgToxic,banker,,com.lelive.hybirdsa,2022-10-26 06:57:57+00:00,True,True,True
2217,e6051e4f75a729cfb3c9f757775ae665d1af4f990f0bb7173de9ccbea2fc95dd,45.0,PixPirate,banker,,com.feeble.basis,2023-02-20 11:43:37+00:00,eligible_current_governed,e6051e4f75a729cfb3c9f757775ae665d1af4f990f0bb7173de9ccbea2fc95dd,45.0,PixPirate,banker,,com.feeble.basis,2023-02-20 11:43:37+00:00,True,True,True
2219,e6416fddf9d1d7e8d7255e40c5643ea1106d24b71d2c7b92903dc584880a429e,51.0,Applite,banker,,com.zinujeme.link,2024-12-03 16:58:04+00:00,eligible_current_governed,e6416fddf9d1d7e8d7255e40c5643ea1106d24b71d2c7b92903dc584880a429e,51.0,Applite,banker,,com.zinujeme.link,2024-12-03 16:58:04+00:00,True,True,True
2220,e67949141def6fcefea08f00ff5ea062039ca96ccf3bf7b402e7fc1cabe3723b,51.0,Applite,banker,,com.juline.scan,2024-12-17 08:26:07+00:00,eligible_current_governed,e67949141def6fcefea08f00ff5ea062039ca96ccf3bf7b402e7fc1cabe3723b,51.0,Applite,banker,,com.juline.scan,2024-12-17 08:26:07+00:00,True,True,True
2223,e70071ccf0f45073158a2cea7beb5bd76d669f265c2112162c34b11f1e4e75c8,19.0,TrickMo,banker,,com.slogan.group,2024-03-07 00:00:00+00:00,eligible_current_governed,e70071ccf0f45073158a2cea7beb5bd76d669f265c2112162c34b11f1e4e75c8,19.0,TrickMo,banker,,com.slogan.group,2024-03-07 00:00:00+00:00,True,True,True
2225,e775c1bcc9f661845338d9e4c2249bd626a0fafb12bc9a88b0a4a4a90765c89d,14.0,TgToxic,banker,,com.eporner.epang,2022-10-25 15:36:52+00:00,eligible_current_governed,e775c1bcc9f661845338d9e4c2249bd626a0fafb12bc9a88b0a4a4a90765c89d,14.0,TgToxic,banker,,com.eporner.epang,2022-10-25 15:36:52+00:00,True,True,True
2226,e78bb0e4ff1131855c0c1bb5e94c961e4b9b10a15e6f4598c9d5322813456269,15.0,GoldDigger,banker,,com.trinsmalw.bdyeurqed,2023-08-30 00:00:00+00:00,eligible_current_governed,e78bb0e4ff1131855c0c1bb5e94c961e4b9b10a15e6f4598c9d5322813456269,15.0,GoldDigger,banker,,com.trinsmalw.bdyeurqed,2023-08-30 00:00:00+00:00,True,True,True
2227,e7c7dd13997a470d8eee79b6f12949d19e5cae9b5dbf0a57694eeaa818e3f8dd,46.0,Joker,banker,,com.sdkfj.uhbnji.dsfeff,2020-04-16 00:00:00+00:00,eligible_current_governed,e7c7dd13997a470d8eee79b6f12949d19e5cae9b5dbf0a57694eeaa818e3f8dd,46.0,Joker,banker,,com.sdkfj.uhbnji.dsfeff,2020-04-16 00:00:00+00:00,True,True,True
2228,e7dca3774e8acb7fff77b734eaa8bfd827991c5d98547b00f7e06bcf3d92025a,44.0,Irata,banker,,www.iiooii.ww,2022-08-24 20:31:12+00:00,eligible_current_governed,e7dca3774e8acb7fff77b734eaa8bfd827991c5d98547b00f7e06bcf3d92025a,44.0,Irata,banker,,www.iiooii.ww,2022-08-24 20:31:12+00:00,True,True,True
2231,e81f26ac05a84b7178d029038851a07ac5f8e2c9867471ff96ff5d5526a24bb2,19.0,TrickMo,banker,,ringcrat.lcos809.comp,2024-03-07 00:00:00+00:00,eligible_current_governed,e81f26ac05a84b7178d029038851a07ac5f8e2c9867471ff96ff5d5526a24bb2,19.0,TrickMo,banker,,ringcrat.lcos809.comp,2024-03-07 00:00:00+00:00,True,True,True
2232,e82b0023abcc4bdb549f319389620c4cbd8ffabe8648168db31db62fd84a6904,53.0,Copybara,banker,,com.caixasignnueva.apkapp,2024-01-24 10:53:58+00:00,eligible_current_governed,e82b0023abcc4bdb549f319389620c4cbd8ffabe8648168db31db62fd84a6904,53.0,Copybara,banker,,com.caixasignnueva.apkapp,2024-01-24 10:53:58+00:00,False,True,True
2234,e84005a2c1686ec21fc90de1ee81998670e4b67ff7f4b429421fe59249cfe5b6,44.0,Irata,banker,,com.arman.g09t0909.com,2022-05-26 00:00:00+00:00,eligible_current_governed,e84005a2c1686ec21fc90de1ee81998670e4b67ff7f4b429421fe59249cfe5b6,44.0,Irata,banker,,com.arman.g09t0909.com,2022-05-26 00:00:00+00:00,True,True,True
2236,e8cdbe4cca685cb1a1b08350c9662ac048a9d46b9f61b6012bbd76f46b19606d,51.0,Applite,banker,,com.becapeta.dashboard,2024-12-13 08:55:19+00:00,eligible_current_governed,e8cdbe4cca685cb1a1b08350c9662ac048a9d46b9f61b6012bbd76f46b19606d,51.0,Applite,banker,,com.becapeta.dashboard,2024-12-13 08:55:19+00:00,True,True,True
2239,e95183ed9d70f3e6f6a115f88570ea0cf8697fcf8dce2c9128fd5dc83ba0ab3b,16.0,Crocodilus,banker,,schilling.cannon.shining,2024-11-28 19:08:35+00:00,eligible_current_governed,e95183ed9d70f3e6f6a115f88570ea0cf8697fcf8dce2c9128fd5dc83ba0ab3b,16.0,Crocodilus,banker,,schilling.cannon.shining,2024-11-28 19:08:35+00:00,True,True,True
2241,e9587d633e6de0cf9c0396a91d15f05b9c061604cbefefaf595b43185619b85f,51.0,Applite,banker,,com.zejala.font,2024-12-17 08:24:50+00:00,eligible_current_governed,e9587d633e6de0cf9c0396a91d15f05b9c061604cbefefaf595b43185619b85f,51.0,Applite,banker,,com.zejala.font,2024-12-17 08:24:50+00:00,True,True,True
2243,e9a9574abb7f1b880a4b7088dc3952c3d92775c7203b931e3e320586b4971720,45.0,PixPirate,banker,,com.beyond.note,2023-05-25 08:25:17+00:00,eligible_current_governed,e9a9574abb7f1b880a4b7088dc3952c3d92775c7203b931e3e320586b4971720,45.0,PixPirate,banker,,com.beyond.note,2023-05-25 08:25:17+00:00,True,True,True
2245,ea16ce0336ee1e48a67b7c01ecc1194661409c364467ac61f217fda9dd44e569,45.0,PixPirate,banker,,com.stool.beach,2023-01-01 17:53:49+00:00,eligible_current_governed,ea16ce0336ee1e48a67b7c01ecc1194661409c364467ac61f217fda9dd44e569,45.0,PixPirate,banker,,com.stool.beach,2023-01-01 17:53:49+00:00,True,True,True
2246,ea176fc650de0d549e26881b8fc3249df5298d13a117e561d4744d4353a31220,45.0,PixPirate,banker,,com.president.tuck,2022-12-24 06:50:30+00:00,eligible_current_governed,ea176fc650de0d549e26881b8fc3249df5298d13a117e561d4744d4353a31220,45.0,PixPirate,banker,,com.president.tuck,2022-12-24 06:50:30+00:00,True,True,True
2247,ea4960b84756fd82fe43cb2cffdbe464df6dd4d48aa10d1cefe38aa8ac6eb44d,40.0,Xenomorph,banker,,com.degree.enough,2022-09-24 18:24:01+00:00,below_min_samples_per_family,,,,,,,,True,False,True
2248,ea5c7c4e8ccac320e8f7d7efb3bf7373c9f8581c6be55156a836b25c00e6a269,45.0,PixPirate,banker,,com.reflection.session,2023-05-23 10:48:11+00:00,eligible_current_governed,ea5c7c4e8ccac320e8f7d7efb3bf7373c9f8581c6be55156a836b25c00e6a269,45.0,PixPirate,banker,,com.reflection.session,2023-05-23 10:48:11+00:00,True,True,True
2249,ea6d999bfca33175a4751390856dbfb8552ab769f22fd093ade77500624025e1,45.0,PixPirate,banker,,com.deck.price,2023-02-11 19:21:04+00:00,eligible_current_governed,ea6d999bfca33175a4751390856dbfb8552ab769f22fd093ade77500624025e1,45.0,PixPirate,banker,,com.deck.price,2023-02-11 19:21:04+00:00,True,True,True
2250,ea6ffa66fe67a5464bce962aeb910d75b4ee13b37f8a93ac2cdddefe1c7edeea,45.0,PixPirate,banker,,com.crew.increasingly,2023-05-23 10:36:54+00:00,eligible_current_governed,ea6ffa66fe67a5464bce962aeb910d75b4ee13b37f8a93ac2cdddefe1c7edeea,45.0,PixPirate,banker,,com.crew.increasingly,2023-05-23 10:36:54+00:00,True,True,True
2252,eac2609a944a3b37c068de5b8f9a83fcb6bfce3e60cc338e618e217634187112,51.0,Applite,banker,,com.defasunatu.fill,2024-12-12 08:44:08+00:00,eligible_current_governed,eac2609a944a3b37c068de5b8f9a83fcb6bfce3e60cc338e618e217634187112,51.0,Applite,banker,,com.defasunatu.fill,2024-12-12 08:44:08+00:00,True,True,True
2253,eacac489a1fad1b2cabdcfa2aa7e3ab9893fc4edab15d71dd5e883d180b6e838,14.0,TgToxic,banker,,com.lelive.hybirdsa,2022-10-25 06:12:03+00:00,eligible_current_governed,eacac489a1fad1b2cabdcfa2aa7e3ab9893fc4edab15d71dd5e883d180b6e838,14.0,TgToxic,banker,,com.lelive.hybirdsa,2022-10-25 06:12:03+00:00,True,True,True
2255,eb2e0ce12822b17392bb163ed594768c15a4e06eee50447bfc4e8e6cf3a350fd,44.0,Irata,banker,,ir.PluTus.pluto,2022-05-26 00:00:00+00:00,eligible_current_governed,eb2e0ce12822b17392bb163ed594768c15a4e06eee50447bfc4e8e6cf3a350fd,44.0,Irata,banker,,ir.PluTus.pluto,2022-05-26 00:00:00+00:00,True,True,True
2257,eb6a15a1378f0e7018d7d62186a4bb962d1e85850675ae24a14a2da4d9b52f47,51.0,Applite,banker,,com.rudejelero.framework,2024-11-01 18:11:02+00:00,eligible_current_governed,eb6a15a1378f0e7018d7d62186a4bb962d1e85850675ae24a14a2da4d9b52f47,51.0,Applite,banker,,com.rudejelero.framework,2024-11-01 18:11:02+00:00,True,True,True
2259,ebcdce55f409e5c4ed10144749f5b82bf0d94e4ee715595aa4a267f05b05c301,3.0,Cerberus,banker,,,2020-03-16 10:46:03+00:00,eligible_current_governed,ebcdce55f409e5c4ed10144749f5b82bf0d94e4ee715595aa4a267f05b05c301,3.0,Cerberus,banker,,,2020-03-16 10:46:03+00:00,False,True,True
2261,ebf99d6499753df9fbcc24f6ef48aef692d38cd7165b7418fef46eced7580683,19.0,TrickMo,banker,,plasxy.trag867.zie,2024-03-31 00:00:00+00:00,eligible_current_governed,ebf99d6499753df9fbcc24f6ef48aef692d38cd7165b7418fef46eced7580683,19.0,TrickMo,banker,,plasxy.trag867.zie,2024-03-31 00:00:00+00:00,True,True,True
2268,ecb9af8f1bbcea19e3930037042eefb1bceea0b439cd517e32ade121a80915f5,55.0,DoNot,spyware,,as.standard.apps,2024-02-03 14:20:03+00:00,eligible_current_governed,ecb9af8f1bbcea19e3930037042eefb1bceea0b439cd517e32ade121a80915f5,55.0,DoNot,spyware,,as.standard.apps,2024-02-03 14:20:03+00:00,True,True,True
2269,ecc2807e8038a7bf3e899041ed0dcd4e3d970175a0418165db105368f40ecd1a,48.0,Coper,banker,,,2021-07-23 13:15:41+00:00,below_min_samples_per_family,,,,,,,,True,False,True
2270,ece7109422bca029748f26f9c894bf0627b49a7f0a92ff640cd9e6b0b103ccc5,51.0,Applite,banker,,com.redizejiya.script,2024-12-17 08:25:41+00:00,eligible_current_governed,ece7109422bca029748f26f9c894bf0627b49a7f0a92ff640cd9e6b0b103ccc5,51.0,Applite,banker,,com.redizejiya.script,2024-12-17 08:25:41+00:00,True,True,True
2271,ecf9c14c2132346cc390c84f9d2d5650f56959a549bec37557a6424e516c61e3,8.0,EventBot,banker,,com.ea81a98ec2.e07d414f8bedfa5cb7.bb7597834aaa,2020-04-22 11:30:15+00:00,below_min_samples_per_family,,,,,,,,True,False,True
2272,ecfdf451fd527463751099331c4a39778583ab891f9d686afc5bc0ffaf17bcaf,45.0,PixPirate,banker,,com.project.anyhow,2023-01-27 19:45:16+00:00,eligible_current_governed,ecfdf451fd527463751099331c4a39778583ab891f9d686afc5bc0ffaf17bcaf,45.0,PixPirate,banker,,com.project.anyhow,2023-01-27 19:45:16+00:00,True,True,True
2273,ed255c8282a071b6ff218f977f9b868205034420d169466ecb404704c427048f,51.0,Applite,banker,,com.boziju.auto,2024-12-09 08:58:01+00:00,eligible_current_governed,ed255c8282a071b6ff218f977f9b868205034420d169466ecb404704c427048f,51.0,Applite,banker,,com.boziju.auto,2024-12-09 08:58:01+00:00,True,True,True
2277,ed8fc59851a5dd837bad6a0eecc4067adc7215f755c56cb7b7642942c520e542,45.0,PixPirate,banker,,com.purify.passive,2023-01-21 18:33:31+00:00,eligible_current_governed,ed8fc59851a5dd837bad6a0eecc4067adc7215f755c56cb7b7642942c520e542,45.0,PixPirate,banker,,com.purify.passive,2023-01-21 18:33:31+00:00,True,True,True
2279,eda875144e24b7fb4bab10b128b2136a2646420fad67b8eb8e2a9a689f24f46e,44.0,Irata,banker,,ir.seler.sie,2022-05-10 00:00:00+00:00,eligible_current_governed,eda875144e24b7fb4bab10b128b2136a2646420fad67b8eb8e2a9a689f24f46e,44.0,Irata,banker,,ir.seler.sie,2022-05-10 00:00:00+00:00,True,True,True
2280,edabbcd43bb830e8d05c6f5a61efecac8a2536aeef5705b29739bc79aeee8b44,44.0,Irata,banker,,realrat.siqe.holo,2022-07-15 21:10:43+00:00,eligible_current_governed,edabbcd43bb830e8d05c6f5a61efecac8a2536aeef5705b29739bc79aeee8b44,44.0,Irata,banker,,realrat.siqe.holo,2022-07-15 21:10:43+00:00,True,True,True
2281,edb17333d50418e9bb68686b04113f68eddefa39a17bbbf11de7b439afde953f,45.0,PixPirate,banker,,com.tencent.mm,2023-07-16 22:17:54+00:00,eligible_current_governed,edb17333d50418e9bb68686b04113f68eddefa39a17bbbf11de7b439afde953f,45.0,PixPirate,banker,,com.tencent.mm,2023-07-16 22:17:54+00:00,True,True,True
2282,edbef1be12821b7bcf37476dbd06e03171926c4c85791540d1e0385cfde53e4b,48.0,Coper,banker,,riazei.do565.talk,2024-05-01 00:00:00+00:00,below_min_samples_per_family,,,,,,,,True,False,True
2283,edef007f1ca60fdf75a7d5c5ffe09f1fc3fb560153633ec18c5ddb46cc75ea21,13.0,Vultur,banker,,com.wsandroid.suite,2024-03-30 00:00:00+00:00,eligible_current_governed,edef007f1ca60fdf75a7d5c5ffe09f1fc3fb560153633ec18c5ddb46cc75ea21,13.0,Vultur,banker,,com.wsandroid.suite,2024-03-30 00:00:00+00:00,True,True,True
2285,ee4a6ed535b63a1e014b6251b456d3ff8b74f7aaff1ce3e6e0436a7d8b7b66ee,51.0,Applite,banker,,com.secoho.kernel,2024-11-09 08:15:55+00:00,eligible_current_governed,ee4a6ed535b63a1e014b6251b456d3ff8b74f7aaff1ce3e6e0436a7d8b7b66ee,51.0,Applite,banker,,com.secoho.kernel,2024-11-09 08:15:55+00:00,True,True,True
2286,ee53eaf4d0c71e831165952e67cbacf0a0e2beed40142cef9bd36d8e01b821bd,44.0,Irata,banker,,edward.org,2022-07-19 09:00:03+00:00,eligible_current_governed,ee53eaf4d0c71e831165952e67cbacf0a0e2beed40142cef9bd36d8e01b821bd,44.0,Irata,banker,,edward.org,2022-07-19 09:00:03+00:00,True,True,True
2287,ee61e59f421dc6ec36dc89b236c349b80080d2389cd562f5e2329d9f9e488a99,51.0,Applite,banker,,com.hudenefato.graphic,2024-11-07 14:59:11+00:00,eligible_current_governed,ee61e59f421dc6ec36dc89b236c349b80080d2389cd562f5e2329d9f9e488a99,51.0,Applite,banker,,com.hudenefato.graphic,2024-11-07 14:59:11+00:00,True,True,True
2288,ee62ef16793c13ff2b3965a2c8407ffc9744c830f1f39799749b0fd281bf2f80,44.0,Irata,banker,,com.lydia.dev,2022-05-06 00:00:00+00:00,eligible_current_governed,ee62ef16793c13ff2b3965a2c8407ffc9744c830f1f39799749b0fd281bf2f80,44.0,Irata,banker,,com.lydia.dev,2022-05-06 00:00:00+00:00,True,True,True
2291,ef0785dcdfe4fff99dc79bd89f1d1c2b207e67cb8fe6940127dd655ec202a770,7.0,Chameleon,banker,,com.feed.ridge,2023-01-03 05:54:09+00:00,below_min_samples_per_family,,,,,,,,True,False,True
2294,ef614d4739c1f94f8df5e662b843c01622e2e75d79f6df158afde0c32a5a4825,44.0,Irata,banker,,ir.shz.shzkisi,2022-08-07 10:34:39+00:00,eligible_current_governed,ef614d4739c1f94f8df5e662b843c01622e2e75d79f6df158afde0c32a5a4825,44.0,Irata,banker,,ir.shz.shzkisi,2022-08-07 10:34:39+00:00,True,True,True
2295,ef81af7b00e5088ff606eb6ae98993b12cf87406181e1a31f1bce99732ec3895,51.0,Applite,banker,,com.numegani.key,2024-12-13 08:15:49+00:00,eligible_current_governed,ef81af7b00e5088ff606eb6ae98993b12cf87406181e1a31f1bce99732ec3895,51.0,Applite,banker,,com.numegani.key,2024-12-13 08:15:49+00:00,True,True,True
2297,ef91f497e841861f1b52847370e2b77780f1ee78b9dab88c6d78359e13fb19dc,57.0,SpyLoan,spyware,,com.huaynamoney.prestamos.creditos.peru.loan.credit,2024-12-03 00:00:00+00:00,eligible_current_governed,ef91f497e841861f1b52847370e2b77780f1ee78b9dab88c6d78359e13fb19dc,57.0,SpyLoan,spyware,,com.huaynamoney.prestamos.creditos.peru.loan.credit,2024-12-03 00:00:00+00:00,True,True,True
2300,f03890836a2879d72fe58b8671fbb9ff04aafcd9474e3bc314f9a7a63cc05f34,7.0,Chameleon,banker,,com.breeze.broom,2022-12-28 03:09:58+00:00,below_min_samples_per_family,,,,,,,,True,False,True
2301,f06b59cc0922d42e577a6f6bdcf9eaaf54acafb490b457be085db67a59699b44,45.0,PixPirate,banker,,com.proportional.exhibition,2023-01-27 15:34:18+00:00,eligible_current_governed,f06b59cc0922d42e577a6f6bdcf9eaaf54acafb490b457be085db67a59699b44,45.0,PixPirate,banker,,com.proportional.exhibition,2023-01-27 15:34:18+00:00,True,True,True
2302,f0815f8fd98af572898a8a141c7830abf1e9a983d0e5bccd78251013a90b658c,14.0,TgToxic,banker,,com.vtrvw.xkfus,2022-10-04 17:11:23+00:00,eligible_current_governed,f0815f8fd98af572898a8a141c7830abf1e9a983d0e5bccd78251013a90b658c,14.0,TgToxic,banker,,com.vtrvw.xkfus,2022-10-04 17:11:23+00:00,True,True,True
2303,f08cac773817e4f70e65151294094201582d95209259a867c286eb2adecd1a4a,15.0,GoldDigger,banker,,,2023-09-10 00:00:00+00:00,eligible_current_governed,f08cac773817e4f70e65151294094201582d95209259a867c286eb2adecd1a4a,15.0,GoldDigger,banker,,,2023-09-10 00:00:00+00:00,True,True,True
2304,f0a2cfd624fe220d2ed6ec019e7705543593ad0ee9804dd8871a03b0545b1d3b,44.0,Irata,banker,,com.mmdreza.app,2022-05-05 17:58:12+00:00,eligible_current_governed,f0a2cfd624fe220d2ed6ec019e7705543593ad0ee9804dd8871a03b0545b1d3b,44.0,Irata,banker,,com.mmdreza.app,2022-05-05 17:58:12+00:00,True,True,True
2306,f0fa95c3b022fb4fee1c2328ffbc2a9567269e5826b221d813349ebf980b34da,4.0,FluBot,banker,,com.tencent.mobileqq,2021-05-11 00:00:00+00:00,eligible_current_governed,f0fa95c3b022fb4fee1c2328ffbc2a9567269e5826b221d813349ebf980b34da,4.0,FluBot,banker,,com.tencent.mobileqq,2021-05-11 00:00:00+00:00,True,True,True
2308,f13ac0b04207652d9ef1094ce3504e791df223bbacf6e07dfb162d4e099d7105,44.0,Irata,banker,,Caco333.siqe.holo,2022-05-28 17:06:10+00:00,eligible_current_governed,f13ac0b04207652d9ef1094ce3504e791df223bbacf6e07dfb162d4e099d7105,44.0,Irata,banker,,Caco333.siqe.holo,2022-05-28 17:06:10+00:00,True,True,True
2309,f1401e63b56fc8f013b5222139f8e2d663dfc03475d6f9cb5dd1c0a65466e598,19.0,TrickMo,banker,,cropim.an669.ga,2024-03-19 00:00:00+00:00,eligible_current_governed,f1401e63b56fc8f013b5222139f8e2d663dfc03475d6f9cb5dd1c0a65466e598,19.0,TrickMo,banker,,cropim.an669.ga,2024-03-19 00:00:00+00:00,True,True,True
2312,f25bb536437bdc9f37389f4e2a7f88e90425b2a9191476765230a21494f7801f,51.0,Applite,banker,,com.pawewuyowu.home,2024-12-05 07:11:18+00:00,eligible_current_governed,f25bb536437bdc9f37389f4e2a7f88e90425b2a9191476765230a21494f7801f,51.0,Applite,banker,,com.pawewuyowu.home,2024-12-05 07:11:18+00:00,True,True,True
2313,f2be1e040bb6ff11db9945357fb960f42fcde1a8696e04d18166b657434d4d0c,45.0,PixPirate,banker,,com.shallow.hair,2023-01-23 11:39:00+00:00,eligible_current_governed,f2be1e040bb6ff11db9945357fb960f42fcde1a8696e04d18166b657434d4d0c,45.0,PixPirate,banker,,com.shallow.hair,2023-01-23 11:39:00+00:00,True,True,True
2314,f36c473aa881cc093f0cc6d1d42af70a8d3ed3344612b07379911bdba769302e,51.0,Applite,banker,,com.mideba.control,2024-12-05 07:11:23+00:00,eligible_current_governed,f36c473aa881cc093f0cc6d1d42af70a8d3ed3344612b07379911bdba769302e,51.0,Applite,banker,,com.mideba.control,2024-12-05 07:11:23+00:00,True,True,True
2315,f39e9bf759224d3025a0dfdbbc1ce2d24ed4db684f48b032725179aefa5a9e15,45.0,PixPirate,banker,,com.team.pin,2023-01-20 19:51:11+00:00,eligible_current_governed,f39e9bf759224d3025a0dfdbbc1ce2d24ed4db684f48b032725179aefa5a9e15,45.0,PixPirate,banker,,com.team.pin,2023-01-20 19:51:11+00:00,True,True,True
2316,f3a85e6f0384d8657b086f5793bb4daf1a9770a810187065e7023f615875439c,36.0,SpyNote,rat,,yps.eton.application,2020-01-15 03:30:34+00:00,eligible_current_governed,f3a85e6f0384d8657b086f5793bb4daf1a9770a810187065e7023f615875439c,36.0,SpyNote,rat,,yps.eton.application,2020-01-15 03:30:34+00:00,True,True,True
2319,f3d7ae0cca189e97a1f405fd6f046aaaf264f1f084519eab50a3abef9f45c804,44.0,Irata,banker,,com.rubika.web,2021-10-28 00:00:00+00:00,eligible_current_governed,f3d7ae0cca189e97a1f405fd6f046aaaf264f1f084519eab50a3abef9f45c804,44.0,Irata,banker,,com.rubika.web,2021-10-28 00:00:00+00:00,True,True,True
2320,f404334202eb9a284efafb98854c96d2e091d6175f137b9a11ae355fda7551b2,45.0,PixPirate,banker,,com.crush.flash,2022-12-14 17:36:56+00:00,eligible_current_governed,f404334202eb9a284efafb98854c96d2e091d6175f137b9a11ae355fda7551b2,45.0,PixPirate,banker,,com.crush.flash,2022-12-14 17:36:56+00:00,True,True,True
2323,f49224ea6182e72596672cf6e25d7b0e866cc8496006bd5897423d19f42df526,51.0,Applite,banker,,com.tilojezira.assembler,2024-11-15 00:05:39+00:00,eligible_current_governed,f49224ea6182e72596672cf6e25d7b0e866cc8496006bd5897423d19f42df526,51.0,Applite,banker,,com.tilojezira.assembler,2024-11-15 00:05:39+00:00,True,True,True
2324,f499ac58f49b80f01124f5645db359a5f8664a332c67472617796a3f5058c13f,51.0,Applite,banker,,com.xuwulu.dns,2024-12-01 20:30:20+00:00,eligible_current_governed,f499ac58f49b80f01124f5645db359a5f8664a332c67472617796a3f5058c13f,51.0,Applite,banker,,com.xuwulu.dns,2024-12-01 20:30:20+00:00,True,True,True
2325,f4d18662c927380a2d30eba367fafd3746fa137df499cb50d49e591a420aa95d,17.0,Ermac,banker,,com.sdblokpzz.epfbyuxgx,2022-06-09 00:00:00+00:00,below_min_samples_per_family,,,,,,,,True,False,True
2328,f5915fbb5dd28ee1eb99cf27b956503d9c639e978071a619a2ac01f08d513e66,51.0,Applite,banker,,com.fosaka.bite,2024-12-10 08:22:19+00:00,eligible_current_governed,f5915fbb5dd28ee1eb99cf27b956503d9c639e978071a619a2ac01f08d513e66,51.0,Applite,banker,,com.fosaka.bite,2024-12-10 08:22:19+00:00,True,True,True
2329,f5ce27a49eaf59292f11af07851383e7d721a4d60019f3aceb8ca914259056af,13.0,Vultur,banker,,com.wsandroid.suite,2024-04-01 00:00:00+00:00,eligible_current_governed,f5ce27a49eaf59292f11af07851383e7d721a4d60019f3aceb8ca914259056af,13.0,Vultur,banker,,com.wsandroid.suite,2024-04-01 00:00:00+00:00,True,True,True
2330,f5fdc1672088ee29affc4817986e722765c4f03af4dcde8fc603b25544bae62d,51.0,Applite,banker,,com.gatefada.digital,2024-10-27 10:08:53+00:00,eligible_current_governed,f5fdc1672088ee29affc4817986e722765c4f03af4dcde8fc603b25544bae62d,51.0,Applite,banker,,com.gatefada.digital,2024-10-27 10:08:53+00:00,True,True,True
2333,f6600a7b03507457dc0043bbb69aea043ff202a2d5627c92a9d3a7a52a8e1cee,51.0,Applite,banker,,com.xawifune.dynamic,2024-12-10 08:46:22+00:00,eligible_current_governed,f6600a7b03507457dc0043bbb69aea043ff202a2d5627c92a9d3a7a52a8e1cee,51.0,Applite,banker,,com.xawifune.dynamic,2024-12-10 08:46:22+00:00,True,True,True
2334,f670c1cb8304b48a5ed2fa37e7e2f78d382ab82ddbfb66733c04aeb1d576efbc,44.0,Irata,banker,,ir.shz.shzkisi,2022-08-14 11:39:53+00:00,eligible_current_governed,f670c1cb8304b48a5ed2fa37e7e2f78d382ab82ddbfb66733c04aeb1d576efbc,44.0,Irata,banker,,ir.shz.shzkisi,2022-08-14 11:39:53+00:00,True,True,True
2335,f6aaeed90d51f1d3c270c9b9ca9f0df89f6af484cf657b2edc1d2f4262820a2c,15.0,GoldDigger,banker,,com.ac.apck,2023-10-06 00:00:00+00:00,eligible_current_governed,f6aaeed90d51f1d3c270c9b9ca9f0df89f6af484cf657b2edc1d2f4262820a2c,15.0,GoldDigger,banker,,com.ac.apck,2023-10-06 00:00:00+00:00,True,True,True
2336,f6f8cecacae628bd7028643039600a9f7095498afe69ab5cf9722b71d9ae45c7,51.0,Applite,banker,,com.figayiva.git,2024-11-11 00:02:48+00:00,eligible_current_governed,f6f8cecacae628bd7028643039600a9f7095498afe69ab5cf9722b71d9ae45c7,51.0,Applite,banker,,com.figayiva.git,2024-11-11 00:02:48+00:00,True,True,True
2337,f71dc766744573efb37f04851229eb47fc89aa7ae9124c77b94f1aa1ccc53b6c,57.0,SpyLoan,spyware,,com.prestamoseguro.ss,2024-12-03 00:00:00+00:00,eligible_current_governed,f71dc766744573efb37f04851229eb47fc89aa7ae9124c77b94f1aa1ccc53b6c,57.0,SpyLoan,spyware,,com.prestamoseguro.ss,2024-12-03 00:00:00+00:00,True,True,True
2338,f72e76a35befcab34d8be4cc4c1db80b2cfb6e14f10c48814d11e93eb843870b,44.0,Irata,banker,,Caco333.siqe.holo,2022-07-27 13:59:25+00:00,eligible_current_governed,f72e76a35befcab34d8be4cc4c1db80b2cfb6e14f10c48814d11e93eb843870b,44.0,Irata,banker,,Caco333.siqe.holo,2022-07-27 13:59:25+00:00,True,True,True
2339,f73c908b077c0d82f51b19454e1da3235d91c6fd6fc20f30c790db2eb16e5da3,36.0,SpyNote,rat,,yps.eton.application,2020-01-15 03:30:15+00:00,eligible_current_governed,f73c908b077c0d82f51b19454e1da3235d91c6fd6fc20f30c790db2eb16e5da3,36.0,SpyNote,rat,,yps.eton.application,2020-01-15 03:30:15+00:00,True,True,True
2340,f7491817cdf287fd5bb21f3d66b91d1d63952070bc7f0ac5689c8921928601de,45.0,PixPirate,banker,,com.earthquake.other,2023-01-23 11:38:52+00:00,eligible_current_governed,f7491817cdf287fd5bb21f3d66b91d1d63952070bc7f0ac5689c8921928601de,45.0,PixPirate,banker,,com.earthquake.other,2023-01-23 11:38:52+00:00,True,True,True
2343,f7aa5bc3921a125207def7cedceaa5b6ca5308818ad29a645cac2b882f676bdf,44.0,Irata,banker,,Caco915.hlo,2022-08-14 22:12:18+00:00,eligible_current_governed,f7aa5bc3921a125207def7cedceaa5b6ca5308818ad29a645cac2b882f676bdf,44.0,Irata,banker,,Caco915.hlo,2022-08-14 22:12:18+00:00,True,True,True
2346,f7d1fc6428f9ae91114c5bf4870de3b859e6a72792b5f537c58fd320e2ce433a,54.0,FatBoyPanel,banker,,,2024-05-01 03:41:09+00:00,eligible_current_governed,f7d1fc6428f9ae91114c5bf4870de3b859e6a72792b5f537c58fd320e2ce433a,54.0,FatBoyPanel,banker,,,2024-05-01 03:41:09+00:00,False,True,True
2347,f7d986fa7b7f5a314aafb1bddff3aafed2c9dbf6c9e03380e2321c77a532d93d,46.0,Joker,banker,,com.keyborada.emoji.pokimon,2021-02-07 14:36:15+00:00,eligible_current_governed,f7d986fa7b7f5a314aafb1bddff3aafed2c9dbf6c9e03380e2321c77a532d93d,46.0,Joker,banker,,com.keyborada.emoji.pokimon,2021-02-07 14:36:15+00:00,True,True,True
2349,f815b1c1b51810bd331eb75d30fabbbad2237011c8cd242c5655bfca304c978a,36.0,SpyNote,rat,,com.appser.verapp,2023-02-06 19:59:10+00:00,eligible_current_governed,f815b1c1b51810bd331eb75d30fabbbad2237011c8cd242c5655bfca304c978a,36.0,SpyNote,rat,,com.appser.verapp,2023-02-06 19:59:10+00:00,False,True,True
2358,f91fd4f9b6594446144ba865356fde07669ea0b46a62ddd926bb8cac0aa04dc9,53.0,Copybara,banker,,com.bbvacodigo.appnueva,2024-02-09 15:49:53+00:00,eligible_current_governed,f91fd4f9b6594446144ba865356fde07669ea0b46a62ddd926bb8cac0aa04dc9,53.0,Copybara,banker,,com.bbvacodigo.appnueva,2024-02-09 15:49:53+00:00,False,True,True
2359,f93a74a66bfd8e3525709f038b2b747c719584725b15c2f641d92254408d4286,15.0,GoldDigger,banker,,com.tmcbt.eiiyxfoa,2023-09-11 00:00:00+00:00,eligible_current_governed,f93a74a66bfd8e3525709f038b2b747c719584725b15c2f641d92254408d4286,15.0,GoldDigger,banker,,com.tmcbt.eiiyxfoa,2023-09-11 00:00:00+00:00,True,True,True
2361,f97b8adeeea9098d7811227d06004d95040fbf7e445ac49ce99abb27bfad3b02,45.0,PixPirate,banker,,com.sudden.honeymoon,2023-02-11 21:30:45+00:00,eligible_current_governed,f97b8adeeea9098d7811227d06004d95040fbf7e445ac49ce99abb27bfad3b02,45.0,PixPirate,banker,,com.sudden.honeymoon,2023-02-11 21:30:45+00:00,True,True,True
2362,f9a1f5df3dfd3ce8ace6e84dad969626558d1871506c874c4707d9c26f3fca55,44.0,Irata,banker,,ir.pardakht,2022-05-26 15:06:58+00:00,eligible_current_governed,f9a1f5df3dfd3ce8ace6e84dad969626558d1871506c874c4707d9c26f3fca55,44.0,Irata,banker,,ir.pardakht,2022-05-26 15:06:58+00:00,True,True,True
2363,f9b7f2cd0c8f8c886357e9c453c9ef311e36acea76f328f9e9d1a6c838ab63b9,16.0,Crocodilus,banker,,octane.cartwheel.zoom,2024-11-25 11:56:54+00:00,eligible_current_governed,f9b7f2cd0c8f8c886357e9c453c9ef311e36acea76f328f9e9d1a6c838ab63b9,16.0,Crocodilus,banker,,octane.cartwheel.zoom,2024-11-25 11:56:54+00:00,True,True,True
2365,fa3d959e53d163d39c62c3f3bb2351411296fc2d6d85f5d75e04ef5255d9eded,7.0,Chameleon,banker,,com.sure.dial,2023-01-03 15:54:15+00:00,below_min_samples_per_family,,,,,,,,True,False,True
2367,fa6111216966a98561a2af9e4ac97db036bcd551635be5b230995faad40b7607,13.0,Vultur,banker,,jk.powder.tendence,2024-03-30 00:00:00+00:00,eligible_current_governed,fa6111216966a98561a2af9e4ac97db036bcd551635be5b230995faad40b7607,13.0,Vultur,banker,,jk.powder.tendence,2024-03-30 00:00:00+00:00,True,True,True
2368,fa7947933a3561b7174f1d94472dcf8633a03749c14342ce65dafe94db361140,5.0,SharkBot,banker,,com.ltdevelopergroups.litecleaner.m,2022-11-23 08:15:46+00:00,below_min_samples_per_family,,,,,,,,True,False,True
2374,fb1e68ee3509993d0fe767b0372752d2fec8f5b0bf03d5c10a30b042a830ae1a,13.0,Vultur,banker,,,2024-04-01 00:00:00+00:00,eligible_current_governed,fb1e68ee3509993d0fe767b0372752d2fec8f5b0bf03d5c10a30b042a830ae1a,13.0,Vultur,banker,,,2024-04-01 00:00:00+00:00,True,True,True
2375,fb332870b61da31500c3834cd4b1ac33bacc5e9f85f753febf2b5718ce05fbe7,16.0,Crocodilus,banker,,garbage.antiquity.kebab,2024-11-29 20:07:36+00:00,eligible_current_governed,fb332870b61da31500c3834cd4b1ac33bacc5e9f85f753febf2b5718ce05fbe7,16.0,Crocodilus,banker,,garbage.antiquity.kebab,2024-11-29 20:07:36+00:00,True,True,True
2376,fb546ad32603bb22cb31a4f8c3bfeae2562ead79d1445022ec4db096038802a7,44.0,Irata,banker,,ir.PluTus.pluto,2022-07-21 17:19:04+00:00,eligible_current_governed,fb546ad32603bb22cb31a4f8c3bfeae2562ead79d1445022ec4db096038802a7,44.0,Irata,banker,,ir.PluTus.pluto,2022-07-21 17:19:04+00:00,True,True,True
2378,fbaf785edfafa583ea61884d88f507a27154892a394e27d81102f79fe7eb5b8f,2.0,BlackRock,banker,,ezmjhdiumgiyhfjdp.bjucshsqxhkigwyqqma.gqncehdcknrtcekingi,2020-06-26 11:40:30+00:00,below_min_samples_per_family,,,,,,,,True,False,True
2379,fbb2ec92e725740c6dd5d8fcedf9085a474e26d1c94765be256414aab6cfb0e3,15.0,GoldDigger,banker,,cod.azdiek.pkcik,2023-08-30 00:00:00+00:00,eligible_current_governed,fbb2ec92e725740c6dd5d8fcedf9085a474e26d1c94765be256414aab6cfb0e3,15.0,GoldDigger,banker,,cod.azdiek.pkcik,2023-08-30 00:00:00+00:00,True,True,True
2382,fc12d94573bb1a9f02ce8beec6d54c9e9da13407785a22f06c13aad510608239,19.0,TrickMo,banker,,com.bitter.mixed,2024-10-14 00:00:00+00:00,eligible_current_governed,fc12d94573bb1a9f02ce8beec6d54c9e9da13407785a22f06c13aad510608239,19.0,TrickMo,banker,,com.bitter.mixed,2024-10-14 00:00:00+00:00,True,True,True
2384,fc463b31eb5ec84282241c68bc97b9d3a95e214ab77a869b3c1f0c63a1fbd79f,44.0,Irata,banker,,ir.shz.shzkisi,2022-08-22 09:49:10+00:00,eligible_current_governed,fc463b31eb5ec84282241c68bc97b9d3a95e214ab77a869b3c1f0c63a1fbd79f,44.0,Irata,banker,,ir.shz.shzkisi,2022-08-22 09:49:10+00:00,True,True,True
2386,fc8c69bddd40a24d6d28fbf0c0d43a1a57067b19e6c3cc07e2664ef4879c221b,13.0,Vultur,banker,,se.accessibility.app,2024-03-30 00:00:00+00:00,eligible_current_governed,fc8c69bddd40a24d6d28fbf0c0d43a1a57067b19e6c3cc07e2664ef4879c221b,13.0,Vultur,banker,,se.accessibility.app,2024-03-30 00:00:00+00:00,True,True,True
2390,fd07c711ae0ddcb4c9d158756bd0fe373321d25748b4b8f9ca7d2a781110c426,45.0,PixPirate,banker,,com.quick.winner,2023-05-23 10:40:14+00:00,eligible_current_governed,fd07c711ae0ddcb4c9d158756bd0fe373321d25748b4b8f9ca7d2a781110c426,45.0,PixPirate,banker,,com.quick.winner,2023-05-23 10:40:14+00:00,True,True,True
2392,fd3b36455e58ba3531e8cce0326cce782723cc5d1cc0998b775e07e6c2622160,13.0,Vultur,banker,,com.wsandroid.suite,2024-04-01 00:00:00+00:00,eligible_current_governed,fd3b36455e58ba3531e8cce0326cce782723cc5d1cc0998b775e07e6c2622160,13.0,Vultur,banker,,com.wsandroid.suite,2024-04-01 00:00:00+00:00,True,True,True
2395,fd404a6be9a06966232fa42a4ae60c7005f5ce2d4d0f6ec79c1ec740d9666d13,54.0,FatBoyPanel,banker,,com.example.myapplicationnpnpnp,2024-07-17 19:15:22+00:00,eligible_current_governed,fd404a6be9a06966232fa42a4ae60c7005f5ce2d4d0f6ec79c1ec740d9666d13,54.0,FatBoyPanel,banker,,com.example.myapplicationnpnpnp,2024-07-17 19:15:22+00:00,False,True,True
2397,fd97390306c40077bbc80dbf4e7ee02a0a460991645c5e621f833c6633be0b8d,54.0,FatBoyPanel,banker,,com.rahul.bhai,2024-05-18 08:28:11+00:00,eligible_current_governed,fd97390306c40077bbc80dbf4e7ee02a0a460991645c5e621f833c6633be0b8d,54.0,FatBoyPanel,banker,,com.rahul.bhai,2024-05-18 08:28:11+00:00,False,True,True
2398,fdb536ff1c829b32b5c73f04892dfee2676d5da4c686eb845dd604d13d6187e5,51.0,Applite,banker,,com.jajuhi.auto,2024-12-11 23:43:36+00:00,eligible_current_governed,fdb536ff1c829b32b5c73f04892dfee2676d5da4c686eb845dd604d13d6187e5,51.0,Applite,banker,,com.jajuhi.auto,2024-12-11 23:43:36+00:00,True,True,True
2400,fdd19235e6886e2b4386a91852bb8bd464bbb08097d4bf4927c0a65a84276014,44.0,Irata,banker,,ir.pardakht.xd,2022-06-20 11:23:44+00:00,eligible_current_governed,fdd19235e6886e2b4386a91852bb8bd464bbb08097d4bf4927c0a65a84276014,44.0,Irata,banker,,ir.pardakht.xd,2022-06-20 11:23:44+00:00,True,True,True
2402,fe1a6cfa58b501b49ba1c3c9b857685e7919d9e124ae1f2f4f23625fee651a62,44.0,Irata,banker,,ir.shz.shzkisi,2022-08-08 20:48:05+00:00,eligible_current_governed,fe1a6cfa58b501b49ba1c3c9b857685e7919d9e124ae1f2f4f23625fee651a62,44.0,Irata,banker,,ir.shz.shzkisi,2022-08-08 20:48:05+00:00,True,True,True
2405,fe8361e992d3c440910c1d96f5e982040318c027b4a14bbef5894893a7ea11b5,44.0,Irata,banker,,com.zeroone.divaraop,2022-07-15 11:47:40+00:00,eligible_current_governed,fe8361e992d3c440910c1d96f5e982040318c027b4a14bbef5894893a7ea11b5,44.0,Irata,banker,,com.zeroone.divaraop,2022-07-15 11:47:40+00:00,True,True,True
2407,fecc2e8f2700eb879c190c3f614132cab3b6b60131bbddc1a6525a31c4673c94,51.0,Applite,banker,,com.jukurica.acm,2024-12-09 16:50:58+00:00,eligible_current_governed,fecc2e8f2700eb879c190c3f614132cab3b6b60131bbddc1a6525a31c4673c94,51.0,Applite,banker,,com.jukurica.acm,2024-12-09 16:50:58+00:00,True,True,True
2408,fed220e7dbb4469a801924d4866c0b3f4dfbc499247d9749fb385f53cf2d4d93,55.0,DoNot,spyware,,seven.one.five,2024-11-19 05:37:24+00:00,eligible_current_governed,fed220e7dbb4469a801924d4866c0b3f4dfbc499247d9749fb385f53cf2d4d93,55.0,DoNot,spyware,,seven.one.five,2024-11-19 05:37:24+00:00,True,True,True
2409,feee6ebd9d43e4bfc06c2470dd0efa91b79e98224bb8af5b3f648632b192cfd9,15.0,GoldDigger,banker,,com.ac.apck,2023-10-06 00:00:00+00:00,eligible_current_governed,feee6ebd9d43e4bfc06c2470dd0efa91b79e98224bb8af5b3f648632b192cfd9,15.0,GoldDigger,banker,,com.ac.apck,2023-10-06 00:00:00+00:00,True,True,True
2410,ff07fe0c840aaa562ce3c72f21ba08b20aa38b8bd92c4bb079865867cb31bfb1,44.0,Irata,banker,,Caco333.siqe.holo,2022-05-18 01:08:15+00:00,eligible_current_governed,ff07fe0c840aaa562ce3c72f21ba08b20aa38b8bd92c4bb079865867cb31bfb1,44.0,Irata,banker,,Caco333.siqe.holo,2022-05-18 01:08:15+00:00,True,True,True
2413,ff687eb2cad1bc2832d5d76ac2b4e82f5be19b6673a55cf1badeef3c8a10dd57,19.0,TrickMo,banker,,com.crunch.quality,2024-06-01 00:00:00+00:00,eligible_current_governed,ff687eb2cad1bc2832d5d76ac2b4e82f5be19b6673a55cf1badeef3c8a10dd57,19.0,TrickMo,banker,,com.crunch.quality,2024-06-01 00:00:00+00:00,True,True,True
2418,ffa5ac3460998e7b9856fc136ebcd112196c3abf24816ccab1fbae11eae4954c,3.0,Cerberus,banker,,com.mwmnfwt.arhkrgajn,2020-06-11 00:00:00+00:00,eligible_current_governed,ffa5ac3460998e7b9856fc136ebcd112196c3abf24816ccab1fbae11eae4954c,3.0,Cerberus,banker,,com.mwmnfwt.arhkrgajn,2020-06-11 00:00:00+00:00,True,True,True
2419,ffd29c57df2fb49013dfad0cf4182921e6ec36df41d69a4cb7838b09a4ba779b,44.0,Irata,banker,,ir.shz.shzkisi,2022-07-30 11:09:51+00:00,eligible_current_governed,ffd29c57df2fb49013dfad0cf4182921e6ec36df41d69a4cb7838b09a4ba779b,44.0,Irata,banker,,ir.shz.shzkisi,2022-07-30 11:09:51+00:00,True,True,True
9262,ecf0a143df1c42b3395a6654aa025945378868442e6e0ea3819d943ab42f37d8,49.0,Klopatra,banker,,com.scrap.praise,2025-10-02 00:00:00+00:00,eligible_current_governed,ecf0a143df1c42b3395a6654aa025945378868442e6e0ea3819d943ab42f37d8,49.0,Klopatra,banker,,com.scrap.praise,2025-10-02 00:00:00+00:00,True,True,True
9263,d6cd1f369e89692feb2593a4f49bf67b2386df533a551915d8949fd709a0f35a,49.0,Klopatra,banker,,com.scrap.praise,2025-10-02 00:00:00+00:00,eligible_current_governed,d6cd1f369e89692feb2593a4f49bf67b2386df533a551915d8949fd709a0f35a,49.0,Klopatra,banker,,com.scrap.praise,2025-10-02 00:00:00+00:00,True,True,True
9264,9893bec37c8c85e36f9a26766ae63c3cf52d2efe6946f02e16a7b0d68b11011e,49.0,Klopatra,banker,,com.scrap.praise,2025-10-02 00:00:00+00:00,eligible_current_governed,9893bec37c8c85e36f9a26766ae63c3cf52d2efe6946f02e16a7b0d68b11011e,49.0,Klopatra,banker,,com.scrap.praise,2025-10-02 00:00:00+00:00,True,True,True
9265,b77879e4525031879c031d69ffac606d70680a3f06613dd418ee7c656046fbe5,49.0,Klopatra,banker,,com.scrap.praise,2025-07-21 18:52:06+00:00,eligible_current_governed,b77879e4525031879c031d69ffac606d70680a3f06613dd418ee7c656046fbe5,49.0,Klopatra,banker,,com.scrap.praise,2025-07-21 18:52:06+00:00,True,True,True
9266,e2b9aa6a5febde1bba371dbed3b04909a222b765cf04ccb12547a9efb5a0dd50,49.0,Klopatra,banker,,com.scrap.praise,2025-10-02 00:00:00+00:00,eligible_current_governed,e2b9aa6a5febde1bba371dbed3b04909a222b765cf04ccb12547a9efb5a0dd50,49.0,Klopatra,banker,,com.scrap.praise,2025-10-02 00:00:00+00:00,True,True,True
9267,455910bf83c07cb9e3d3fd1a8c3b4d9ceec96a0c81e9d2804ecebfb177c8c97f,49.0,Klopatra,banker,,com.scrap.praise,2025-10-02 00:00:00+00:00,eligible_current_governed,455910bf83c07cb9e3d3fd1a8c3b4d9ceec96a0c81e9d2804ecebfb177c8c97f,49.0,Klopatra,banker,,com.scrap.praise,2025-10-02 00:00:00+00:00,True,True,True
9268,79f40993850ebed38a4091f771cdbf327a2143bb17f66af89e6fcb717f3ec0bf,49.0,Klopatra,banker,,com.scrap.praise,2025-10-02 00:00:00+00:00,eligible_current_governed,79f40993850ebed38a4091f771cdbf327a2143bb17f66af89e6fcb717f3ec0bf,49.0,Klopatra,banker,,com.scrap.praise,2025-10-02 00:00:00+00:00,True,True,True
9269,6769da8d5d2c5e57e018234b7dcbc9514a1f2b9ac7cfb42f7c3f55af9f23bad8,49.0,Klopatra,banker,,com.scrap.praise,2025-10-02 00:00:00+00:00,eligible_current_governed,6769da8d5d2c5e57e018234b7dcbc9514a1f2b9ac7cfb42f7c3f55af9f23bad8,49.0,Klopatra,banker,,com.scrap.praise,2025-10-02 00:00:00+00:00,True,True,True
9270,e07392df7484aeafad61af6d0a75a9af874183434181bfb8aab843c8dea87e63,49.0,Klopatra,banker,,com.scrap.praise,2025-10-02 00:00:00+00:00,eligible_current_governed,e07392df7484aeafad61af6d0a75a9af874183434181bfb8aab843c8dea87e63,49.0,Klopatra,banker,,com.scrap.praise,2025-10-02 00:00:00+00:00,True,True,True
9271,0fd9c2e09e05ce59e90f5d373edb7f1d8199a965fbad989651b9ddaa95900dcf,49.0,Klopatra,banker,,com.scrap.praise,2025-10-02 00:00:00+00:00,eligible_current_governed,0fd9c2e09e05ce59e90f5d373edb7f1d8199a965fbad989651b9ddaa95900dcf,49.0,Klopatra,banker,,com.scrap.praise,2025-10-02 00:00:00+00:00,True,True,True
9272,85b05cb1268c6002a6bedb855ad5983eee7b1f084728943bd18d19fcfd9c7d85,49.0,Klopatra,banker,,com.scrap.praise,2025-10-02 00:00:00+00:00,eligible_current_governed,85b05cb1268c6002a6bedb855ad5983eee7b1f084728943bd18d19fcfd9c7d85,49.0,Klopatra,banker,,com.scrap.praise,2025-10-02 00:00:00+00:00,True,True,True
9273,02ac34edfacbb3b1dd731ff305846b5bedfdbcaaf11a00f446efd8d0c009788d,49.0,Klopatra,banker,,com.scrap.praise,2025-10-02 00:00:00+00:00,eligible_current_governed,02ac34edfacbb3b1dd731ff305846b5bedfdbcaaf11a00f446efd8d0c009788d,49.0,Klopatra,banker,,com.scrap.praise,2025-10-02 00:00:00+00:00,True,True,True
9274,3f972448cf4fdf8938b56c0627a2e274e3c9968b0212975eadda8e4de7ab782e,49.0,Klopatra,banker,,com.scrap.praise,2025-10-02 00:00:00+00:00,eligible_current_governed,3f972448cf4fdf8938b56c0627a2e274e3c9968b0212975eadda8e4de7ab782e,49.0,Klopatra,banker,,com.scrap.praise,2025-10-02 00:00:00+00:00,True,True,True
9275,683746b5da267b80795746d5e14b3fbf33d19fb4f39181fb63d28715edcb5d36,49.0,Klopatra,banker,,com.scrap.praise,2025-10-02 00:00:00+00:00,eligible_current_governed,683746b5da267b80795746d5e14b3fbf33d19fb4f39181fb63d28715edcb5d36,49.0,Klopatra,banker,,com.scrap.praise,2025-10-02 00:00:00+00:00,True,True,True
9276,e27ba9efe44ef0d08128f80b010854670e77761b32160036465ac25b75723dce,49.0,Klopatra,banker,,com.scrap.praise,2025-10-02 00:00:00+00:00,eligible_current_governed,e27ba9efe44ef0d08128f80b010854670e77761b32160036465ac25b75723dce,49.0,Klopatra,banker,,com.scrap.praise,2025-10-02 00:00:00+00:00,True,True,True
9277,1377664fea7ce3745feeddd30c1498ca98081ad7399f36b7c00e91d733f5211f,49.0,Klopatra,banker,,com.scrap.praise,2025-10-02 00:00:00+00:00,eligible_current_governed,1377664fea7ce3745feeddd30c1498ca98081ad7399f36b7c00e91d733f5211f,49.0,Klopatra,banker,,com.scrap.praise,2025-10-02 00:00:00+00:00,True,True,True
9278,6ddb8562e7f1371c3436b983b96930ce75e218e73680f332d9589da96ac2063d,49.0,Klopatra,banker,,com.scrap.praise,2025-10-02 00:00:00+00:00,eligible_current_governed,6ddb8562e7f1371c3436b983b96930ce75e218e73680f332d9589da96ac2063d,49.0,Klopatra,banker,,com.scrap.praise,2025-10-02 00:00:00+00:00,True,True,True
9279,2b8206be0f4e62d2d303668775758784787d6674c408a1ce706181ab96362d3e,49.0,Klopatra,banker,,com.scrap.praise,2025-10-02 00:00:00+00:00,eligible_current_governed,2b8206be0f4e62d2d303668775758784787d6674c408a1ce706181ab96362d3e,49.0,Klopatra,banker,,com.scrap.praise,2025-10-02 00:00:00+00:00,True,True,True
9280,37119c69ce4f9d68e0ebeb6de99393738144966b130518ed1679c7203f8999ab,49.0,Klopatra,banker,,com.scrap.praise,2025-10-02 00:00:00+00:00,eligible_current_governed,37119c69ce4f9d68e0ebeb6de99393738144966b130518ed1679c7203f8999ab,49.0,Klopatra,banker,,com.scrap.praise,2025-10-02 00:00:00+00:00,True,True,True
9281,451a82fe018dd72cc145e5ad6c21ad955844fe8b33fd1cb23bbf76766ec6a34c,49.0,Klopatra,banker,,com.scrap.praise,2025-10-02 00:00:00+00:00,eligible_current_governed,451a82fe018dd72cc145e5ad6c21ad955844fe8b33fd1cb23bbf76766ec6a34c,49.0,Klopatra,banker,,com.scrap.praise,2025-10-02 00:00:00+00:00,True,True,True
9282,d5fe92a103f643735d42e6070dc3fcc28f15e2cef488dae42ca235a061bc836a,49.0,Klopatra,banker,,com.scrap.praise,2025-10-02 00:00:00+00:00,eligible_current_governed,d5fe92a103f643735d42e6070dc3fcc28f15e2cef488dae42ca235a061bc836a,49.0,Klopatra,banker,,com.scrap.praise,2025-10-02 00:00:00+00:00,True,True,True
9283,0add6a2853c526843de97234ba1f4db4ab1136ce898189a068486d1e5d1f33e0,49.0,Klopatra,banker,,com.scrap.praise,2025-10-02 00:00:00+00:00,eligible_current_governed,0add6a2853c526843de97234ba1f4db4ab1136ce898189a068486d1e5d1f33e0,49.0,Klopatra,banker,,com.scrap.praise,2025-10-02 00:00:00+00:00,True,True,True
9284,57d3198b481f8096a3aac8d3a6da15636369c1a5021a775c2a25fceaa5bbc075,49.0,Klopatra,banker,,com.scrap.praise,2025-10-02 00:00:00+00:00,eligible_current_governed,57d3198b481f8096a3aac8d3a6da15636369c1a5021a775c2a25fceaa5bbc075,49.0,Klopatra,banker,,com.scrap.praise,2025-10-02 00:00:00+00:00,True,True,True
9285,4c6939f639873cdc706144a263b7f11087283ff27289f2131c6f45654b00c1bb,49.0,Klopatra,banker,,com.scrap.praise,2025-10-02 00:00:00+00:00,eligible_current_governed,4c6939f639873cdc706144a263b7f11087283ff27289f2131c6f45654b00c1bb,49.0,Klopatra,banker,,com.scrap.praise,2025-10-02 00:00:00+00:00,True,True,True
9286,073014cfda7bc8cf54219ef7c05eefe8f8c49c063c2857790a89e34dcdfdb455,49.0,Klopatra,banker,,com.scrap.praise,2025-10-02 00:00:00+00:00,eligible_current_governed,073014cfda7bc8cf54219ef7c05eefe8f8c49c063c2857790a89e34dcdfdb455,49.0,Klopatra,banker,,com.scrap.praise,2025-10-02 00:00:00+00:00,True,True,True
9287,0ae8c721bf5240966b7275875c42f789dc922cc1a7e4cef7af2827a2aa171b8b,49.0,Klopatra,banker,,com.scrap.praise,2025-10-02 00:00:00+00:00,eligible_current_governed,0ae8c721bf5240966b7275875c42f789dc922cc1a7e4cef7af2827a2aa171b8b,49.0,Klopatra,banker,,com.scrap.praise,2025-10-02 00:00:00+00:00,True,True,True
9288,72a3541a456f7ec3d9de6656c5b9640c8ffd28c5571c5cdfb17d65613c643f84,49.0,Klopatra,banker,,com.scrap.praise,2025-10-02 00:00:00+00:00,eligible_current_governed,72a3541a456f7ec3d9de6656c5b9640c8ffd28c5571c5cdfb17d65613c643f84,49.0,Klopatra,banker,,com.scrap.praise,2025-10-02 00:00:00+00:00,True,True,True
9289,a045d8b62bbf4cdcfbd449a994958c1e051d06c0d888e0936838fff4be47aefc,49.0,Klopatra,banker,,com.scrap.praise,2025-10-02 00:00:00+00:00,eligible_current_governed,a045d8b62bbf4cdcfbd449a994958c1e051d06c0d888e0936838fff4be47aefc,49.0,Klopatra,banker,,com.scrap.praise,2025-10-02 00:00:00+00:00,True,True,True
9290,1d580642b5bfe53bef632cce7d2db7fe141351e0c02b11a2589c2482a5f63ed2,49.0,Klopatra,banker,,com.scrap.praise,2025-10-02 00:00:00+00:00,eligible_current_governed,1d580642b5bfe53bef632cce7d2db7fe141351e0c02b11a2589c2482a5f63ed2,49.0,Klopatra,banker,,com.scrap.praise,2025-10-02 00:00:00+00:00,True,True,True
9291,3dd5b08c0b942912d2fc65c070894466a8fa356a22a768869af14ae90e8f2ad0,49.0,Klopatra,banker,,com.scrap.praise,2025-07-22 16:54:15+00:00,eligible_current_governed,3dd5b08c0b942912d2fc65c070894466a8fa356a22a768869af14ae90e8f2ad0,49.0,Klopatra,banker,,com.scrap.praise,2025-07-22 16:54:15+00:00,True,True,True
10027,4d2ef8f7dcc4b39436062e5666cbf5e3d41f990a272b16660418ee60bde6cdd1,41.0,Zanubis,banker,,qgz6189e8ed.qgz6183b2f9.qgz6181bc8f,2025-01-28 22:02:14+00:00,eligible_current_governed,4d2ef8f7dcc4b39436062e5666cbf5e3d41f990a272b16660418ee60bde6cdd1,41.0,Zanubis,banker,,qgz6189e8ed.qgz6183b2f9.qgz6181bc8f,2025-01-28 22:02:14+00:00,True,True,True
10028,384b7c4693749939b2af33ddd5a350cf643fb32e5a183c880ca03b3955f002f4,41.0,Zanubis,banker,,com.brkwl.apkstore,2025-01-28 20:50:07+00:00,eligible_current_governed,384b7c4693749939b2af33ddd5a350cf643fb32e5a183c880ca03b3955f002f4,41.0,Zanubis,banker,,com.brkwl.apkstore,2025-01-28 20:50:07+00:00,True,True,True
10029,7b9f3d2d8a39d3cdc268c8fa5a5a51986a183266e5194ffcb53257d4219d287b,41.0,Zanubis,banker,,zcl0a9e8926.zcl0a961f41.zcl0a9113da,2025-02-03 11:20:24+00:00,eligible_current_governed,7b9f3d2d8a39d3cdc268c8fa5a5a51986a183266e5194ffcb53257d4219d287b,41.0,Zanubis,banker,,zcl0a9e8926.zcl0a961f41.zcl0a9113da,2025-02-03 11:20:24+00:00,True,True,True
10030,dc22983f95fbdd29b28f3b5eb392d3818e99bfc8aa102706001fa1415b665576,41.0,Zanubis,banker,,sau18f5a1a1.sau18f64883.sau18f95541,2025-06-06 07:38:25+00:00,eligible_current_governed,dc22983f95fbdd29b28f3b5eb392d3818e99bfc8aa102706001fa1415b665576,41.0,Zanubis,banker,,sau18f5a1a1.sau18f64883.sau18f95541,2025-06-06 07:38:25+00:00,True,True,True
10031,1611d57d1281785659981e922262a507771d75910ca0c4f8809f005ffb12cb5a,41.0,Zanubis,banker,,qsla634d236.qsla633b845.qsla630e27d,2025-02-07 01:32:41+00:00,eligible_current_governed,1611d57d1281785659981e922262a507771d75910ca0c4f8809f005ffb12cb5a,41.0,Zanubis,banker,,qsla634d236.qsla633b845.qsla630e27d,2025-02-07 01:32:41+00:00,True,True,True
10032,52537ae43cc20c6c408dffddb83cc785cd942f43282047c4e48448f6576a75bd,41.0,Zanubis,banker,,qcsc4a4d236.qcsc4a3b845.qcsc4a0e27d,2025-02-06 01:57:53+00:00,eligible_current_governed,52537ae43cc20c6c408dffddb83cc785cd942f43282047c4e48448f6576a75bd,41.0,Zanubis,banker,,qcsc4a4d236.qcsc4a3b845.qcsc4a0e27d,2025-02-06 01:57:53+00:00,True,True,True
10033,c9c454913ce6062a4387a92283b80e62391751b31a9b22ac9aa27dcc3edd3b4f,41.0,Zanubis,banker,,com.brkwl.apkstore,2025-01-29 20:46:10+00:00,eligible_current_governed,c9c454913ce6062a4387a92283b80e62391751b31a9b22ac9aa27dcc3edd3b4f,41.0,Zanubis,banker,,com.brkwl.apkstore,2025-01-29 20:46:10+00:00,True,True,True
10034,f4ba22accc1a497d921349102b83be0db53bbc6ec14ad1acf20638629a6150bf,41.0,Zanubis,banker,,com.brkwl.apkstore,2025-02-02 11:20:06+00:00,eligible_current_governed,f4ba22accc1a497d921349102b83be0db53bbc6ec14ad1acf20638629a6150bf,41.0,Zanubis,banker,,com.brkwl.apkstore,2025-02-02 11:20:06+00:00,True,True,True
10035,a9916294cdc4de511fa09f441093456bb488928519a79ac950ad116adef981ee,41.0,Zanubis,banker,,com.brkwl.apkstore,2025-01-29 21:46:33+00:00,eligible_current_governed,a9916294cdc4de511fa09f441093456bb488928519a79ac950ad116adef981ee,41.0,Zanubis,banker,,com.brkwl.apkstore,2025-01-29 21:46:33+00:00,True,True,True
10036,a1af1cc7d4e90083f7d90bc6eaa884146bcd21b2c76641e03c326f0cc1dc1e68,41.0,Zanubis,banker,,cvo51e8c11e.cvo51e838cc.cvo51e20e64,2025-02-10 12:50:30+00:00,eligible_current_governed,a1af1cc7d4e90083f7d90bc6eaa884146bcd21b2c76641e03c326f0cc1dc1e68,41.0,Zanubis,banker,,cvo51e8c11e.cvo51e838cc.cvo51e20e64,2025-02-10 12:50:30+00:00,True,True,True
10037,8e83e6544c5b8d92360e6f8f8777be655d4ecf16e38b58c8d5bf2e76b224f6fb,41.0,Zanubis,banker,,azp12cbb20c.azp12c55189.azp12c9468f,2025-02-12 13:27:35+00:00,eligible_current_governed,8e83e6544c5b8d92360e6f8f8777be655d4ecf16e38b58c8d5bf2e76b224f6fb,41.0,Zanubis,banker,,azp12cbb20c.azp12c55189.azp12c9468f,2025-02-12 13:27:35+00:00,True,True,True
10038,712b2d385b578fe9fa2bc404ef27b9204a0c67e4ded6129975e6f0464983ff10,41.0,Zanubis,banker,,pxr0e2b590b.pxr0e27ad46.pxr0e2e5ef5,2025-02-11 19:43:20+00:00,eligible_current_governed,712b2d385b578fe9fa2bc404ef27b9204a0c67e4ded6129975e6f0464983ff10,41.0,Zanubis,banker,,pxr0e2b590b.pxr0e27ad46.pxr0e2e5ef5,2025-02-11 19:43:20+00:00,True,True,True
10053,02499a198a8be5e203b7929287115cc84d286fc6afdb1bc84f902e433a7961e4,48.0,Coper,banker,,com.qrdscannerratedx,2022-07-19 09:04:15+00:00,below_min_samples_per_family,,,,,,,,True,False,True
13360,392272ef515d2f60f2c058675d637bf63a265800b8e4613ed9f72eeb8ebb323d,86.0,RewardSteal,banker,,,2026-01-03 11:43:39+00:00,outside_time_window,,,,,,,,True,False,True
13364,d0e684dedd320a8b1838dab6c94e97384058fb18b831ceb3f479aea849d83811,1.0,Anubis,banker,,bdlxtspya.heihqyeizynsrdfg.tpqlhhugp,2020-07-02 00:00:00+00:00,below_min_samples_per_family,,,,,,,,True,False,True
13366,d4212439e709b6d3f363fecea26e71a6496011a776986698fe34e05bd3766ac4,1.0,Anubis,banker,,com.tencent.mm,2022-10-04 12:38:16+00:00,below_min_samples_per_family,,,,,,,,True,False,True
14825,352e9dabede5a893b1a7af33bd23fb57e84b7606ee0ccdff1fb08657dd52db0e,4.0,FluBot,banker,,com.weico.international,2021-05-31 16:15:25+00:00,eligible_current_governed,352e9dabede5a893b1a7af33bd23fb57e84b7606ee0ccdff1fb08657dd52db0e,4.0,FluBot,banker,,com.weico.international,2021-05-31 16:15:25+00:00,True,True,True
14827,fe52bed001f28a4b218bcd0ad31b92fb59022778cf68a1445cf3e8c612a5e04c,4.0,FluBot,banker,,com.tencent.mobileqq,2021-07-05 19:34:10+00:00,eligible_current_governed,fe52bed001f28a4b218bcd0ad31b92fb59022778cf68a1445cf3e8c612a5e04c,4.0,FluBot,banker,,com.tencent.mobileqq,2021-07-05 19:34:10+00:00,True,True,True
14944,610ebf1037134ef4be64c44846428e71ce30b51aa13a14c459f978531f09722c,34.0,Octo,banker,,com.watchandlr,2022-11-24 00:50:18+00:00,below_min_samples_per_family,,,,,,,,True,False,True
14946,6f1eb9c21b026eecfd65459ec4cffe3954d24619010741e18722108d7bacf3d1,5.0,SharkBot,banker,,com.sidalistudio.developer.app,2022-11-22 00:44:32+00:00,below_min_samples_per_family,,,,,,,,True,False,True
14948,844efceeeeff73da35ac13c217ad5723c456ecec01fada7f92b9203fc29e7dcd,5.0,SharkBot,banker,,com.sidalistudio.developer.app,2022-09-13 13:18:20+00:00,below_min_samples_per_family,,,,,,,,True,False,True
14956,e26743a7711bf378813f3c80132eed07dc1120554d6d03fcf9072024f538d43f,57.0,SpyLoan,spyware,,com.example.pinjamin,2025-10-31 09:21:38+00:00,eligible_current_governed,e26743a7711bf378813f3c80132eed07dc1120554d6d03fcf9072024f538d43f,57.0,SpyLoan,spyware,,com.example.pinjamin,2025-10-31 09:21:38+00:00,True,True,True
14958,3fe5f80ea3576d4c563e97fa8890fe3d73e9836f75ad7aec3242a0785b345ba2,36.0,SpyNote,rat,,growing.success.considerations,2025-10-31 08:57:15+00:00,eligible_current_governed,3fe5f80ea3576d4c563e97fa8890fe3d73e9836f75ad7aec3242a0785b345ba2,36.0,SpyNote,rat,,growing.success.considerations,2025-10-31 08:57:15+00:00,True,True,True
14960,4f53997faa7a60348ac82ff28c7581b93738ca641db6d887a8a1182bc1ce1712,36.0,SpyNote,rat,,guamw1.psychological.talent,2025-10-07 22:07:49+00:00,eligible_current_governed,4f53997faa7a60348ac82ff28c7581b93738ca641db6d887a8a1182bc1ce1712,36.0,SpyNote,rat,,guamw1.psychological.talent,2025-10-07 22:07:49+00:00,True,True,True
14962,6a9a8768aa04b3ac4aa2df4e5b7ab8bf49292b8c28df838fca37869bc9223baf,36.0,SpyNote,rat,,lemon.continental.prince,2025-10-31 09:06:21+00:00,eligible_current_governed,6a9a8768aa04b3ac4aa2df4e5b7ab8bf49292b8c28df838fca37869bc9223baf,36.0,SpyNote,rat,,lemon.continental.prince,2025-10-31 09:06:21+00:00,True,True,True
14964,7e15a3a87f9a2ce9ba7f3c5a9034e76678772fff627f142d0dd1de261598003c,36.0,SpyNote,rat,,box.soil.walnut,2025-10-07 21:57:34+00:00,eligible_current_governed,7e15a3a87f9a2ce9ba7f3c5a9034e76678772fff627f142d0dd1de261598003c,36.0,SpyNote,rat,,box.soil.walnut,2025-10-07 21:57:34+00:00,True,True,True
14966,8127c09ea8b0e40aa49f9f1cbf52be0ed7323720792a528d4e12746b91f9766b,36.0,SpyNote,rat,,,2026-01-04 14:31:43+00:00,outside_time_window,,,,,,,,True,False,True
14968,8c969efed52d0710a6986d01ecd9d8f7a2483bb96ab6f94e7c6d122b98617352,36.0,SpyNote,rat,,com.appd.instll.load,2025-10-30 18:53:24+00:00,eligible_current_governed,8c969efed52d0710a6986d01ecd9d8f7a2483bb96ab6f94e7c6d122b98617352,36.0,SpyNote,rat,,com.appd.instll.load,2025-10-30 18:53:24+00:00,True,True,True
14970,8d7a00c635ab25bcffc225610b693302aee57c239df278f070d374b28b9f28b5,36.0,SpyNote,rat,,donate.authority.sticker,2024-05-22 19:32:53+00:00,eligible_current_governed,8d7a00c635ab25bcffc225610b693302aee57c239df278f070d374b28b9f28b5,36.0,SpyNote,rat,,donate.authority.sticker,2024-05-22 19:32:53+00:00,True,True,True
14972,b35d06e5bd966768f3f6955af7d0e1ce861e103a6b2862ca969b7bc6aff8634b,36.0,SpyNote,rat,,nervous.missing.somerset,2025-06-02 06:23:24+00:00,eligible_current_governed,b35d06e5bd966768f3f6955af7d0e1ce861e103a6b2862ca969b7bc6aff8634b,36.0,SpyNote,rat,,nervous.missing.somerset,2025-06-02 06:23:24+00:00,True,True,True
14974,bad77dca600dc7569db4de97806a66fa969b55b77c24e3a7eb2c49e009c1f216,36.0,SpyNote,rat,,glasgow.pl.dimensional,2023-08-03 00:00:00+00:00,eligible_current_governed,bad77dca600dc7569db4de97806a66fa969b55b77c24e3a7eb2c49e009c1f216,36.0,SpyNote,rat,,glasgow.pl.dimensional,2023-08-03 00:00:00+00:00,True,True,True
14976,bb7cfd52964a0d103f1fa88cc333bc1b9c80389d56ca2c1be6d0150397cc2096,36.0,SpyNote,rat,,bumper.annotation.nascar,2025-10-07 21:56:35+00:00,eligible_current_governed,bb7cfd52964a0d103f1fa88cc333bc1b9c80389d56ca2c1be6d0150397cc2096,36.0,SpyNote,rat,,bumper.annotation.nascar,2025-10-07 21:56:35+00:00,True,True,True
14978,c12b1c7dae3b90df8b7e0c422b559d1fb06c428cf8cac1885f3ad0b2d973458c,36.0,SpyNote,rat,,cad.chester.bare,2024-10-18 00:00:00+00:00,eligible_current_governed,c12b1c7dae3b90df8b7e0c422b559d1fb06c428cf8cac1885f3ad0b2d973458c,36.0,SpyNote,rat,,cad.chester.bare,2024-10-18 00:00:00+00:00,True,True,True
14980,c82de26236f05422546a0880ba195f5b56641d2ac218ea8357e4be8db441c6b6,36.0,SpyNote,rat,,modify.surely.activities,2025-10-31 09:01:10+00:00,eligible_current_governed,c82de26236f05422546a0880ba195f5b56641d2ac218ea8357e4be8db441c6b6,36.0,SpyNote,rat,,modify.surely.activities,2025-10-31 09:01:10+00:00,True,True,True
14982,d564e94904f5df40e11fc9edbab58a5423cfc298958c7e5410478bcc77c2f742,36.0,SpyNote,rat,,com.zero.ztothez,2023-09-09 18:10:04+00:00,eligible_current_governed,d564e94904f5df40e11fc9edbab58a5423cfc298958c7e5410478bcc77c2f742,36.0,SpyNote,rat,,com.zero.ztothez,2023-09-09 18:10:04+00:00,True,True,True
14984,fc27e112786706f4caa3deae1a7db9a4e4f7366838135ab47a682185ce8db4a2,36.0,SpyNote,rat,,canal.causing.gps,2025-10-30 16:18:14+00:00,eligible_current_governed,fc27e112786706f4caa3deae1a7db9a4e4f7366838135ab47a682185ce8db4a2,36.0,SpyNote,rat,,canal.causing.gps,2025-10-30 16:18:14+00:00,True,True,True
14989,bac8753a8b07936d86a544d536bd857b427994fb614d39e1163989a93097ebb6,50.0,TangleBot,spyware,,,2026-01-02 13:01:25+00:00,outside_time_window,,,,,,,,True,False,True
15019,37b660c192d9154ea8f0fd766fca3e0ba90ca4f3fc2159a266c1b28e15a9cbf1,44.0,Irata,banker,,com.damylola.sk.alarm,2025-10-07 22:22:28+00:00,eligible_current_governed,37b660c192d9154ea8f0fd766fca3e0ba90ca4f3fc2159a266c1b28e15a9cbf1,44.0,Irata,banker,,com.damylola.sk.alarm,2025-10-07 22:22:28+00:00,False,True,True
15035,4bb849527d78edfc1b16e76d9748d5c2c9e1a637b36ee6396a994db635497ea2,36.0,SpyNote,rat,,com.wet.sn,2025-10-30 16:08:22+00:00,eligible_current_governed,4bb849527d78edfc1b16e76d9748d5c2c9e1a637b36ee6396a994db635497ea2,36.0,SpyNote,rat,,com.wet.sn,2025-10-30 16:08:22+00:00,False,True,True
15071,8338b4602f410a0ce0e9bf154ee3e6b86c2cc3fd3993a6bb7a1ff5d5d12ded20,57.0,SpyLoan,spyware,,com.aedgw.ogsfn,2025-10-29 07:27:59+00:00,eligible_current_governed,8338b4602f410a0ce0e9bf154ee3e6b86c2cc3fd3993a6bb7a1ff5d5d12ded20,57.0,SpyLoan,spyware,,com.aedgw.ogsfn,2025-10-29 07:27:59+00:00,False,True,True
15101,b24501a544ae39bbf04536b6e7bbb689c80c156cb4edc18e53190d0ec006d01a,36.0,SpyNote,rat,,lic.xplywwuwfeaqrlmzkizi.nebfhmeqksam.kvftqjv,2025-11-26 05:18:26+00:00,eligible_current_governed,b24501a544ae39bbf04536b6e7bbb689c80c156cb4edc18e53190d0ec006d01a,36.0,SpyNote,rat,,lic.xplywwuwfeaqrlmzkizi.nebfhmeqksam.kvftqjv,2025-11-26 05:18:26+00:00,False,True,True
15127,d55c11719101422bb8c342f88c898939285d33a9e47b0cf60220901fc6ba3453,57.0,SpyLoan,spyware,,,2025-11-27 00:00:00+00:00,eligible_current_governed,d55c11719101422bb8c342f88c898939285d33a9e47b0cf60220901fc6ba3453,57.0,SpyLoan,spyware,,,2025-11-27 00:00:00+00:00,False,True,True
15174,0da75ac97f4ec8954a961c270bcbe75bd2671c65cf25db45540b70f1ff403e31,38.0,BankBot,banker,,teach.report.crane,2022-04-13 00:00:00+00:00,eligible_current_governed,0da75ac97f4ec8954a961c270bcbe75bd2671c65cf25db45540b70f1ff403e31,38.0,BankBot,banker,,teach.report.crane,2022-04-13 00:00:00+00:00,False,True,True
15182,1cd7bab3a22cf44741925eb1ee5f969ccca01ff78ce6f3f010fdf6f93875c8fb,38.0,BankBot,banker,,array.exactly.principal,2020-07-01 00:00:00+00:00,eligible_current_governed,1cd7bab3a22cf44741925eb1ee5f969ccca01ff78ce6f3f010fdf6f93875c8fb,38.0,BankBot,banker,,array.exactly.principal,2020-07-01 00:00:00+00:00,False,True,True
15187,2edc7cbc0dce61739a4d977acd8b6e6940a817d4e698cbccaa8ce1ddbe0a7bbc,38.0,BankBot,banker,,com.arsryg.auto,2025-09-04 18:40:35+00:00,eligible_current_governed,2edc7cbc0dce61739a4d977acd8b6e6940a817d4e698cbccaa8ce1ddbe0a7bbc,38.0,BankBot,banker,,com.arsryg.auto,2025-09-04 18:40:35+00:00,False,True,True
15191,39ccc5d7009aefac18891c70a16b857b98481d6f69800075e31900c4dc9ef000,38.0,BankBot,banker,,com.escape.glad,2023-03-07 00:00:00+00:00,eligible_current_governed,39ccc5d7009aefac18891c70a16b857b98481d6f69800075e31900c4dc9ef000,38.0,BankBot,banker,,com.escape.glad,2023-03-07 00:00:00+00:00,False,True,True
15193,463ca1a29f83ee11ed4d37bf6ce314dcad99c8fcfe4ae3e3f7fcc2574f3c70c7,38.0,BankBot,banker,,shop.unlock.subway,2021-08-20 21:04:16+00:00,eligible_current_governed,463ca1a29f83ee11ed4d37bf6ce314dcad99c8fcfe4ae3e3f7fcc2574f3c70c7,38.0,BankBot,banker,,shop.unlock.subway,2021-08-20 21:04:16+00:00,False,True,True
15197,7e914e4c0769a7a1dcf7d3a06160bfbd9f7b583695ccc9282854c2946b0321db,38.0,BankBot,banker,,tissue.crash.potato,2021-08-20 23:03:38+00:00,eligible_current_governed,7e914e4c0769a7a1dcf7d3a06160bfbd9f7b583695ccc9282854c2946b0321db,38.0,BankBot,banker,,tissue.crash.potato,2021-08-20 23:03:38+00:00,False,True,True
15199,7fa3d58a0056e8492a84894a6fd3b3d0d87ff1f9656f5e54b10580b9a4a4fd6a,38.0,BankBot,banker,,com.caixkdopro.app,2024-03-06 17:39:20+00:00,eligible_current_governed,7fa3d58a0056e8492a84894a6fd3b3d0d87ff1f9656f5e54b10580b9a4a4fd6a,38.0,BankBot,banker,,com.caixkdopro.app,2024-03-06 17:39:20+00:00,False,True,True
15201,8ea78d335b8b931b49945e3ce36d12b1576647e7fb797840d3d1fa61b2f42200,38.0,BankBot,banker,,com.badly.big,2025-12-12 17:19:39+00:00,eligible_current_governed,8ea78d335b8b931b49945e3ce36d12b1576647e7fb797840d3d1fa61b2f42200,38.0,BankBot,banker,,com.badly.big,2025-12-12 17:19:39+00:00,False,True,True
15205,92961b73092ec2355b133a3de81ce40245f391b229e5699b263fb596184c7ad4,35.0,Alien,banker,,com.mhiauaqmlacl.ypmsfwbkjhsbeoz,2021-12-07 00:00:00+00:00,eligible_current_governed,92961b73092ec2355b133a3de81ce40245f391b229e5699b263fb596184c7ad4,35.0,Alien,banker,,com.mhiauaqmlacl.ypmsfwbkjhsbeoz,2021-12-07 00:00:00+00:00,False,True,True
15220,b787e20a573fe0aab160e6fa5b6f1040d8247ee7afb29d884121bc68cd3b9bf1,46.0,Joker,banker,,com.simplysms.chat.text.messaging,2025-08-25 03:30:23+00:00,eligible_current_governed,b787e20a573fe0aab160e6fa5b6f1040d8247ee7afb29d884121bc68cd3b9bf1,46.0,Joker,banker,,com.simplysms.chat.text.messaging,2025-08-25 03:30:23+00:00,False,True,True
15222,b8ea74902684dcced62a5ca2c1d6932659decfefcbdb2615bfe5899e05eb1451,7.0,Chameleon,banker,,com.stub,2024-07-24 14:52:43+00:00,below_min_samples_per_family,,,,,,,,True,False,True
15224,c2ea0cee960e500ffb9d7bb46d5a2272765dcf9afd55e4e933232c8d33d85295,35.0,Alien,banker,,com.fortune.symptom,2021-12-09 00:00:00+00:00,eligible_current_governed,c2ea0cee960e500ffb9d7bb46d5a2272765dcf9afd55e4e933232c8d33d85295,35.0,Alien,banker,,com.fortune.symptom,2021-12-09 00:00:00+00:00,True,True,True
15226,d0c32e4c17de29509486482e515956033a27982c41c54392f9e0ce826840daec,35.0,Alien,banker,,com.dream.caution,2021-12-07 19:34:49+00:00,eligible_current_governed,d0c32e4c17de29509486482e515956033a27982c41c54392f9e0ce826840daec,35.0,Alien,banker,,com.dream.caution,2021-12-07 19:34:49+00:00,True,True,True
15228,d5b173bfff8c3d29cb97e20681cf8742e13c57f45b2c900b19a3fb14c0373861,46.0,Joker,banker,,,2025-10-26 03:32:52+00:00,eligible_current_governed,d5b173bfff8c3d29cb97e20681cf8742e13c57f45b2c900b19a3fb14c0373861,46.0,Joker,banker,,,2025-10-26 03:32:52+00:00,True,True,True
15230,d6ba9353f0557aafd8d64c2621c9fbd92aeadaf791a6ba1bde9451bb62e7bbfa,35.0,Alien,banker,,com.jar.flower,2022-02-07 12:41:19+00:00,eligible_current_governed,d6ba9353f0557aafd8d64c2621c9fbd92aeadaf791a6ba1bde9451bb62e7bbfa,35.0,Alien,banker,,com.jar.flower,2022-02-07 12:41:19+00:00,True,True,True
15232,e9d76237d04e6f4eb66425f26e6c8441effd2fbbc6cb29cd5d2a2605491c7502,35.0,Alien,banker,,gun.scrub.end,2021-08-20 20:30:42+00:00,eligible_current_governed,e9d76237d04e6f4eb66425f26e6c8441effd2fbbc6cb29cd5d2a2605491c7502,35.0,Alien,banker,,gun.scrub.end,2021-08-20 20:30:42+00:00,True,True,True
15234,ee5632e3c0717693c9ab993c2b0c5b6edb503383215895f99800d915d92d1b8e,35.0,Alien,banker,,umbrella.thought.elevator,2021-08-20 20:30:33+00:00,eligible_current_governed,ee5632e3c0717693c9ab993c2b0c5b6edb503383215895f99800d915d92d1b8e,35.0,Alien,banker,,umbrella.thought.elevator,2021-08-20 20:30:33+00:00,True,True,True
15238,b9ddc7c5f9adbf012494ab258acd80ab35311b52e3b28f2a78a1d8dad75ab259,16.0,Crocodilus,banker,,baggage.stream.gonad,2025-05-28 12:10:13+00:00,eligible_current_governed,b9ddc7c5f9adbf012494ab258acd80ab35311b52e3b28f2a78a1d8dad75ab259,16.0,Crocodilus,banker,,baggage.stream.gonad,2025-05-28 12:10:13+00:00,True,True,True
15240,801f956057aa608c7393b2fcca9b731c610c6bd5e14f4f3c1d64e8f211828319,16.0,Crocodilus,banker,,unrelated.hamburger,2025-05-27 09:01:41+00:00,eligible_current_governed,801f956057aa608c7393b2fcca9b731c610c6bd5e14f4f3c1d64e8f211828319,16.0,Crocodilus,banker,,unrelated.hamburger,2025-05-27 09:01:41+00:00,True,True,True
15242,545fb5d571cab5d861d1259d4c31cd292795189aee79041821c9d9221c570e9c,16.0,Crocodilus,banker,,stinky.massive,2025-05-27 00:02:22+00:00,eligible_current_governed,545fb5d571cab5d861d1259d4c31cd292795189aee79041821c9d9221c570e9c,16.0,Crocodilus,banker,,stinky.massive,2025-05-27 00:02:22+00:00,True,True,True
15244,0178782131396a7fe379de4a244a6bc7896646fdbf824fcb8cb815efe1ac2d81,16.0,Crocodilus,banker,,shore.footprint,2025-05-27 09:56:24+00:00,eligible_current_governed,0178782131396a7fe379de4a244a6bc7896646fdbf824fcb8cb815efe1ac2d81,16.0,Crocodilus,banker,,shore.footprint,2025-05-27 09:56:24+00:00,True,True,True
15246,c8dcf4ee90bbfbd52c182aa80974381871fbc2f9b34b4e81dbcc4eed9777212e,16.0,Crocodilus,banker,,untitled.lividly.disobey,2025-05-29 07:44:15+00:00,eligible_current_governed,c8dcf4ee90bbfbd52c182aa80974381871fbc2f9b34b4e81dbcc4eed9777212e,16.0,Crocodilus,banker,,untitled.lividly.disobey,2025-05-29 07:44:15+00:00,True,True,True
15248,6d55d90d021b0980528f56d040e78fa7b85a96f5c244e23f330f24c8e80c1cb2,16.0,Crocodilus,banker,,nuttiness.pamperer.cosmetics,2025-06-04 00:00:00+00:00,eligible_current_governed,6d55d90d021b0980528f56d040e78fa7b85a96f5c244e23f330f24c8e80c1cb2,16.0,Crocodilus,banker,,nuttiness.pamperer.cosmetics,2025-06-04 00:00:00+00:00,True,True,True
15250,a25bf4bdb2ed9872456af0057eb21ce31fd03d680d63a9da469519060b4814bc,4.0,FluBot,banker,,artwork.differ.kitchen,2022-11-13 16:49:46+00:00,eligible_current_governed,a25bf4bdb2ed9872456af0057eb21ce31fd03d680d63a9da469519060b4814bc,4.0,FluBot,banker,,artwork.differ.kitchen,2022-11-13 16:49:46+00:00,True,True,True
15252,d0279f6afa15e29234f752229e9b91312fc118f1c73971a2042e163d586c3792,17.0,Ermac,banker,,com.jakedegivuwuwe.yewo,2024-02-17 16:07:52+00:00,below_min_samples_per_family,,,,,,,,True,False,True
15254,7a4238fc6f5d3c7731c2eb33911298eaa36986040858af56e76628c5dc83e265,17.0,Ermac,banker,,nusku.ermacv2.apk,2024-06-27 17:23:02+00:00,below_min_samples_per_family,,,,,,,,True,False,True
15256,4ccf02c87de6c0bf718d9f8cdf6c61a9edc909fab1cdd7d497572e30fea1f580,17.0,Ermac,banker,,com.heruhifosexowe.piwi,2022-12-02 11:06:00+00:00,below_min_samples_per_family,,,,,,,,True,False,True
15258,ea832ffd966341b068065875ce11cd5f3021487475947322ec8cc93af6f6f4f9,17.0,Ermac,banker,,com.yakiminamodalixe.yeki,2022-12-02 11:05:58+00:00,below_min_samples_per_family,,,,,,,,True,False,True
15260,b5b523c1244ebfb5aa3531945479ac078e376e1f417b3f60ba5a502e54783d56,17.0,Ermac,banker,,,2022-12-13 18:32:14+00:00,below_min_samples_per_family,,,,,,,,True,False,True
15262,3abe643e901859b9148b124a1556ab531dfe1e37fa8413500b6caddd0382307f,17.0,Ermac,banker,,com.ziroyotebufobi.rapugo,2022-12-02 11:05:57+00:00,below_min_samples_per_family,,,,,,,,True,False,True
15264,f4ebdcef8643dbffe8de312cb47c1f94118e6481a4faf4166badfd98a0a9c5d3,17.0,Ermac,banker,,com.baresucuvuzefa.feyi,2022-10-19 08:34:09+00:00,below_min_samples_per_family,,,,,,,,True,False,True
15266,739d83c8ca63e674d56bc4c6024eac790d66d460c27437f47009fed834d47feb,17.0,Ermac,banker,,com.majosiwuxexeku.poniva,2022-07-20 07:08:20+00:00,below_min_samples_per_family,,,,,,,,True,False,True
15268,72db4b6b4d90f66c099e4366c91cabc076d4ba5968abd163a9b61f9c9ea288cc,17.0,Ermac,banker,,com.yuvutitoyece.kevara,2022-07-12 02:57:12+00:00,below_min_samples_per_family,,,,,,,,True,False,True
15270,e726697d7f682a6b2be61ae887b80275ca124da0350020ead46c52781bd22e39,17.0,Ermac,banker,,com.dakerebutisi.lozaji,2022-07-12 11:25:39+00:00,below_min_samples_per_family,,,,,,,,True,False,True
15272,a4874ebfe480449a897f86c87a490fbc4c2276d5bad4ff92bc93e2e8ae8efc66,17.0,Ermac,banker,,com.mazocexayori.kute,2022-05-09 10:33:29+00:00,below_min_samples_per_family,,,,,,,,True,False,True
15274,fa0eb78eda4edce77d74a3752a4d06faf1066e8afe4bfe238cea14344584e5e8,17.0,Ermac,banker,,com.mazocexayori.kute,2022-05-02 11:33:30+00:00,below_min_samples_per_family,,,,,,,,True,False,True
15276,0dc975df4f929ed0422fb5c9a9582d3d5e11ab176cc3176e269b2a456d48d571,17.0,Ermac,banker,,com.mazocexayori.kute,2022-05-03 08:30:16+00:00,below_min_samples_per_family,,,,,,,,True,False,True
15278,5ad9093d9349b0b87ee912eca2ed0a3b0b2d0cfba3ecffc8fa09142149d34dc8,35.0,Alien,banker,,com.firm.behave,2021-10-16 18:10:59+00:00,eligible_current_governed,5ad9093d9349b0b87ee912eca2ed0a3b0b2d0cfba3ecffc8fa09142149d34dc8,35.0,Alien,banker,,com.firm.behave,2021-10-16 18:10:59+00:00,True,True,True
15280,dad6cdcd782dc3daf5cf1dbdd82c58336af18b33a87be3f19b0833e547fe90a5,35.0,Alien,banker,,consult.steam.science,2021-10-15 00:00:00+00:00,eligible_current_governed,dad6cdcd782dc3daf5cf1dbdd82c58336af18b33a87be3f19b0833e547fe90a5,35.0,Alien,banker,,consult.steam.science,2021-10-15 00:00:00+00:00,True,True,True
15282,1c2019d89c3c64af68eeaa8cf75612a1740e19b1fe45609bd06993ff07bbc31a,35.0,Alien,banker,,nothing.intelligence.reliability,2021-10-13 00:00:00+00:00,eligible_current_governed,1c2019d89c3c64af68eeaa8cf75612a1740e19b1fe45609bd06993ff07bbc31a,35.0,Alien,banker,,nothing.intelligence.reliability,2021-10-13 00:00:00+00:00,True,True,True
15284,165aac61794ce24b3d51da7a23c976e7c54a37b5c8840dabd39bf6c2d7e213db,35.0,Alien,banker,,supporter.safely.daily,2020-07-01 00:00:00+00:00,eligible_current_governed,165aac61794ce24b3d51da7a23c976e7c54a37b5c8840dabd39bf6c2d7e213db,35.0,Alien,banker,,supporter.safely.daily,2020-07-01 00:00:00+00:00,True,True,True
15286,f83fbba014179718feb59c3701711d2287fe4ebf7a9c2fed7845e9037cde3690,35.0,Alien,banker,,determine.hotel.fragile,2020-07-01 00:00:00+00:00,eligible_current_governed,f83fbba014179718feb59c3701711d2287fe4ebf7a9c2fed7845e9037cde3690,35.0,Alien,banker,,determine.hotel.fragile,2020-07-01 00:00:00+00:00,True,True,True
15288,8b45d62be716ae47e436d318320a9953fecebee2fc6f081a3f5bd94c815effa9,35.0,Alien,banker,,happy.mentor.southwest,2020-07-01 00:00:00+00:00,eligible_current_governed,8b45d62be716ae47e436d318320a9953fecebee2fc6f081a3f5bd94c815effa9,35.0,Alien,banker,,happy.mentor.southwest,2020-07-01 00:00:00+00:00,True,True,True
15290,dc76173468cf2f61c8ef0b52cbd1d07adb827b970086eaf2d632ba928a04bd39,35.0,Alien,banker,,com.cloth.clean,2021-10-09 11:37:43+00:00,eligible_current_governed,dc76173468cf2f61c8ef0b52cbd1d07adb827b970086eaf2d632ba928a04bd39,35.0,Alien,banker,,com.cloth.clean,2021-10-09 11:37:43+00:00,True,True,True
15292,ce92ad7fce2765b9a14136556544cfdfe2823861c220c46e8af8b1ce259bbd05,35.0,Alien,banker,,couch.easily.blue,2021-09-16 00:00:00+00:00,eligible_current_governed,ce92ad7fce2765b9a14136556544cfdfe2823861c220c46e8af8b1ce259bbd05,35.0,Alien,banker,,couch.easily.blue,2021-09-16 00:00:00+00:00,True,True,True
15294,36bd057f63d1e508c1d257d1fcfa0483e7b62a689373344153ce77152e7d7e2e,35.0,Alien,banker,,blind.spite.equip,2021-09-07 00:00:00+00:00,eligible_current_governed,36bd057f63d1e508c1d257d1fcfa0483e7b62a689373344153ce77152e7d7e2e,35.0,Alien,banker,,blind.spite.equip,2021-09-07 00:00:00+00:00,True,True,True
15296,dc58fdd702adf3c134efba9e98a1b0d048fdce3a0e0efc71473156493b3d7204,35.0,Alien,banker,,vacation.could.essay,2021-09-06 00:00:00+00:00,eligible_current_governed,dc58fdd702adf3c134efba9e98a1b0d048fdce3a0e0efc71473156493b3d7204,35.0,Alien,banker,,vacation.could.essay,2021-09-06 00:00:00+00:00,True,True,True
15298,6114d2f202b3ee3a524badd420ba3aceac95ecc41de56538a3be9bfdc579c5dc,35.0,Alien,banker,,round.script.defy,2021-09-04 16:12:48+00:00,eligible_current_governed,6114d2f202b3ee3a524badd420ba3aceac95ecc41de56538a3be9bfdc579c5dc,35.0,Alien,banker,,round.script.defy,2021-09-04 16:12:48+00:00,True,True,True
15300,e28a0b1f783edfa2dd3a62926f48432b3127da693b1f0550a4fa1a11030b7f67,35.0,Alien,banker,,sidewalk.collector.project,2021-09-04 00:00:00+00:00,eligible_current_governed,e28a0b1f783edfa2dd3a62926f48432b3127da693b1f0550a4fa1a11030b7f67,35.0,Alien,banker,,sidewalk.collector.project,2021-09-04 00:00:00+00:00,True,True,True
15302,c23475ee87755d08d0ed5aadf879454724349798e811af0c33bc20d9c61a01d9,35.0,Alien,banker,,field.tackle.urge,2021-08-23 12:32:06+00:00,eligible_current_governed,c23475ee87755d08d0ed5aadf879454724349798e811af0c33bc20d9c61a01d9,35.0,Alien,banker,,field.tackle.urge,2021-08-23 12:32:06+00:00,True,True,True
15304,b77decb8c8407f3081f009624795035f912dd842224acb55b437dde937a338e6,35.0,Alien,banker,,already.lamp.alien,2021-08-23 12:46:15+00:00,eligible_current_governed,b77decb8c8407f3081f009624795035f912dd842224acb55b437dde937a338e6,35.0,Alien,banker,,already.lamp.alien,2021-08-23 12:46:15+00:00,True,True,True
15306,dfa0b638bcb149da421ccb28395c625e2b28cdb036e78e0937d10764a083f82b,35.0,Alien,banker,,perceived.coordinate.scheme,2021-08-23 00:00:00+00:00,eligible_current_governed,dfa0b638bcb149da421ccb28395c625e2b28cdb036e78e0937d10764a083f82b,35.0,Alien,banker,,perceived.coordinate.scheme,2021-08-23 00:00:00+00:00,True,True,True
15308,90ddf3acf9053e3d61ce3a125bd4998c71e75621567040cd31d3d27e76d3876f,35.0,Alien,banker,,fade.air.cage,2021-08-24 12:15:01+00:00,eligible_current_governed,90ddf3acf9053e3d61ce3a125bd4998c71e75621567040cd31d3d27e76d3876f,35.0,Alien,banker,,fade.air.cage,2021-08-24 12:15:01+00:00,True,True,True
15310,1a79724595a99052723f2422d57ec93b1f62e1cdb2121ae9ae2175b107e60a00,35.0,Alien,banker,,diabetes.circuit.opposition,2021-08-24 00:00:00+00:00,eligible_current_governed,1a79724595a99052723f2422d57ec93b1f62e1cdb2121ae9ae2175b107e60a00,35.0,Alien,banker,,diabetes.circuit.opposition,2021-08-24 00:00:00+00:00,True,True,True
15312,18a65a4a2f2a090779878504bd199de8c2b74ddccfd74d213ac91c36d5db0582,35.0,Alien,banker,,swallow.mother.drift,2021-03-21 16:11:27+00:00,eligible_current_governed,18a65a4a2f2a090779878504bd199de8c2b74ddccfd74d213ac91c36d5db0582,35.0,Alien,banker,,swallow.mother.drift,2021-03-21 16:11:27+00:00,True,True,True
15314,cc441b8c98164c53a95407db183a3ee71f64432acb1446f1bee7b96c2b060270,35.0,Alien,banker,,inside.whisper.clever,2021-03-23 15:33:00+00:00,eligible_current_governed,cc441b8c98164c53a95407db183a3ee71f64432acb1446f1bee7b96c2b060270,35.0,Alien,banker,,inside.whisper.clever,2021-03-23 15:33:00+00:00,True,True,True
15316,ecc74f5b1b1b8003108e333654b81f43f8ed51e37e219d576c391cb85b4f546d,35.0,Alien,banker,,swarm.hedgehog.early,2021-09-18 00:00:00+00:00,eligible_current_governed,ecc74f5b1b1b8003108e333654b81f43f8ed51e37e219d576c391cb85b4f546d,35.0,Alien,banker,,swarm.hedgehog.early,2021-09-18 00:00:00+00:00,True,True,True
15318,c94b0d524e45a6ea9b4b904587ebe2df73049b1b73e3474b9796f48746adde99,35.0,Alien,banker,,alone.network.curve,2020-08-08 00:00:00+00:00,eligible_current_governed,c94b0d524e45a6ea9b4b904587ebe2df73049b1b73e3474b9796f48746adde99,35.0,Alien,banker,,alone.network.curve,2020-08-08 00:00:00+00:00,True,True,True
15320,96a649922e92b33ccd5aae15c6c39ab573c9b791cc2edefd880343ee946f5cc0,35.0,Alien,banker,,frame.pencil.stable,2021-03-27 13:25:16+00:00,eligible_current_governed,96a649922e92b33ccd5aae15c6c39ab573c9b791cc2edefd880343ee946f5cc0,35.0,Alien,banker,,frame.pencil.stable,2021-03-27 13:25:16+00:00,True,True,True
15322,909a05f9f7ac3c187afac226376ca0e85a64592dcf9d2ba2d5567ce021755732,46.0,Joker,banker,,com.smart.meid.draw,2022-12-14 18:57:43+00:00,eligible_current_governed,909a05f9f7ac3c187afac226376ca0e85a64592dcf9d2ba2d5567ce021755732,46.0,Joker,banker,,com.smart.meid.draw,2022-12-14 18:57:43+00:00,True,True,True
15324,db8f4f6d6858f0ed5e255966cdc1fdcd57aa029f659639629d17fde9d4790944,46.0,Joker,banker,,com.smartscreen.mirroring,2022-12-13 08:51:32+00:00,eligible_current_governed,db8f4f6d6858f0ed5e255966cdc1fdcd57aa029f659639629d17fde9d4790944,46.0,Joker,banker,,com.smartscreen.mirroring,2022-12-13 08:51:32+00:00,True,True,True
15326,ff8c2bcbe5beafcaf4aca4b1078d755e26e584b9e8cf5473a021b06dab84d48a,46.0,Joker,banker,,com.hddoc.hink,2022-12-13 04:58:08+00:00,eligible_current_governed,ff8c2bcbe5beafcaf4aca4b1078d755e26e584b9e8cf5473a021b06dab84d48a,46.0,Joker,banker,,com.hddoc.hink,2022-12-13 04:58:08+00:00,True,True,True
15328,e1d12953bb1adc4ad04ded99f833935f60785f510cf87587cdc860866d8da593,46.0,Joker,banker,,com.nuklis.artpainting,2022-12-12 09:03:14+00:00,eligible_current_governed,e1d12953bb1adc4ad04ded99f833935f60785f510cf87587cdc860866d8da593,46.0,Joker,banker,,com.nuklis.artpainting,2022-12-12 09:03:14+00:00,True,True,True
15330,2573f9f10be18e56e9185f6b4060cb478e95f1adfc11ad4f35fbf3d486fc62cc,46.0,Joker,banker,,com.viola.penn.video,2022-11-17 18:30:17+00:00,eligible_current_governed,2573f9f10be18e56e9185f6b4060cb478e95f1adfc11ad4f35fbf3d486fc62cc,46.0,Joker,banker,,com.viola.penn.video,2022-11-17 18:30:17+00:00,True,True,True
15332,7d72ba8de19f8e05103c8603f8d48102dc3cb989a5732e0cbeaa18d58c48c4ac,46.0,Joker,banker,,com.amenzement.screenmessenger,2022-11-10 09:21:43+00:00,eligible_current_governed,7d72ba8de19f8e05103c8603f8d48102dc3cb989a5732e0cbeaa18d58c48c4ac,46.0,Joker,banker,,com.amenzement.screenmessenger,2022-11-10 09:21:43+00:00,True,True,True
15334,a2a2ca9bd8ada9ebe8df074df79a59f8e56bbe2b29dd8833a77e8d1f95f8606b,46.0,Joker,banker,,com.cleaner.fast.android,2022-11-09 12:11:57+00:00,eligible_current_governed,a2a2ca9bd8ada9ebe8df074df79a59f8e56bbe2b29dd8833a77e8d1f95f8606b,46.0,Joker,banker,,com.cleaner.fast.android,2022-11-09 12:11:57+00:00,True,True,True
15336,edc96507180679f13a470d605929c73f0dcd9690c374f258806f53753406772b,46.0,Joker,banker,,com.howstpcore.bloodpressure,2022-11-06 17:22:59+00:00,eligible_current_governed,edc96507180679f13a470d605929c73f0dcd9690c374f258806f53753406772b,46.0,Joker,banker,,com.howstpcore.bloodpressure,2022-11-06 17:22:59+00:00,True,True,True
15338,0a3d111b0f95702b6e8742ac551d566ba6046eff5faf7f56bcd01296bcd7bfce,46.0,Joker,banker,,wthavs.sticker.emojismile.stiemoj,2022-11-07 03:55:51+00:00,eligible_current_governed,0a3d111b0f95702b6e8742ac551d566ba6046eff5faf7f56bcd01296bcd7bfce,46.0,Joker,banker,,wthavs.sticker.emojismile.stiemoj,2022-11-07 03:55:51+00:00,True,True,True
15340,0991fe1036287059932824cfee9113d2a4ca7f139814adf23eba1e336eacbd20,46.0,Joker,banker,,com.behavior.smsforyou,2022-11-07 02:46:20+00:00,eligible_current_governed,0991fe1036287059932824cfee9113d2a4ca7f139814adf23eba1e336eacbd20,46.0,Joker,banker,,com.behavior.smsforyou,2022-11-07 02:46:20+00:00,True,True,True
15342,753dbf64bbae0e5204a88add78d3ae235552b2b4bc0d6c2af922e18e551897d5,46.0,Joker,banker,,com.nugcry.kimisenger,2022-11-07 02:51:11+00:00,eligible_current_governed,753dbf64bbae0e5204a88add78d3ae235552b2b4bc0d6c2af922e18e551897d5,46.0,Joker,banker,,com.nugcry.kimisenger,2022-11-07 02:51:11+00:00,True,True,True
15344,47effa257006696bd58ff0ecdd67454f8346dfd83ea2ee627aacdccf3b23be6e,46.0,Joker,banker,,com.personal.text.sticker.maker,2022-11-06 17:30:08+00:00,eligible_current_governed,47effa257006696bd58ff0ecdd67454f8346dfd83ea2ee627aacdccf3b23be6e,46.0,Joker,banker,,com.personal.text.sticker.maker,2022-11-06 17:30:08+00:00,True,True,True
15347,7276c4dce081017423e0f1a1ff8843616f45544c8037cd634de32ace0614c2a2,46.0,Joker,banker,,com.specialar.antic.launcher,2022-10-28 10:49:30+00:00,eligible_current_governed,7276c4dce081017423e0f1a1ff8843616f45544c8037cd634de32ace0614c2a2,46.0,Joker,banker,,com.specialar.antic.launcher,2022-10-28 10:49:30+00:00,True,True,True
15349,c64801f975faa16bdc37ccc2ac2da6579618e7a6d7884ec8e953800cf2560903,46.0,Joker,banker,,com.findlocation.loyalby.phonenum,2022-10-24 20:37:13+00:00,eligible_current_governed,c64801f975faa16bdc37ccc2ac2da6579618e7a6d7884ec8e953800cf2560903,46.0,Joker,banker,,com.findlocation.loyalby.phonenum,2022-10-24 20:37:13+00:00,True,True,True
15351,cb11c4bc80f3dba3e239eb90d771cd38a17d31f5fcaf7bcdedd322c8c98efa64,46.0,Joker,banker,,com.favorable.savechat.messenger,2022-10-25 20:04:31+00:00,eligible_current_governed,cb11c4bc80f3dba3e239eb90d771cd38a17d31f5fcaf7bcdedd322c8c98efa64,46.0,Joker,banker,,com.favorable.savechat.messenger,2022-10-25 20:04:31+00:00,True,True,True
15353,4da0bc22754f1141d939184e6a031b92f9b8f90599b23efc46d11700a67563c4,46.0,Joker,banker,,barcode.portable.reader.qrscanner,2022-10-24 09:09:32+00:00,eligible_current_governed,4da0bc22754f1141d939184e6a031b92f9b8f90599b23efc46d11700a67563c4,46.0,Joker,banker,,barcode.portable.reader.qrscanner,2022-10-24 09:09:32+00:00,True,True,True
15355,190ffc93d1cf8112811d0568736905e6a943cc4787fb569754ed7e15ecd2efd7,46.0,Joker,banker,,com.roseflower.britapp.stickers,2022-10-24 09:06:11+00:00,eligible_current_governed,190ffc93d1cf8112811d0568736905e6a943cc4787fb569754ed7e15ecd2efd7,46.0,Joker,banker,,com.roseflower.britapp.stickers,2022-10-24 09:06:11+00:00,True,True,True
15357,f70fff6d62ce1443efe862a8edfebb2529eeb66891633fa68a6b504f8d2f3a03,46.0,Joker,banker,,com.ctiklove.photocollage,2022-10-24 08:47:51+00:00,eligible_current_governed,f70fff6d62ce1443efe862a8edfebb2529eeb66891633fa68a6b504f8d2f3a03,46.0,Joker,banker,,com.ctiklove.photocollage,2022-10-24 08:47:51+00:00,True,True,True
15359,70fd4590345f19509556ee361b89cb6d5c1b943481467bf13ad9d3ea1f1e6bce,46.0,Joker,banker,,widget.party.cus.tom,2022-10-24 08:38:44+00:00,eligible_current_governed,70fd4590345f19509556ee361b89cb6d5c1b943481467bf13ad9d3ea1f1e6bce,46.0,Joker,banker,,widget.party.cus.tom,2022-10-24 08:38:44+00:00,True,True,True
15361,f0bda25e8ca6faa16512eb8ff91abe09c85d8c6efb463b86aa4b0b67f59253e6,46.0,Joker,banker,,com.xerox.tools.heart.rate.recorder,2022-10-20 02:44:11+00:00,eligible_current_governed,f0bda25e8ca6faa16512eb8ff91abe09c85d8c6efb463b86aa4b0b67f59253e6,46.0,Joker,banker,,com.xerox.tools.heart.rate.recorder,2022-10-20 02:44:11+00:00,True,True,True
15363,5e4825011c562998b43271ed1be84dfc70a4b4becd3cbd21860e5a601fe62e91,46.0,Joker,banker,,com.yenx.apps.share.emoji.sms,2022-10-20 08:40:04+00:00,eligible_current_governed,5e4825011c562998b43271ed1be84dfc70a4b4becd3cbd21860e5a601fe62e91,46.0,Joker,banker,,com.yenx.apps.share.emoji.sms,2022-10-20 08:40:04+00:00,True,True,True
15365,ec1688500c94d59afa764dcfd1690a4b2e4f4a4520bb04e5e147f8ce05158d7b,46.0,Joker,banker,,com.burtonben.goodlauncher,2022-10-16 02:30:45+00:00,eligible_current_governed,ec1688500c94d59afa764dcfd1690a4b2e4f4a4520bb04e5e147f8ce05158d7b,46.0,Joker,banker,,com.burtonben.goodlauncher,2022-10-16 02:30:45+00:00,True,True,True
15367,dab2b724f1fe10d2f695aef2f71385be203805e9dad9d3f4da8d46079f89e979,46.0,Joker,banker,,com.hdlive.wallpaper.nacey,2025-02-02 01:52:32+00:00,eligible_current_governed,dab2b724f1fe10d2f695aef2f71385be203805e9dad9d3f4da8d46079f89e979,46.0,Joker,banker,,com.hdlive.wallpaper.nacey,2025-02-02 01:52:32+00:00,True,True,True
15369,025ca6b3869b3cd94933552e3c038be09d220042ef34638da816e8c144b7dac4,46.0,Joker,banker,,com.gocamera.hdpro,2025-02-02 07:15:26+00:00,eligible_current_governed,025ca6b3869b3cd94933552e3c038be09d220042ef34638da816e8c144b7dac4,46.0,Joker,banker,,com.gocamera.hdpro,2025-02-02 07:15:26+00:00,True,True,True
15371,4e82f72cc44424ec5790c4ca27a5983d480e7de5c8aabf4d70376ff3744a49cf,46.0,Joker,banker,,com.translation.photo.speech.translator,2025-02-10 10:00:45+00:00,eligible_current_governed,4e82f72cc44424ec5790c4ca27a5983d480e7de5c8aabf4d70376ff3744a49cf,46.0,Joker,banker,,com.translation.photo.speech.translator,2025-02-10 10:00:45+00:00,True,True,True
15373,61ea7758e9e7bb55cae66590cd3e2735063181012b78aa94af78367bf9c527f4,46.0,Joker,banker,,,2025-02-11 05:47:57+00:00,eligible_current_governed,61ea7758e9e7bb55cae66590cd3e2735063181012b78aa94af78367bf9c527f4,46.0,Joker,banker,,,2025-02-11 05:47:57+00:00,True,True,True
15375,4d3622c5a47fee261c83a89980eaba8c2a01fb63c8bfd18525c60342786c4f42,46.0,Joker,banker,,com.easyapp.collage.phmaker,2023-01-23 16:01:13+00:00,eligible_current_governed,4d3622c5a47fee261c83a89980eaba8c2a01fb63c8bfd18525c60342786c4f42,46.0,Joker,banker,,com.easyapp.collage.phmaker,2023-01-23 16:01:13+00:00,True,True,True
15377,155a6ac23a0f6eb7a6dcda51a8a837bbdf10bb3d45cddd14cca8c4a5fcdce41a,46.0,Joker,banker,,com.foundly.seemessage,2023-01-22 15:54:06+00:00,eligible_current_governed,155a6ac23a0f6eb7a6dcda51a8a837bbdf10bb3d45cddd14cca8c4a5fcdce41a,46.0,Joker,banker,,com.foundly.seemessage,2023-01-22 15:54:06+00:00,True,True,True
15381,8c2e3c0c7fd591f1377e9318fbcfbcae85db4875a2f405b99da46edf9b70eefc,46.0,Joker,banker,,com.skyclean.clearlite,2023-01-19 13:13:15+00:00,eligible_current_governed,8c2e3c0c7fd591f1377e9318fbcfbcae85db4875a2f405b99da46edf9b70eefc,46.0,Joker,banker,,com.skyclean.clearlite,2023-01-19 13:13:15+00:00,True,True,True
15383,eb46541e2991a20c20fca66e51a705a309e6576296c435126ac369ba41e6bff5,46.0,Joker,banker,,com.pdfdocuments.quickscannerapp,2023-01-12 09:03:33+00:00,eligible_current_governed,eb46541e2991a20c20fca66e51a705a309e6576296c435126ac369ba41e6bff5,46.0,Joker,banker,,com.pdfdocuments.quickscannerapp,2023-01-12 09:03:33+00:00,True,True,True
15385,dcd949e9bfef29b2fdd6c1e613c34a5e322d3869a52f58e19fb5d09fc8ab6a8e,46.0,Joker,banker,,com.pianor.rhymes.kidspiano,2025-08-30 03:54:52+00:00,eligible_current_governed,dcd949e9bfef29b2fdd6c1e613c34a5e322d3869a52f58e19fb5d09fc8ab6a8e,46.0,Joker,banker,,com.pianor.rhymes.kidspiano,2025-08-30 03:54:52+00:00,True,True,True
15387,a4c2b61a4899b6bec30c5a068b54888b51ecc9829953bec273389c749868a155,46.0,Joker,banker,,com.goldfind.detector.metaldetector,2025-08-30 02:56:32+00:00,eligible_current_governed,a4c2b61a4899b6bec30c5a068b54888b51ecc9829953bec273389c749868a155,46.0,Joker,banker,,com.goldfind.detector.metaldetector,2025-08-30 02:56:32+00:00,True,True,True
15389,51a609fd998464fa8a7b21d3760890c1c4466b9da6c4a9c15a17dec2ff99d455,46.0,Joker,banker,,com.mohana.eaucgaw.emojimaker,2025-08-30 03:00:52+00:00,eligible_current_governed,51a609fd998464fa8a7b21d3760890c1c4466b9da6c4a9c15a17dec2ff99d455,46.0,Joker,banker,,com.mohana.eaucgaw.emojimaker,2025-08-30 03:00:52+00:00,True,True,True
15391,8f62b5b52cfa7681282abf1bf91ea5a6f6b819b7e9cab717e67ac664b404fdfd,46.0,Joker,banker,,com.milih.itlgtfile,2025-08-30 03:06:55+00:00,eligible_current_governed,8f62b5b52cfa7681282abf1bf91ea5a6f6b819b7e9cab717e67ac664b404fdfd,46.0,Joker,banker,,com.milih.itlgtfile,2025-08-30 03:06:55+00:00,True,True,True
15393,ad729ff3963682680bbef0d1345e743938dac29792a96b6f64fd048509aea140,41.0,Zanubis,banker,,p4d236d9a.p34240997.p9a09b4df,2022-10-12 15:13:23+00:00,eligible_current_governed,ad729ff3963682680bbef0d1345e743938dac29792a96b6f64fd048509aea140,41.0,Zanubis,banker,,p4d236d9a.p34240997.p9a09b4df,2022-10-12 15:13:23+00:00,True,True,True
15395,4560c27d6656bcf5f5f4d101daab3ccdd5f0edd4f5b279b66464019a7cbe9aba,41.0,Zanubis,banker,,p4d236d9a.p34240997.p9a09b4df,2022-10-10 18:40:26+00:00,eligible_current_governed,4560c27d6656bcf5f5f4d101daab3ccdd5f0edd4f5b279b66464019a7cbe9aba,41.0,Zanubis,banker,,p4d236d9a.p34240997.p9a09b4df,2022-10-10 18:40:26+00:00,True,True,True
15397,675311bc99ec432a7c4bfe39fa27903f082dac3f565244ff42157f8ce2019429,41.0,Zanubis,banker,,,2022-08-11 19:51:12+00:00,eligible_current_governed,675311bc99ec432a7c4bfe39fa27903f082dac3f565244ff42157f8ce2019429,41.0,Zanubis,banker,,,2022-08-11 19:51:12+00:00,True,True,True
15399,f57db447aeb108c2072f81db7905fae009bf2122001ee2ff617d8987c283f95f,41.0,Zanubis,banker,,,2022-08-25 20:43:38+00:00,eligible_current_governed,f57db447aeb108c2072f81db7905fae009bf2122001ee2ff617d8987c283f95f,41.0,Zanubis,banker,,,2022-08-25 20:43:38+00:00,True,True,True
15401,95242e1d105de9c33b2c9d8a9514f58327ca32d7d24af9af19ff3f0d075ea451,41.0,Zanubis,banker,,com.personal.pdf,2022-08-11 19:50:28+00:00,eligible_current_governed,95242e1d105de9c33b2c9d8a9514f58327ca32d7d24af9af19ff3f0d075ea451,41.0,Zanubis,banker,,com.personal.pdf,2022-08-11 19:50:28+00:00,True,True,True
15403,0198b8fa11bf9e8442defa00befa2ab224ada5ebb4a60256f2bf5fc491cca0a1,41.0,Zanubis,banker,,com.personal.pdf,2022-08-27 16:40:43+00:00,eligible_current_governed,0198b8fa11bf9e8442defa00befa2ab224ada5ebb4a60256f2bf5fc491cca0a1,41.0,Zanubis,banker,,com.personal.pdf,2022-08-27 16:40:43+00:00,True,True,True
15405,33adbff1a79da4a3fde49cececac5a6b99bf217be0c6db6cdf85a46bf2087e57,41.0,Zanubis,banker,,com.personal.pdf,2022-08-25 20:42:46+00:00,eligible_current_governed,33adbff1a79da4a3fde49cececac5a6b99bf217be0c6db6cdf85a46bf2087e57,41.0,Zanubis,banker,,com.personal.pdf,2022-08-25 20:42:46+00:00,True,True,True
15553,3a12faa17974d04606c3479854d8df95261dfffa46e5262c8e8e275ca11b514f,129.0,Wroba,banker,,wtg.kmu.hzg.ktmkbg,2021-11-05 04:12:40+00:00,below_min_samples_per_family,,,,,,,,True,False,True
15554,1e41a9f204ed3bf567eb955f9dae119213cdf4fa3c6dacaa9bb21e95dace021f,129.0,Wroba,banker,,rhkke.fjyt.nbz.fryey,2021-11-18 05:25:13+00:00,below_min_samples_per_family,,,,,,,,True,False,True
15555,2e8b278dc2bfcce5d043f0846a34bf92dccedbd58b8b17152ebffb18a341655f,129.0,Wroba,banker,,yutlwa.gn.lpo.bltkv,2021-11-05 04:12:26+00:00,below_min_samples_per_family,,,,,,,,True,False,True
15556,485f7547ba30886b5a771e3df105665772d5ff3872b4683bcb3dea8ee2aca2c9,129.0,Wroba,banker,,oiami.ywtu.qlaj.ojpoc.jzr.xhdd,2021-11-05 04:12:52+00:00,below_min_samples_per_family,,,,,,,,True,False,True
15557,30bdf42374a5bb6a83be08f9667e0a9395e411f911dab08d9c0814d30fb0e260,129.0,Wroba,banker,,dbsdlx.ubbt.cplua.lsund,2021-11-05 04:11:53+00:00,below_min_samples_per_family,,,,,,,,True,False,True
15558,919e6daae2ff6348006f22e9ecc040198d9d49d6156e00ddbbffcb1342e6bbd4,47.0,RoamingMantis,banker,,com.xpav.qmgj,2020-08-12 00:00:00+00:00,below_min_samples_per_family,,,,,,,,True,False,True
15559,b70c60456d1a6cf5ea71355ece42e170bec28289a6f3bb6c57fbf068a89a197e,129.0,Wroba,banker,,zhu.wei.mai.lai,2020-01-14 03:51:14+00:00,below_min_samples_per_family,,,,,,,,True,False,True
15572,4cfeb0169a27990ef25ea453ec31268f7885e025783898e97543cb98e2e26121,129.0,Wroba,banker,,rtysd.edfsat.fsg,2025-02-11 00:00:00+00:00,below_min_samples_per_family,,,,,,,,True,False,True
15575,c65318aa58c9091b938948b62c4b5d6e47237697d8d2f96863f99ef177b6818d,129.0,Wroba,banker,,ghd.et.hds,2025-02-11 00:00:00+00:00,below_min_samples_per_family,,,,,,,,True,False,True
15577,7595c97eb7f2ff4da237746cdac7992df6a4963dcf2f96c9ae19f7a2dc8c88f7,129.0,Wroba,banker,,rdsysd.edfdsat.fsg,2025-02-11 00:00:00+00:00,below_min_samples_per_family,,,,,,,,True,False,True
15578,7e49b7c6ed359b4e910e8d4d2c9436d99cddeb7f9af2e2f1082d0ca45d469566,129.0,Wroba,banker,,jfgh.rtw.ghm,2025-02-11 00:00:00+00:00,below_min_samples_per_family,,,,,,,,True,False,True
15582,dcdcacafacb1f8a9474ff714dd418e0104e854b87ad07220ce5e4564568ce997,62.0,BRATA,banker,,com.vivointernetgratis,2022-11-29 00:00:00+00:00,below_min_samples_per_family,,,,,,,,True,False,True
15583,5395936963df4d72b365fd30ab52a00a88f8a5f75336ba84ac8a9fc369e0f811,47.0,RoamingMantis,banker,,com.waatt25,2022-11-29 00:00:00+00:00,below_min_samples_per_family,,,,,,,,True,False,True
15584,b64123e4ff92cd7be104b21ca0deaefd89e8270572746c61efc3e7cd05999b5d,62.0,BRATA,banker,,com.wac2ef,2022-11-29 00:00:00+00:00,below_min_samples_per_family,,,,,,,,True,False,True
20323,070640095c935c245f960e4e2e3e93720dd57465c81fa9c72426ee008c627bf3,32.0,Albiriox,banker,,,2025-12-02 00:00:00+00:00,below_min_samples_per_family,,,,,,,,True,False,True
20324,5e14181839816bbb4b55badc91f29d382e8d6f603eec2ed8f8b731c35def6b59,32.0,Albiriox,banker,,,2025-12-02 00:00:00+00:00,below_min_samples_per_family,,,,,,,,True,False,True
20325,630b047722d553495def3b8e744f2f621209e1a77389c09a9a972eeb243f9ed8,32.0,Albiriox,banker,,,2025-12-02 00:00:00+00:00,below_min_samples_per_family,,,,,,,,True,False,True
20326,a0c9d6eb1932c96a11301c00cf96ce9767fb11401e090f215f972df06b09a878,32.0,Albiriox,banker,,com.nmz.nmz,2025-12-02 00:00:00+00:00,below_min_samples_per_family,,,,,,,,True,False,True
20327,3269a0116ce0915afdd32e8d87b05ae9f5c00fcf0a6729add39a6a87aaf30089,32.0,Albiriox,banker,,,2025-12-10 10:57:43+00:00,below_min_samples_per_family,,,,,,,,True,False,True
20328,d076268a34eb62ba17aaf3cfb244998bd3a1a9a4c1ca98d21944d94da30f42a8,33.0,PromptSpy,spyware,,com.morganarg.appupdate,2026-02-19 00:00:00+00:00,outside_time_window,,,,,,,,True,False,True
20330,468eed1131e4b562ae32ff2734d9feb37c9b8e2097df05431867279614c8502a,33.0,PromptSpy,spyware,,com.morganarg.appupdate,2026-02-19 00:00:00+00:00,outside_time_window,,,,,,,,True,False,True
20332,db7a1c352c7d1ac75e0ba31b71cf4b0e3304a22b8d0d636fa80b5d5095be1e00,33.0,PromptSpy,spyware,,net.ustexas.ami,2026-02-19 00:00:00+00:00,outside_time_window,,,,,,,,True,False,True
20334,4ee3b09dd9a787ebbb02a637f8af192a7e91d4b7af1515d8e5c21e1233f0f1c7,33.0,PromptSpy,spyware,,com.morganarg.appupdate,2026-02-19 00:00:00+00:00,outside_time_window,,,,,,,,True,False,True
20336,b420b96e0d76702f51ba0e3364da881aaf766e00538059e58fec6b7676a68e6c,33.0,PromptSpy,spyware,,nlll4.un7o6.q38l5,2026-02-19 00:00:00+00:00,outside_time_window,,,,,,,,True,False,True
20338,11f5c91d24c9d1eee16dacacfb9160e299544c1a854af92f79daf88364cea0b6,33.0,PromptSpy,spyware,,net.ustexas.myavlive,2026-02-19 00:00:00+00:00,outside_time_window,,,,,,,,True,False,True
20340,4284e6bbc2fc274d8b0a1f37f91408efc0404e4cae0ba28abc4d583bc59af6bd,19.0,TrickMo,banker,,net.dress.absorb,2026-02-09 12:38:40+00:00,outside_time_window,,,,,,,,True,False,True
20342,6eb525100f54b9a830cd2d0f1169b053edb55332b2be73dd29a8b165b9ccdbf5,19.0,TrickMo,banker,,semplo.ic327.skin,2026-01-13 13:02:11+00:00,outside_time_window,,,,,,,,True,False,True
20344,0e69f3d10ba88974c47a9ce83a095a29e9ac3de66b0441db60624fbe0772f6c3,19.0,TrickMo,banker,,,2026-01-04 03:01:29+00:00,outside_time_window,,,,,,,,True,False,True
20346,d0d4ef735a8bf076d81a6f3651d6bcfd8c69285049add2e6b6bee1276a99c37c,19.0,TrickMo,banker,,,2025-12-25 09:02:14+00:00,eligible_current_governed,d0d4ef735a8bf076d81a6f3651d6bcfd8c69285049add2e6b6bee1276a99c37c,19.0,TrickMo,banker,,,2025-12-25 09:02:14+00:00,True,True,True
20348,7593b0f4bc4c52cb359196f35868636b319641b01c8db9f662076285739a0505,19.0,TrickMo,banker,,foxship.nakula.gasking13,2025-12-28 08:04:53+00:00,eligible_current_governed,7593b0f4bc4c52cb359196f35868636b319641b01c8db9f662076285739a0505,19.0,TrickMo,banker,,foxship.nakula.gasking13,2025-12-28 08:04:53+00:00,True,True,True
20350,6f58b07b5ddabc29c9c7e7165349edbd2bee923446514044d67040de2f36664a,19.0,TrickMo,banker,,,2025-12-25 08:55:50+00:00,eligible_current_governed,6f58b07b5ddabc29c9c7e7165349edbd2bee923446514044d67040de2f36664a,19.0,TrickMo,banker,,,2025-12-25 08:55:50+00:00,True,True,True
20352,5885804ac3fbd9a06595b9314b77898747b2f9b8a7624f72d402f5d5c5baac68,19.0,TrickMo,banker,,,2025-12-25 08:54:36+00:00,eligible_current_governed,5885804ac3fbd9a06595b9314b77898747b2f9b8a7624f72d402f5d5c5baac68,19.0,TrickMo,banker,,,2025-12-25 08:54:36+00:00,True,True,True
20354,d17d2f0ab340d52c83e59d3d7d6636d92e15f23a9a70b4f402c5af54cfc291af,86.0,RewardSteal,banker,,,2026-01-03 14:01:54+00:00,outside_time_window,,,,,,,,True,False,True
20356,6743e5b892d0192dd8498e99fa608f1f0b2d98c5437dc274f6eaa211bb60046c,36.0,SpyNote,rat,,nhurm.grze.tzhsqb,2025-06-02 18:06:40+00:00,eligible_current_governed,6743e5b892d0192dd8498e99fa608f1f0b2d98c5437dc274f6eaa211bb60046c,36.0,SpyNote,rat,,nhurm.grze.tzhsqb,2025-06-02 18:06:40+00:00,True,True,True
20380,33ece8395604682f2c428a5b7a11e562b836f44f7b6fbb0caaa84bfa80d0c8ff,48.0,Coper,banker,,com.wreck.chef,2025-05-02 08:02:15+00:00,below_min_samples_per_family,,,,,,,,True,False,True
20382,73aef1d852c9c4001b1a7db673e03417d30f489e56db5813a8757866c2641028,48.0,Coper,banker,,com.lessfire68,2026-02-03 06:57:39+00:00,outside_time_window,,,,,,,,True,False,True
20384,9a1ac04b85cc6f35cd83382f258254556a37f1fc314020dbecbde033caa00a8d,48.0,Coper,banker,,com.callfrom29,2026-02-03 07:17:14+00:00,outside_time_window,,,,,,,,True,False,True
20386,faa774978f43368357f553a1e45a2f9465fcfa50c6c09dbf6004304db03bc641,48.0,Coper,banker,,com.morningriver8,2026-02-03 07:17:10+00:00,outside_time_window,,,,,,,,True,False,True
20388,dbcf1e78a34e742832a2dbe46eec985ede3ff659c7f5801611c3b22b5a5cd379,48.0,Coper,banker,,com.soongrowy,2026-02-03 07:16:22+00:00,outside_time_window,,,,,,,,True,False,True
20390,90ac64358498e62a5718e92d9ede7c7e0fb30aa39c6cc94d4ac38010208cc255,48.0,Coper,banker,,com.selfwoodk,2026-02-03 07:16:04+00:00,outside_time_window,,,,,,,,True,False,True
20392,bae41a16babbac0bcf8280bf6a60c78331bfaf50b0b5c31cf6c55ac29c5c7c4a,48.0,Coper,banker,,com.wayeyejx,2026-02-03 07:13:04+00:00,outside_time_window,,,,,,,,True,False,True
20394,8c7dbb2080f2b862026b2d755cb01c4b484c357c7aa5e053398ee6fe497c6374,48.0,Coper,banker,,com.freeface72,2026-02-03 07:13:14+00:00,outside_time_window,,,,,,,,True,False,True
20396,6ec479136b4fb6809638e874d9d606f6d4b1f44a686f61954bb6883d548333fa,48.0,Coper,banker,,com.hardten1,2026-02-03 07:14:29+00:00,outside_time_window,,,,,,,,True,False,True
20398,88d598aa4b9272f14913d42937586992d0a5e35e656ca315e33ecaa81628f04c,48.0,Coper,banker,,com.colordo8,2026-02-03 07:14:33+00:00,outside_time_window,,,,,,,,True,False,True
20400,e104e343d5d6db290a76ac90d19917ff88d000bd891be7b9cdab1eb66525f8ea,48.0,Coper,banker,,com.ohourihe,2026-02-03 07:14:37+00:00,outside_time_window,,,,,,,,True,False,True
20402,76798397118c81edf2ef4588a60578a8700017afb98b040657b39cccdbe30009,48.0,Coper,banker,,com.rulebook90,2026-02-03 07:05:59+00:00,outside_time_window,,,,,,,,True,False,True
20404,a126d643c83163c3cf7830de9cf2fc11b6b1eca77e10e0ce48e9e2edaaf2425e,48.0,Coper,banker,,com.lowcouldjr,2026-02-03 07:13:37+00:00,outside_time_window,,,,,,,,True,False,True
20406,b7273b4a1b2d2a968a890f363e256d6d6b8fdda6a63280e673262f221c76a1fc,48.0,Coper,banker,,com.lookbedrn,2026-02-03 07:13:22+00:00,outside_time_window,,,,,,,,True,False,True
20408,3434bad9d01dad7ad4e7525a3936c527376699e3505e70171b083c1226f0e90c,48.0,Coper,banker,,com.longthese3,2026-02-03 07:11:10+00:00,outside_time_window,,,,,,,,True,False,True
20410,80448bc12448336f023d890b29ebf2a854f325ad010aa05d2f632870be9c8677,48.0,Coper,banker,,com.greatlet3,2026-02-03 07:06:23+00:00,outside_time_window,,,,,,,,True,False,True
20412,5f6016b9bcaf98d2276187b7ef74a1662bd7e21e610ebed2b2ce5a7aea799600,48.0,Coper,banker,,com.statedown68,2026-02-03 07:03:56+00:00,outside_time_window,,,,,,,,True,False,True
20414,44ce621f601a8c68f8984324e2883cb431adcae410a60a36f6f252ad5d0fd467,48.0,Coper,banker,,com.lotas2,2026-02-03 07:11:48+00:00,outside_time_window,,,,,,,,True,False,True
20416,97886afc752048f8d8044120044ac7396e50b78b74b7e0077b8881b4eee7da6a,48.0,Coper,banker,,com.soundpass9,2026-02-03 07:11:52+00:00,outside_time_window,,,,,,,,True,False,True
20418,5a2306804771a975f692d6cc1cbaf06af1b86273301b3af8069f4d36a27d3866,48.0,Coper,banker,,com.whomotherxf,2026-02-03 07:11:56+00:00,outside_time_window,,,,,,,,True,False,True
20420,44612fabf9a13d78f845f0932c6f332647684c8017f5a8410ec24b483a186e27,48.0,Coper,banker,,com.inchage62,2026-02-03 07:11:05+00:00,outside_time_window,,,,,,,,True,False,True
20422,fcf61a8a80a61ffb6c29ae60f334cbb9d9054026576a873b9d1a71013c8d0737,48.0,Coper,banker,,com.familystateguhp,2026-02-03 07:10:45+00:00,outside_time_window,,,,,,,,True,False,True
20424,a4fd3292b7bc5800f8d9b3a3e4c6a757daeb0800cae762cf2294012cee5604f5,48.0,Coper,banker,,com.mountainkind97,2026-01-28 18:45:10+00:00,outside_time_window,,,,,,,,True,False,True
20426,0027c816cc740251e8f2d271cbaf7397706a1db07cc14b842d962fee8991daf6,48.0,Coper,banker,,com.possiblefound63,2026-01-29 14:35:15+00:00,outside_time_window,,,,,,,,True,False,True
20428,55c111e642c6aebcb75fc9db89def8adcd73ae1d5eb6b11b7c8dc590d14d0804,48.0,Coper,banker,,,2025-08-13 18:24:03+00:00,below_min_samples_per_family,,,,,,,,True,False,True
20430,02cd74a277a19ef59375d44e6111c5c887a2dd2313a2a7129c98e5967dc69ecc,48.0,Coper,banker,,com.sgakagak.agakagabs,2025-12-30 12:21:14+00:00,below_min_samples_per_family,,,,,,,,True,False,True
20432,b89c57f8781f121938b50631295f96ddf25f18616dcfb4862a7a87a61f0bf7ad,48.0,Coper,banker,,com.bestsincelbm,2025-12-03 12:51:58+00:00,below_min_samples_per_family,,,,,,,,True,False,True
20434,144cb58badccd0d201ef6b9befef75f7a2860cf6b978b14d9acf9b77a6a3fdfb,34.0,Octo,banker,,com.standhave03,2023-02-09 00:00:00+00:00,below_min_samples_per_family,,,,,,,,True,False,True
20436,45dbfe5c6e12786ec990276f88c3650c2aaa7776a2304813397f193660365413,34.0,Octo,banker,,com.gavetopydw,2023-02-09 00:00:00+00:00,below_min_samples_per_family,,,,,,,,True,False,True
20438,201247484840a2db692f6f3011312e0b1ff74d31c55ac23f71d149b8c6f0e2b3,34.0,Octo,banker,,com.freeroad11,2023-01-27 15:40:39+00:00,below_min_samples_per_family,,,,,,,,True,False,True
20440,846a04a5a04dad7129abe56d82b0578d4e2af6d6f73cfdf9de364c001d00c24d,34.0,Octo,banker,,com.riverfront8,2023-09-25 19:17:31+00:00,below_min_samples_per_family,,,,,,,,True,False,True
20442,5ad51d421227bc9976e9e9cdb9c37b6461a82e60efe0591a7a7014ec8e1f0379,34.0,Octo,banker,,com.broughtbluea,2023-11-29 22:15:29+00:00,below_min_samples_per_family,,,,,,,,True,False,True
20444,0a2f1bdec6df99d0de397ffdd63f1c89341b7bd53fa4dd5868e567109fdd507f,34.0,Octo,banker,,com.portnight,2023-12-26 19:45:34+00:00,below_min_samples_per_family,,,,,,,,True,False,True
20446,ca3da13d69ce07ed9b31314f2404f9c6a2235067406b545d7b00517258cee9d6,34.0,Octo,banker,,com.atlotzowj,2024-07-23 13:19:24+00:00,below_min_samples_per_family,,,,,,,,True,False,True
20448,795b279f312a773f7f556a978387f1b682f93470db4c1b5f9cd6ca2cab1399b6,107.0,Piom,banker,,com.vijz.kvqwjfq.ikqzrej,2021-09-10 07:11:39+00:00,below_min_samples_per_family,,,,,,,,True,False,True
20450,1981394e719bdfd9e29d57386d8ca05ceecc2ddd31f658255c068d6963df17c1,1.0,Anubis,banker,,com.kghlbqvf.kcanlzw.ksy,2021-10-06 17:17:03+00:00,below_min_samples_per_family,,,,,,,,True,False,True
20452,6f7e57ed7239905fafc3947160b5fc89ad615772d2a694299999d2fe080453f4,18.0,SOVA,banker,,com.armed.little,2023-02-20 05:01:55+00:00,below_min_samples_per_family,,,,,,,,True,False,True
20454,bbaf483c2b6f67f22eb6e1fa00f200e9c1e201b0110070acaefd416cf846b1aa,18.0,SOVA,banker,,com.crop.horse,2023-03-07 17:01:40+00:00,below_min_samples_per_family,,,,,,,,True,False,True
20456,15eae9134dac9268cbf005c23299c88dd5c5176a240201da751691a543375360,18.0,SOVA,banker,,com.civil.concert,2023-03-07 15:08:40+00:00,below_min_samples_per_family,,,,,,,,True,False,True
20458,ec5b083c017570f846f6925b7c79d9e5886525a9b7ba7e514dabad0325c0af5e,18.0,SOVA,banker,,com.royal.bottom,2023-03-12 07:39:07+00:00,below_min_samples_per_family,,,,,,,,True,False,True
20460,f3fc80a8793e60a901da44b9ab315931699e64a4f3eddb8aba839fe860de46dc,18.0,SOVA,banker,,com.card.gift,2023-03-12 08:49:38+00:00,below_min_samples_per_family,,,,,,,,True,False,True
20462,e6e736df1923c47f6624dab18bf6a341995b5e756395256aa0b3f4c43594481a,8.0,EventBot,banker,,com.cff4fcb7fa3ebdc13f.c8b4069c84dcba20f7,2021-02-10 12:37:21+00:00,below_min_samples_per_family,,,,,,,,True,False,True
20506,f4bbe4ba4d356d58894e479edf628ece3e3928d10e7c699d3cba0ce2ecf6613b,50.0,TangleBot,spyware,,,2025-09-13 08:29:45+00:00,below_min_samples_per_family,,,,,,,,True,False,True
20508,85f9dcf4e31a43ac871c044ae1c209dc26ef2499a02edfe7225b885e0c312036,50.0,TangleBot,spyware,,Com.dhnpayopremnhipayo.bedluckorgoodbut.imstillherebutdrunkerman.afosshprkikru.janbakakhah.bhaitusmjhaokharmfulmathonede.plz.bhai.plz.dsti,2025-09-03 10:36:46+00:00,below_min_samples_per_family,,,,,,,,True,False,True
20512,f633b69b4028f9cde42c72b796d3cafb525d935b9ab71a68cc4e74993de7fa03,50.0,TangleBot,spyware,,com.verify.weirdnp,2025-08-07 20:28:18+00:00,below_min_samples_per_family,,,,,,,,True,False,True
20520,4ce84f4efe623a11b395038c8e324e2d744cc53c7aefcb33243bc3f0bba4b64d,50.0,TangleBot,spyware,,com.google.installer,2025-08-07 20:19:16+00:00,below_min_samples_per_family,,,,,,,,True,False,True
20522,d5d9b9fd3a6c5a9f44ce9ee46a32822f3e9261f4df68466fae809d58fa58a1d7,50.0,TangleBot,spyware,,com.dzxxxsofywodwzv.arhxorhznuds,2024-10-21 07:13:28+00:00,below_min_samples_per_family,,,,,,,,True,False,True
20524,bf781f7d66a8ced4929674ea81a87c814f617ef677301b5ee4b4d32c04287b68,50.0,TangleBot,spyware,,com.wrap.false,2025-05-02 05:50:07+00:00,below_min_samples_per_family,,,,,,,,True,False,True
20532,af4affff0dbdbac580b4a7b20780d41b1b7d6d1d61f9e1569b57be0f08998f8b,50.0,TangleBot,spyware,,,2025-04-08 13:07:04+00:00,below_min_samples_per_family,,,,,,,,True,False,True
20536,e95247c166a526f2bebd038ad8e583aebd59c5f212f4f5856b9164eebd07335b,50.0,TangleBot,spyware,,com.install.apk,2025-02-06 08:17:01+00:00,below_min_samples_per_family,,,,,,,,True,False,True
20538,752ac24697f9581e90655bc03fde742ea70aba5ee831ac8bbee113df3b1cab6e,50.0,TangleBot,spyware,,llop.mmyp.ddgy,2025-02-01 16:36:09+00:00,below_min_samples_per_family,,,,,,,,True,False,True
20540,7badeb43e25c4bc7772b4e62d97a7bffc84a02b8f50ea83e8ab8acb598a20bad,50.0,TangleBot,spyware,,tnt.tntn.tntnn,2025-01-27 10:51:28+00:00,below_min_samples_per_family,,,,,,,,True,False,True
20542,6098a436094f1e3e8721fb87ff36781a1a283711cc0388f608723a18132607c4,50.0,TangleBot,spyware,,la.ronilart.popmpa,2023-10-11 00:32:41+00:00,below_min_samples_per_family,,,,,,,,True,False,True
20544,34670aa23c3e50240fab2f820652f3f5d6eabf7177c6d6d4bba6c39a7b11aff9,36.0,SpyNote,rat,,dtlaxmiguptaclasses.in.net,2026-02-03 12:01:11+00:00,outside_time_window,,,,,,,,True,False,True
20546,d19edfbc70474a76b2dd6d8d0e844404f7b4c364c2278a6a668159e83310598a,36.0,SpyNote,rat,,com.serter.penerle,2026-01-01 00:00:00+00:00,outside_time_window,,,,,,,,True,False,True
20548,02944967154e515f87bb411641edd9931ea6b4a4088ab73efe87cbe7b9d5b592,36.0,SpyNote,rat,,com.fees.claim,2026-01-01 12:17:19+00:00,outside_time_window,,,,,,,,True,False,True
20550,498b9dc568e47cd06099fbedb479e78556a7cd30a8cad589b003a77e09de2c52,36.0,SpyNote,rat,,knight.garage.appearing,2025-12-28 16:13:36+00:00,eligible_current_governed,498b9dc568e47cd06099fbedb479e78556a7cd30a8cad589b003a77e09de2c52,36.0,SpyNote,rat,,knight.garage.appearing,2025-12-28 16:13:36+00:00,True,True,True
20552,4ff07276c35f5e9c6f8ec37deaa0bc4f01f033a4e717ef8ce76ef371e8eee29b,36.0,SpyNote,rat,,adoption.di.digest,2025-12-28 09:44:26+00:00,eligible_current_governed,4ff07276c35f5e9c6f8ec37deaa0bc4f01f033a4e717ef8ce76ef371e8eee29b,36.0,SpyNote,rat,,adoption.di.digest,2025-12-28 09:44:26+00:00,True,True,True
20554,d9c47a7d7e42402c3ce2dd191ea09e9f7e29b1ee8d78d9aec0a47ed7b4bcdb80,36.0,SpyNote,rat,,favorite.obj.organisation,2025-12-28 10:05:56+00:00,eligible_current_governed,d9c47a7d7e42402c3ce2dd191ea09e9f7e29b1ee8d78d9aec0a47ed7b4bcdb80,36.0,SpyNote,rat,,favorite.obj.organisation,2025-12-28 10:05:56+00:00,True,True,True
20556,5d4aa3800788f80d2a0b0460574ee3d3403c642b19e294941cd9e59b37aebae5,36.0,SpyNote,rat,,fish.britney.lambda,2025-12-27 08:03:14+00:00,eligible_current_governed,5d4aa3800788f80d2a0b0460574ee3d3403c642b19e294941cd9e59b37aebae5,36.0,SpyNote,rat,,fish.britney.lambda,2025-12-27 08:03:14+00:00,True,True,True
20558,14c47030d8220e682a1ec80c87d56c5bacf7a38abdf30df9bb532a85851259af,36.0,SpyNote,rat,,jesus.warm.spring,2025-12-04 15:15:38+00:00,eligible_current_governed,14c47030d8220e682a1ec80c87d56c5bacf7a38abdf30df9bb532a85851259af,36.0,SpyNote,rat,,jesus.warm.spring,2025-12-04 15:15:38+00:00,True,True,True
20560,84c5571ee75850514c0b09aa0f77b9ab5ea0b79bc8622371e3223810e67cd406,36.0,SpyNote,rat,,com.modulo.modulo,2025-12-04 15:14:51+00:00,eligible_current_governed,84c5571ee75850514c0b09aa0f77b9ab5ea0b79bc8622371e3223810e67cd406,36.0,SpyNote,rat,,com.modulo.modulo,2025-12-04 15:14:51+00:00,True,True,True
20562,0a7337027340ded82bcd507ed6406b25c6f44cc58c646af4eb332209f805b366,36.0,SpyNote,rat,,,2025-10-29 03:22:58+00:00,eligible_current_governed,0a7337027340ded82bcd507ed6406b25c6f44cc58c646af4eb332209f805b366,36.0,SpyNote,rat,,,2025-10-29 03:22:58+00:00,True,True,True
20564,0713a683567125ea6fdff233cfa850b36a0d2c7d7c964510405cbdf669fe2a8b,36.0,SpyNote,rat,,com.maintain.more,2025-06-02 17:37:42+00:00,eligible_current_governed,0713a683567125ea6fdff233cfa850b36a0d2c7d7c964510405cbdf669fe2a8b,36.0,SpyNote,rat,,com.maintain.more,2025-06-02 17:37:42+00:00,True,True,True
20566,f46b863952599b91a4d2d682a80f345dfa03fad473d1938f2c53a3139c87a019,36.0,SpyNote,rat,,happening.maintains.healthy,2025-06-02 06:21:53+00:00,eligible_current_governed,f46b863952599b91a4d2d682a80f345dfa03fad473d1938f2c53a3139c87a019,36.0,SpyNote,rat,,happening.maintains.healthy,2025-06-02 06:21:53+00:00,True,True,True
20568,0be8a2ecfa365ff6bf3ecbf82445a242ab6c6a5d36d53ad1b737a368fd1754a1,36.0,SpyNote,rat,,cmf0.c3b5bm90zq.patch,2025-05-31 11:49:34+00:00,eligible_current_governed,0be8a2ecfa365ff6bf3ecbf82445a242ab6c6a5d36d53ad1b737a368fd1754a1,36.0,SpyNote,rat,,cmf0.c3b5bm90zq.patch,2025-05-31 11:49:34+00:00,True,True,True
20570,ea19a7030fed1c317793e9b92f3911e0ba42b1dc58e07ac36dd0e0a614a84109,36.0,SpyNote,rat,,cmf0.c3b5bm90zq.patch,2025-05-31 11:48:27+00:00,eligible_current_governed,ea19a7030fed1c317793e9b92f3911e0ba42b1dc58e07ac36dd0e0a614a84109,36.0,SpyNote,rat,,cmf0.c3b5bm90zq.patch,2025-05-31 11:48:27+00:00,True,True,True
20572,d74ec55f29f7f8ba631ed311e8d926e53095f008e0f5d7dc738f446e7ae59ca3,36.0,SpyNote,rat,,dec.drink.strings,2025-05-26 01:58:58+00:00,eligible_current_governed,d74ec55f29f7f8ba631ed311e8d926e53095f008e0f5d7dc738f446e7ae59ca3,36.0,SpyNote,rat,,dec.drink.strings,2025-05-26 01:58:58+00:00,True,True,True
20574,e2ae3093df1bc88be2cc11f4ce2ad8017a14edf46cbaf0bd1141afc976af5715,36.0,SpyNote,rat,,com.appd.instll.load,2025-04-27 15:33:23+00:00,eligible_current_governed,e2ae3093df1bc88be2cc11f4ce2ad8017a14edf46cbaf0bd1141afc976af5715,36.0,SpyNote,rat,,com.appd.instll.load,2025-04-27 15:33:23+00:00,True,True,True
20576,f4abfa91fdf33bef80428431016386a68016e96f3453670e04a3c7dbb4cc68e3,36.0,SpyNote,rat,,com.appd.instll.load,2025-04-27 15:34:47+00:00,eligible_current_governed,f4abfa91fdf33bef80428431016386a68016e96f3453670e04a3c7dbb4cc68e3,36.0,SpyNote,rat,,com.appd.instll.load,2025-04-27 15:34:47+00:00,True,True,True
20578,9ee8a10526cca84fc20d1bb493414c93ed860573b019408515fd56a82548cd52,36.0,SpyNote,rat,,com.appd.instll.load,2025-04-22 17:26:30+00:00,eligible_current_governed,9ee8a10526cca84fc20d1bb493414c93ed860573b019408515fd56a82548cd52,36.0,SpyNote,rat,,com.appd.instll.load,2025-04-22 17:26:30+00:00,True,True,True
20580,023e02adb7e56c57feda0501fb3977dd9a62214f9983aac79c0f9d3ec0526c8b,36.0,SpyNote,rat,,com.appd.instll.load,2025-04-22 17:23:30+00:00,eligible_current_governed,023e02adb7e56c57feda0501fb3977dd9a62214f9983aac79c0f9d3ec0526c8b,36.0,SpyNote,rat,,com.appd.instll.load,2025-04-22 17:23:30+00:00,True,True,True
20582,bb2d803d314dd44e6d57e6d5f571cb6a29d0da09eb58515ef821aae02aef027d,36.0,SpyNote,rat,,length.sage.team,2025-04-27 15:19:20+00:00,eligible_current_governed,bb2d803d314dd44e6d57e6d5f571cb6a29d0da09eb58515ef821aae02aef027d,36.0,SpyNote,rat,,length.sage.team,2025-04-27 15:19:20+00:00,True,True,True
20594,e4acebbaf1008ad281cd36a9b49d7b549db310267df7ddd69e4aa82b967eb4ca,38.0,BankBot,banker,,p58nnnk6.g1yzgjjs.owr0gy,2025-12-19 07:33:12+00:00,eligible_current_governed,e4acebbaf1008ad281cd36a9b49d7b549db310267df7ddd69e4aa82b967eb4ca,38.0,BankBot,banker,,p58nnnk6.g1yzgjjs.owr0gy,2025-12-19 07:33:12+00:00,True,True,True
20596,41c84420a3c42f854dab18df1edf7ef283e60a2bf5a6a9b608bc6c7a1cf8d41e,165.0,BrowBot,banker,,com.kiwi.exejvdjxcl,2025-06-17 08:08:56+00:00,below_min_samples_per_family,,,,,,,,True,False,True
20600,d501b5fa51370043e858932e895a2ceefb17f69ba12cde70eb4062bf3af522e8,144.0,Mamont,banker,,com.example.application,2024-11-15 15:02:03+00:00,below_min_samples_per_family,,,,,,,,True,False,True
20602,e0631f4b6ea80583493f892448784695956dc42eaec9bf2a7a897c8d8aadd147,38.0,BankBot,banker,,com.example.iciciofficial,2024-08-14 04:10:59+00:00,eligible_current_governed,e0631f4b6ea80583493f892448784695956dc42eaec9bf2a7a897c8d8aadd147,38.0,BankBot,banker,,com.example.iciciofficial,2024-08-14 04:10:59+00:00,True,True,True
20604,9cdd0b8226d5612ac6ca5be00e013a67a6f1f376cbc8558332a986c5f16b51b0,38.0,BankBot,banker,,,2024-05-03 08:37:08+00:00,eligible_current_governed,9cdd0b8226d5612ac6ca5be00e013a67a6f1f376cbc8558332a986c5f16b51b0,38.0,BankBot,banker,,,2024-05-03 08:37:08+00:00,True,True,True
20606,038000aa704b98f988e032d47a151524d4bbf47a63a0129d3f984711d5497e0e,38.0,BankBot,banker,,com.jiuloisetp.muvhbmbajhun,2024-02-29 12:07:10+00:00,eligible_current_governed,038000aa704b98f988e032d47a151524d4bbf47a63a0129d3f984711d5497e0e,38.0,BankBot,banker,,com.jiuloisetp.muvhbmbajhun,2024-02-29 12:07:10+00:00,True,True,True
20608,176de2fc14fc8ef65d50f9f806ed9ab094cf4478183f5af3d410df2983dcae85,72.0,Triada,backdoor,,com.whatsappplus,2023-12-12 23:05:01+00:00,below_min_samples_per_family,,,,,,,,True,False,True
20610,a8c0df9563d945f286f7a5e73ec5a134362a28b6abe9400b2589b7eef91726cf,38.0,BankBot,banker,,com.themdont25,2023-08-13 00:00:00+00:00,eligible_current_governed,a8c0df9563d945f286f7a5e73ec5a134362a28b6abe9400b2589b7eef91726cf,38.0,BankBot,banker,,com.themdont25,2023-08-13 00:00:00+00:00,True,True,True
20612,1bdb7b83f3964b84d03694bbbc66a02f5a270043b8ac635932d9de12b81b172e,38.0,BankBot,banker,,melt.pull.leg,2021-04-13 20:51:20+00:00,eligible_current_governed,1bdb7b83f3964b84d03694bbbc66a02f5a270043b8ac635932d9de12b81b172e,38.0,BankBot,banker,,melt.pull.leg,2021-04-13 20:51:20+00:00,True,True,True
20614,50a728cd81dbc8a0fb27d8b19ef4ec730c6e14a728f36c90ec98ef8effd9a00e,38.0,BankBot,banker,,com.app.hdfc,2023-01-26 14:48:30+00:00,eligible_current_governed,50a728cd81dbc8a0fb27d8b19ef4ec730c6e14a728f36c90ec98ef8effd9a00e,38.0,BankBot,banker,,com.app.hdfc,2023-01-26 14:48:30+00:00,True,True,True
20616,7ddb7f07349d8b7e519233f1c22c12bfddeec6afcf16c683cebc0da80897b88c,38.0,BankBot,banker,,com.sample.rewards,2022-12-15 17:46:07+00:00,eligible_current_governed,7ddb7f07349d8b7e519233f1c22c12bfddeec6afcf16c683cebc0da80897b88c,38.0,BankBot,banker,,com.sample.rewards,2022-12-15 17:46:07+00:00,True,True,True
20618,d7bc1f5935f83370514f5df110997c804eb15dc2ba1ade0a7f3021940445e65b,38.0,BankBot,banker,,com.visa7394.google,2022-09-20 16:31:54+00:00,eligible_current_governed,d7bc1f5935f83370514f5df110997c804eb15dc2ba1ade0a7f3021940445e65b,38.0,BankBot,banker,,com.visa7394.google,2022-09-20 16:31:54+00:00,True,True,True
20620,a63bb91112dd68a5d80c48e0bdb9967521e4b6ad5ae83a8e81212c3b5aaa1310,38.0,BankBot,banker,,com.album18.google,2022-09-06 13:52:45+00:00,eligible_current_governed,a63bb91112dd68a5d80c48e0bdb9967521e4b6ad5ae83a8e81212c3b5aaa1310,38.0,BankBot,banker,,com.album18.google,2022-09-06 13:52:45+00:00,True,True,True
20622,1af76b536dcfcf64ad2bcaf13f4760a61588174633a2ad5e64f3d83c6e3b365d,107.0,Piom,banker,,com.ggyydx.cointree,2022-09-02 06:38:13+00:00,below_min_samples_per_family,,,,,,,,True,False,True
20624,39413b2215f225da68530fa312b08f566a7bd64e55fac70d81eefe8e5cfa6ee4,107.0,Piom,banker,,com.ggyydx.cointree,2022-09-03 00:00:00+00:00,below_min_samples_per_family,,,,,,,,True,False,True
20626,f37a395f7ca5319ef0119c7ade2e2dad6ba70b8e12f72452ef3b37a4a1c5fe5a,38.0,BankBot,banker,,com.nuklasmaroken.magera,2021-10-02 00:00:00+00:00,eligible_current_governed,f37a395f7ca5319ef0119c7ade2e2dad6ba70b8e12f72452ef3b37a4a1c5fe5a,38.0,BankBot,banker,,com.nuklasmaroken.magera,2021-10-02 00:00:00+00:00,True,True,True
20628,26916d220698b18c63534c929f4e5f99479f122023df4f01e60df7733524cc1b,38.0,BankBot,banker,,com.app.homecleaning,2022-06-21 02:42:47+00:00,eligible_current_governed,26916d220698b18c63534c929f4e5f99479f122023df4f01e60df7733524cc1b,38.0,BankBot,banker,,com.app.homecleaning,2022-06-21 02:42:47+00:00,True,True,True
20630,e28d15f225019836f9f9a977f0263379fc8d88c1339aaa12f4ca52c16f18928c,38.0,BankBot,banker,,com.october.arrive,2021-12-27 13:21:37+00:00,eligible_current_governed,e28d15f225019836f9f9a977f0263379fc8d88c1339aaa12f4ca52c16f18928c,38.0,BankBot,banker,,com.october.arrive,2021-12-27 13:21:37+00:00,True,True,True
20632,486d6a713d8c907df70a919729ac685328ab91a8977c2e352165640c4bd4d507,111.0,UBEL,banker,,hrevxqea.hgistuqw,2021-10-21 00:00:00+00:00,below_min_samples_per_family,,,,,,,,True,False,True
20634,d97aab6e351401596e170f056c3833bfd709cf44a2db97739a9129910fe2ece1,38.0,BankBot,banker,,com.yzojnxnf.buzdnua,2020-07-03 00:00:00+00:00,eligible_current_governed,d97aab6e351401596e170f056c3833bfd709cf44a2db97739a9129910fe2ece1,38.0,BankBot,banker,,com.yzojnxnf.buzdnua,2020-07-03 00:00:00+00:00,True,True,True
20636,a8c9c4f38f72cf8cd3cd819936f1c1ea9670541ded180327f7b096a3370f2186,38.0,BankBot,banker,,com.orkpykqr.voqdvnd,2020-07-03 00:00:00+00:00,eligible_current_governed,a8c9c4f38f72cf8cd3cd819936f1c1ea9670541ded180327f7b096a3370f2186,38.0,BankBot,banker,,com.orkpykqr.voqdvnd,2020-07-03 00:00:00+00:00,True,True,True
20638,e30a471eb9b435c0bd1c0cd077b3ff78f114bd77cfe922f061b09d6a2ab34ff5,38.0,BankBot,banker,,com.yekogrzb.jcbdtni,2020-07-03 00:00:00+00:00,eligible_current_governed,e30a471eb9b435c0bd1c0cd077b3ff78f114bd77cfe922f061b09d6a2ab34ff5,38.0,BankBot,banker,,com.yekogrzb.jcbdtni,2020-07-03 00:00:00+00:00,True,True,True
20640,adca984304f23557bbab99360a86e331ac018d15c9fbdbcb286c9f7ecf2f53df,38.0,BankBot,banker,,com.wbyjkbij.oljtmmc,2020-07-03 00:00:00+00:00,eligible_current_governed,adca984304f23557bbab99360a86e331ac018d15c9fbdbcb286c9f7ecf2f53df,38.0,BankBot,banker,,com.wbyjkbij.oljtmmc,2020-07-03 00:00:00+00:00,True,True,True
39245,725fb7b6f3f1d93a5a2d1e2f504062609663dc1ca268d2293274fd538e0fc5a5,184.0,ArsinkRAT,rat,Zimperium IOC,com.redx.Attacker,2025-05-23 16:53:27+00:00,eligible_current_governed,725fb7b6f3f1d93a5a2d1e2f504062609663dc1ca268d2293274fd538e0fc5a5,184.0,ArsinkRAT,rat,Zimperium IOC,com.redx.Attacker,2025-05-23 16:53:27+00:00,False,True,True
39246,b5b751632cb7846f768edfbf57f9ee90cfd904924f2d48bea289c3c8b72e1d4c,184.0,ArsinkRAT,rat,Zimperium IOC,com.ck.Spy,2025-03-30 11:47:48+00:00,eligible_current_governed,b5b751632cb7846f768edfbf57f9ee90cfd904924f2d48bea289c3c8b72e1d4c,184.0,ArsinkRAT,rat,Zimperium IOC,com.ck.Spy,2025-03-30 11:47:48+00:00,False,True,True
39247,7ceca5a87d4ca6c6a886323ca9f3ca828fa5a8aaf7d390f58ea58bc277cca10a,184.0,ArsinkRAT,rat,Zimperium IOC,com.make.money,2025-07-30 15:07:52+00:00,eligible_current_governed,7ceca5a87d4ca6c6a886323ca9f3ca828fa5a8aaf7d390f58ea58bc277cca10a,184.0,ArsinkRAT,rat,Zimperium IOC,com.make.money,2025-07-30 15:07:52+00:00,False,True,True
39248,b176e8b7fcac64b698171da11aea39dae3f7bac9c935c70cfc5bdcee5b099783,184.0,ArsinkRAT,rat,Zimperium IOC,com.my.victim,2025-06-21 22:01:22+00:00,eligible_current_governed,b176e8b7fcac64b698171da11aea39dae3f7bac9c935c70cfc5bdcee5b099783,184.0,ArsinkRAT,rat,Zimperium IOC,com.my.victim,2025-06-21 22:01:22+00:00,False,True,True
39249,772ac3f12d6039567a156321d19d30f4515ce1e1213b689b223630ddc9fb1125,184.0,ArsinkRAT,rat,Zimperium IOC,,2025-04-20 22:54:40+00:00,eligible_current_governed,772ac3f12d6039567a156321d19d30f4515ce1e1213b689b223630ddc9fb1125,184.0,ArsinkRAT,rat,Zimperium IOC,,2025-04-20 22:54:40+00:00,False,True,True
39250,3b3928f14577c1a5245d92c665a0cadd4577b2f24092aad88f41273bf8617679,184.0,ArsinkRAT,rat,Zimperium IOC,com.sisuryaofficial.april1,2025-04-20 00:32:01+00:00,eligible_current_governed,3b3928f14577c1a5245d92c665a0cadd4577b2f24092aad88f41273bf8617679,184.0,ArsinkRAT,rat,Zimperium IOC,com.sisuryaofficial.april1,2025-04-20 00:32:01+00:00,False,True,True
39251,ff9788a168967a44bbcffb9f20ab05caac0fb8a54dd709bb52f9b7ec04085b69,184.0,ArsinkRAT,rat,Zimperium IOC,nikola.tesla,2025-04-03 12:39:52+00:00,eligible_current_governed,ff9788a168967a44bbcffb9f20ab05caac0fb8a54dd709bb52f9b7ec04085b69,184.0,ArsinkRAT,rat,Zimperium IOC,nikola.tesla,2025-04-03 12:39:52+00:00,False,True,True
39252,5c2153e8ba9b553b72551a95031501c51f9505c91b594525cc080ed37a1078e3,184.0,ArsinkRAT,rat,Zimperium IOC,com.ghostrat,2025-10-18 07:00:37+00:00,eligible_current_governed,5c2153e8ba9b553b72551a95031501c51f9505c91b594525cc080ed37a1078e3,184.0,ArsinkRAT,rat,Zimperium IOC,com.ghostrat,2025-10-18 07:00:37+00:00,False,True,True
39253,1f25be04f5052772c88a305e6520c9821a704ae74929bbfe4527fe1cfa0ed06b,184.0,ArsinkRAT,rat,Zimperium IOC,com.freesmm.in,2025-03-01 11:05:24+00:00,eligible_current_governed,1f25be04f5052772c88a305e6520c9821a704ae74929bbfe4527fe1cfa0ed06b,184.0,ArsinkRAT,rat,Zimperium IOC,com.freesmm.in,2025-03-01 11:05:24+00:00,False,True,True
39254,3a15c18c53127392d5b08098e5164d533828bb98c83941f23ba07438d3ddec77,184.0,ArsinkRAT,rat,Zimperium IOC,com.sms.use,2025-04-01 05:50:31+00:00,eligible_current_governed,3a15c18c53127392d5b08098e5164d533828bb98c83941f23ba07438d3ddec77,184.0,ArsinkRAT,rat,Zimperium IOC,com.sms.use,2025-04-01 05:50:31+00:00,False,True,True
39255,4d804d4bd124aa06e15e402b04e19976335a9192e668f8c70e8074033d2bccee,184.0,ArsinkRAT,rat,Zimperium IOC,com.sisuryaofficial.panel.ptro,2025-10-10 11:31:49+00:00,eligible_current_governed,4d804d4bd124aa06e15e402b04e19976335a9192e668f8c70e8074033d2bccee,184.0,ArsinkRAT,rat,Zimperium IOC,com.sisuryaofficial.panel.ptro,2025-10-10 11:31:49+00:00,False,True,True
39256,e5df6e246221f94acb1526525e208153d2033c91d3e7c71b647d8fc9bf158028,184.0,ArsinkRAT,rat,Zimperium IOC,nikola.tesla,2025-06-26 13:39:32+00:00,eligible_current_governed,e5df6e246221f94acb1526525e208153d2033c91d3e7c71b647d8fc9bf158028,184.0,ArsinkRAT,rat,Zimperium IOC,nikola.tesla,2025-06-26 13:39:32+00:00,False,True,True
39257,f2acafddb572f75353cbf520ec5d4b4d4692549a842aff063c55526ead312e35,184.0,ArsinkRAT,rat,Zimperium IOC,com.sisuryaofficial.april1,2025-07-04 10:32:58+00:00,eligible_current_governed,f2acafddb572f75353cbf520ec5d4b4d4692549a842aff063c55526ead312e35,184.0,ArsinkRAT,rat,Zimperium IOC,com.sisuryaofficial.april1,2025-07-04 10:32:58+00:00,False,True,True
39258,f607898ce04b80a7247f4cf998dce0984d865d35d4837e9516fc688b526083f4,184.0,ArsinkRAT,rat,Zimperium IOC,com.app,2025-06-25 18:33:26+00:00,eligible_current_governed,f607898ce04b80a7247f4cf998dce0984d865d35d4837e9516fc688b526083f4,184.0,ArsinkRAT,rat,Zimperium IOC,com.app,2025-06-25 18:33:26+00:00,False,True,True
39259,5c5313c2d1753326ee6357127fb8ef1ba6d49e540b9da9de5ab8050d86114bff,184.0,ArsinkRAT,rat,Zimperium IOC,nikola.tesla,2025-05-24 08:08:46+00:00,eligible_current_governed,5c5313c2d1753326ee6357127fb8ef1ba6d49e540b9da9de5ab8050d86114bff,184.0,ArsinkRAT,rat,Zimperium IOC,nikola.tesla,2025-05-24 08:08:46+00:00,False,True,True
39260,40b9a3197b761f696d82d996d2517bfb6f13c83be5a0c9ef1269e13e153d882c,184.0,ArsinkRAT,rat,Zimperium IOC,com.kcstream.cingmod,2025-09-24 01:10:59+00:00,eligible_current_governed,40b9a3197b761f696d82d996d2517bfb6f13c83be5a0c9ef1269e13e153d882c,184.0,ArsinkRAT,rat,Zimperium IOC,com.kcstream.cingmod,2025-09-24 01:10:59+00:00,False,True,True
39261,dfb4768e39c332d70452377232b329067c1aec2ec6b3e69a1959f7436ddf7e90,184.0,ArsinkRAT,rat,Zimperium IOC,nikola.tesla,2025-05-15 16:10:53+00:00,eligible_current_governed,dfb4768e39c332d70452377232b329067c1aec2ec6b3e69a1959f7436ddf7e90,184.0,ArsinkRAT,rat,Zimperium IOC,nikola.tesla,2025-05-15 16:10:53+00:00,False,True,True
39262,af219528b65a1389997a14b08e440ae4015d2166730e60a0e272029251cc9e2f,184.0,ArsinkRAT,rat,Zimperium IOC,com.surxmtdsban1,2025-06-22 08:53:17+00:00,eligible_current_governed,af219528b65a1389997a14b08e440ae4015d2166730e60a0e272029251cc9e2f,184.0,ArsinkRAT,rat,Zimperium IOC,com.surxmtdsban1,2025-06-22 08:53:17+00:00,False,True,True
39263,edd08e678203c16cfb96ee32f70925aba34cf000d7569a0d3959d7a2a190422e,184.0,ArsinkRAT,rat,Zimperium IOC,com.metodsbansut0101,2025-04-22 07:30:55+00:00,eligible_current_governed,edd08e678203c16cfb96ee32f70925aba34cf000d7569a0d3959d7a2a190422e,184.0,ArsinkRAT,rat,Zimperium IOC,com.metodsbansut0101,2025-04-22 07:30:55+00:00,False,True,True
39264,21fec1a465bd20a72e8632153c5fe72af04f23302d08dcbb44022568c2bf92f4,184.0,ArsinkRAT,rat,Zimperium IOC,com.gameboostergfx,2025-05-20 21:45:59+00:00,eligible_current_governed,21fec1a465bd20a72e8632153c5fe72af04f23302d08dcbb44022568c2bf92f4,184.0,ArsinkRAT,rat,Zimperium IOC,com.gameboostergfx,2025-05-20 21:45:59+00:00,False,True,True
39265,30299c54084970403ed39b0efc3c2871ea6c3cfe2983fec00acb4aea695ab132,184.0,ArsinkRAT,rat,Zimperium IOC,nikola.tesla,2024-02-20 15:26:46+00:00,eligible_current_governed,30299c54084970403ed39b0efc3c2871ea6c3cfe2983fec00acb4aea695ab132,184.0,ArsinkRAT,rat,Zimperium IOC,nikola.tesla,2024-02-20 15:26:46+00:00,False,True,True
39266,26d779ef17b2fe3c92aee79ad58d90658517df41ffb24787080d3fcfdb0b8999,184.0,ArsinkRAT,rat,Zimperium IOC,com.metodsbansut0102,2025-09-05 09:23:14+00:00,eligible_current_governed,26d779ef17b2fe3c92aee79ad58d90658517df41ffb24787080d3fcfdb0b8999,184.0,ArsinkRAT,rat,Zimperium IOC,com.metodsbansut0102,2025-09-05 09:23:14+00:00,False,True,True
39267,1f92c671ce09ec55c0b2dd10d80bed96e3b319b6894bedab93d32b5dc1cada5a,184.0,ArsinkRAT,rat,Zimperium IOC,YouYube.Premium,2025-05-25 00:32:36+00:00,eligible_current_governed,1f92c671ce09ec55c0b2dd10d80bed96e3b319b6894bedab93d32b5dc1cada5a,184.0,ArsinkRAT,rat,Zimperium IOC,YouYube.Premium,2025-05-25 00:32:36+00:00,False,True,True
39268,50a6adf1cf9bcf793cb54550ee97c7ba93ab9b7658e9352cfb80a54b91170b34,184.0,ArsinkRAT,rat,Zimperium IOC,com.premium.adityazy,2025-06-23 08:01:12+00:00,eligible_current_governed,50a6adf1cf9bcf793cb54550ee97c7ba93ab9b7658e9352cfb80a54b91170b34,184.0,ArsinkRAT,rat,Zimperium IOC,com.premium.adityazy,2025-06-23 08:01:12+00:00,False,True,True
39269,1762af812e0dae095309407dca272643447fd2b8fe8580131e85b678ae0b9db0,184.0,ArsinkRAT,rat,Zimperium IOC,com.covid20,2025-07-16 08:17:33+00:00,eligible_current_governed,1762af812e0dae095309407dca272643447fd2b8fe8580131e85b678ae0b9db0,184.0,ArsinkRAT,rat,Zimperium IOC,com.covid20,2025-07-16 08:17:33+00:00,False,True,True
39270,ba767b89adf106771ef3c4ba4146c33b9164517e9d76d83112b429784e0cb588,184.0,ArsinkRAT,rat,Zimperium IOC,com.newapkv12,2025-09-12 09:08:33+00:00,eligible_current_governed,ba767b89adf106771ef3c4ba4146c33b9164517e9d76d83112b429784e0cb588,184.0,ArsinkRAT,rat,Zimperium IOC,com.newapkv12,2025-09-12 09:08:33+00:00,False,True,True
39271,4035cc9811b1b66728956d4b69f4512ac4656e36c10f3a67d3f2c529f28c59ea,184.0,ArsinkRAT,rat,Zimperium IOC,nikola.tesla,2025-03-17 13:05:21+00:00,eligible_current_governed,4035cc9811b1b66728956d4b69f4512ac4656e36c10f3a67d3f2c529f28c59ea,184.0,ArsinkRAT,rat,Zimperium IOC,nikola.tesla,2025-03-17 13:05:21+00:00,False,True,True
39272,c3def2aa20e85e57b2fba27f2592a0486600527d7d6b59f653c45e08d56750c1,184.0,ArsinkRAT,rat,Zimperium IOC,com.mediaplayerjo,2025-03-13 21:53:55+00:00,eligible_current_governed,c3def2aa20e85e57b2fba27f2592a0486600527d7d6b59f653c45e08d56750c1,184.0,ArsinkRAT,rat,Zimperium IOC,com.mediaplayerjo,2025-03-13 21:53:55+00:00,False,True,True
39273,d026210bcc52bed1aa3d9f9e4407cf657205a4906719e426f605ee1a7aa53ea3,184.0,ArsinkRAT,rat,Zimperium IOC,nikola.tesla,2025-03-17 12:21:29+00:00,eligible_current_governed,d026210bcc52bed1aa3d9f9e4407cf657205a4906719e426f605ee1a7aa53ea3,184.0,ArsinkRAT,rat,Zimperium IOC,nikola.tesla,2025-03-17 12:21:29+00:00,False,True,True
39274,896d3380ffcc2252d2b77d2572acc085e4dfe4a66e79a34179e06417ea50160f,184.0,ArsinkRAT,rat,Zimperium IOC,com.hackedwifi,2025-05-10 15:51:07+00:00,eligible_current_governed,896d3380ffcc2252d2b77d2572acc085e4dfe4a66e79a34179e06417ea50160f,184.0,ArsinkRAT,rat,Zimperium IOC,com.hackedwifi,2025-05-10 15:51:07+00:00,False,True,True
39275,6766681819e2f8e4606b13190b736a6b06c122effeb3ad7833527c6c1806f1c4,184.0,ArsinkRAT,rat,Zimperium IOC,com.Wi,2025-04-13 09:37:29+00:00,eligible_current_governed,6766681819e2f8e4606b13190b736a6b06c122effeb3ad7833527c6c1806f1c4,184.0,ArsinkRAT,rat,Zimperium IOC,com.Wi,2025-04-13 09:37:29+00:00,False,True,True
39276,a3491d9d8b5c6bb02c0f843bab40bb912cbe80f4e57c4985e2f765978f76db9c,184.0,ArsinkRAT,rat,Zimperium IOC,com.make.money,2025-05-27 15:42:56+00:00,eligible_current_governed,a3491d9d8b5c6bb02c0f843bab40bb912cbe80f4e57c4985e2f765978f76db9c,184.0,ArsinkRAT,rat,Zimperium IOC,com.make.money,2025-05-27 15:42:56+00:00,False,True,True
39277,855434910d024978fd2185d38c8062eba58dd69814818bd41e7aa16bad237bae,184.0,ArsinkRAT,rat,Zimperium IOC,com.course.app,2025-09-28 13:15:19+00:00,eligible_current_governed,855434910d024978fd2185d38c8062eba58dd69814818bd41e7aa16bad237bae,184.0,ArsinkRAT,rat,Zimperium IOC,com.course.app,2025-09-28 13:15:19+00:00,False,True,True
39278,979361b6499c85f990cd262e8ab55989d91b584d1a90b89c430534d24ed450dc,184.0,ArsinkRAT,rat,Zimperium IOC,com.make.money,2025-03-03 00:14:10+00:00,eligible_current_governed,979361b6499c85f990cd262e8ab55989d91b584d1a90b89c430534d24ed450dc,184.0,ArsinkRAT,rat,Zimperium IOC,com.make.money,2025-03-03 00:14:10+00:00,False,True,True
39279,c045f7e4d04518beee18571654f568ebafbed123883584e2be310fc0abf7b52e,184.0,ArsinkRAT,rat,Zimperium IOC,com.sisuryaofficial.april19,2025-04-18 11:00:08+00:00,eligible_current_governed,c045f7e4d04518beee18571654f568ebafbed123883584e2be310fc0abf7b52e,184.0,ArsinkRAT,rat,Zimperium IOC,com.sisuryaofficial.april19,2025-04-18 11:00:08+00:00,False,True,True
39280,208f25b0531d52a95d5bd24cc09a4f8c3c0fc9850b54ffc0e0ea6af8b84bec2f,184.0,ArsinkRAT,rat,Zimperium IOC,com.RedXRat,2025-05-28 02:20:28+00:00,eligible_current_governed,208f25b0531d52a95d5bd24cc09a4f8c3c0fc9850b54ffc0e0ea6af8b84bec2f,184.0,ArsinkRAT,rat,Zimperium IOC,com.RedXRat,2025-05-28 02:20:28+00:00,False,True,True
39281,a8c6d04f060a9390775b1463cb231827d63a9582840a5b23bd2a3bfb3f73d46a,184.0,ArsinkRAT,rat,Zimperium IOC,com.craxsrat2w,2024-03-26 07:49:27+00:00,eligible_current_governed,a8c6d04f060a9390775b1463cb231827d63a9582840a5b23bd2a3bfb3f73d46a,184.0,ArsinkRAT,rat,Zimperium IOC,com.craxsrat2w,2024-03-26 07:49:27+00:00,False,True,True
39282,83037541313d9b1ec5f34aca65c57b73e4ef4523277ef2903c57e7fa077506b1,184.0,ArsinkRAT,rat,Zimperium IOC,com.metodsbansut0101,2025-03-23 08:02:10+00:00,eligible_current_governed,83037541313d9b1ec5f34aca65c57b73e4ef4523277ef2903c57e7fa077506b1,184.0,ArsinkRAT,rat,Zimperium IOC,com.metodsbansut0101,2025-03-23 08:02:10+00:00,False,True,True
39283,12c04fc3da59362e1bef5189e585a1d883ea19a7ce5f7c1086a7ec62156e9300,184.0,ArsinkRAT,rat,Zimperium IOC,,2025-04-15 16:50:55+00:00,eligible_current_governed,12c04fc3da59362e1bef5189e585a1d883ea19a7ce5f7c1086a7ec62156e9300,184.0,ArsinkRAT,rat,Zimperium IOC,,2025-04-15 16:50:55+00:00,False,True,True
39284,24222d66f4f373d8e6c8242d30b3bf0604f161410ed75030d4c391c4552f1575,184.0,ArsinkRAT,rat,Zimperium IOC,nikola.tesla,2025-03-17 12:24:28+00:00,eligible_current_governed,24222d66f4f373d8e6c8242d30b3bf0604f161410ed75030d4c391c4552f1575,184.0,ArsinkRAT,rat,Zimperium IOC,nikola.tesla,2025-03-17 12:24:28+00:00,False,True,True
39285,d86125575e9ac27d96fc1fe19493e1c7c4f3ba0d2fadc2b9d4dbef428eb28ead,184.0,ArsinkRAT,rat,Zimperium IOC,nikola.tesla,2025-10-17 20:38:47+00:00,eligible_current_governed,d86125575e9ac27d96fc1fe19493e1c7c4f3ba0d2fadc2b9d4dbef428eb28ead,184.0,ArsinkRAT,rat,Zimperium IOC,nikola.tesla,2025-10-17 20:38:47+00:00,False,True,True
39286,88bdb46fa5f576fc080e35e0a15e990fdf93a42922ec0296d1b30c0cb1a3289e,184.0,ArsinkRAT,rat,Zimperium IOC,remove.clothes.com,2025-04-01 13:08:01+00:00,eligible_current_governed,88bdb46fa5f576fc080e35e0a15e990fdf93a42922ec0296d1b30c0cb1a3289e,184.0,ArsinkRAT,rat,Zimperium IOC,remove.clothes.com,2025-04-01 13:08:01+00:00,False,True,True
39287,4d7bd7fdf54b3054e1eaed67304298715c67e743eec06b7e32ec7376e4e5c7e7,184.0,ArsinkRAT,rat,Zimperium IOC,com.convert.music,2025-03-24 02:51:14+00:00,eligible_current_governed,4d7bd7fdf54b3054e1eaed67304298715c67e743eec06b7e32ec7376e4e5c7e7,184.0,ArsinkRAT,rat,Zimperium IOC,com.convert.music,2025-03-24 02:51:14+00:00,False,True,True
39288,696a04213490ae4e1abe0d365e0d559a770675c92e7c0e8ae8fe2f27bd1871fe,184.0,ArsinkRAT,rat,Zimperium IOC,nikola.tesla,2025-03-21 04:33:51+00:00,eligible_current_governed,696a04213490ae4e1abe0d365e0d559a770675c92e7c0e8ae8fe2f27bd1871fe,184.0,ArsinkRAT,rat,Zimperium IOC,nikola.tesla,2025-03-21 04:33:51+00:00,False,True,True
39289,472ebfb7c0be338058ef47b5a7d0171323ff4af199559cb41c0aaf4f75ab0ce4,184.0,ArsinkRAT,rat,Zimperium IOC,com.freefirebeta.bysisurya,2025-04-08 13:25:33+00:00,eligible_current_governed,472ebfb7c0be338058ef47b5a7d0171323ff4af199559cb41c0aaf4f75ab0ce4,184.0,ArsinkRAT,rat,Zimperium IOC,com.freefirebeta.bysisurya,2025-04-08 13:25:33+00:00,False,True,True
39290,f01035a8c1eca1e6f5782462d8453ed5a4bbaef80273a0319c6df00184249325,184.0,ArsinkRAT,rat,Zimperium IOC,com.surxratprivateapril,2025-05-05 12:22:44+00:00,eligible_current_governed,f01035a8c1eca1e6f5782462d8453ed5a4bbaef80273a0319c6df00184249325,184.0,ArsinkRAT,rat,Zimperium IOC,com.surxratprivateapril,2025-05-05 12:22:44+00:00,False,True,True
39291,e1eaf452dcd1e80b563beca9bfc4a7644524b11a1786536bbcfaf8ced45d492b,184.0,ArsinkRAT,rat,Zimperium IOC,com.course.app,2025-03-28 02:10:55+00:00,eligible_current_governed,e1eaf452dcd1e80b563beca9bfc4a7644524b11a1786536bbcfaf8ced45d492b,184.0,ArsinkRAT,rat,Zimperium IOC,com.course.app,2025-03-28 02:10:55+00:00,False,True,True
39292,4daf313dd52c41560b45bd554037351c155153480ae0b4f65f945083dfd25bb0,184.0,ArsinkRAT,rat,Zimperium IOC,com.sisuryaofficial.april1,2025-09-10 18:56:36+00:00,eligible_current_governed,4daf313dd52c41560b45bd554037351c155153480ae0b4f65f945083dfd25bb0,184.0,ArsinkRAT,rat,Zimperium IOC,com.sisuryaofficial.april1,2025-09-10 18:56:36+00:00,False,True,True
39293,7309d707b5ebc0c63e39b773bb2ab88eb243d62d654469bf2f69cc806c57a388,184.0,ArsinkRAT,rat,Zimperium IOC,nikola.tesla,2025-03-04 11:50:33+00:00,eligible_current_governed,7309d707b5ebc0c63e39b773bb2ab88eb243d62d654469bf2f69cc806c57a388,184.0,ArsinkRAT,rat,Zimperium IOC,nikola.tesla,2025-03-04 11:50:33+00:00,False,True,True
39294,fc35b826eb1361bcd0ca79e87f92598d3a3dbb41d35f02477ec7aedf05257a1f,184.0,ArsinkRAT,rat,Zimperium IOC,com.freefirebeta,2025-03-08 02:06:08+00:00,eligible_current_governed,fc35b826eb1361bcd0ca79e87f92598d3a3dbb41d35f02477ec7aedf05257a1f,184.0,ArsinkRAT,rat,Zimperium IOC,com.freefirebeta,2025-03-08 02:06:08+00:00,False,True,True
39295,f2cf548faff7948d6bb2bddc28dd42688f10c8497914bd2af9f1ccfab841acd6,184.0,ArsinkRAT,rat,Zimperium IOC,com.ghost.bycyberevo,2024-03-27 03:25:33+00:00,eligible_current_governed,f2cf548faff7948d6bb2bddc28dd42688f10c8497914bd2af9f1ccfab841acd6,184.0,ArsinkRAT,rat,Zimperium IOC,com.ghost.bycyberevo,2024-03-27 03:25:33+00:00,False,True,True
39296,5f3da41d41d79ee46ce4a3ebfc13c2d570836a2971dcf372e76ebb539cfc54be,184.0,ArsinkRAT,rat,Zimperium IOC,com.metodsbansut0102,2025-05-12 16:49:23+00:00,eligible_current_governed,5f3da41d41d79ee46ce4a3ebfc13c2d570836a2971dcf372e76ebb539cfc54be,184.0,ArsinkRAT,rat,Zimperium IOC,com.metodsbansut0102,2025-05-12 16:49:23+00:00,False,True,True
39297,0000ee95610dfb6c3ded2cd35ab1c961ecd37308e400a0a14224e6b316db772f,184.0,ArsinkRAT,rat,Zimperium IOC,remove.clothes.com,2025-08-26 12:01:34+00:00,eligible_current_governed,0000ee95610dfb6c3ded2cd35ab1c961ecd37308e400a0a14224e6b316db772f,184.0,ArsinkRAT,rat,Zimperium IOC,remove.clothes.com,2025-08-26 12:01:34+00:00,False,True,True
39298,d412ec429f3db0189f42959cbc84610a2f90f4f158056266022deb24a8480406,184.0,ArsinkRAT,rat,Zimperium IOC,com.make.money,2025-08-15 10:32:33+00:00,eligible_current_governed,d412ec429f3db0189f42959cbc84610a2f90f4f158056266022deb24a8480406,184.0,ArsinkRAT,rat,Zimperium IOC,com.make.money,2025-08-15 10:32:33+00:00,False,True,True
39299,450200a2ad3cd7abb5728cfdcd3317e8301abfb985301648288fdf39ce607691,184.0,ArsinkRAT,rat,Zimperium IOC,wifi.hack.com,2025-03-26 18:07:05+00:00,eligible_current_governed,450200a2ad3cd7abb5728cfdcd3317e8301abfb985301648288fdf39ce607691,184.0,ArsinkRAT,rat,Zimperium IOC,wifi.hack.com,2025-03-26 18:07:05+00:00,False,True,True
39300,5bd4a811f6542d15c9bdef05649f71993d46ac156210e3365e254d8e4512343f,184.0,ArsinkRAT,rat,Zimperium IOC,com.grow.in,2024-04-08 05:01:37+00:00,eligible_current_governed,5bd4a811f6542d15c9bdef05649f71993d46ac156210e3365e254d8e4512343f,184.0,ArsinkRAT,rat,Zimperium IOC,com.grow.in,2024-04-08 05:01:37+00:00,False,True,True
39301,d729e9463bd74386e30f8479550c089e644d07a023d3a9f70c50076afceff0f5,184.0,ArsinkRAT,rat,Zimperium IOC,com.freesmm.in,2025-03-17 07:00:09+00:00,eligible_current_governed,d729e9463bd74386e30f8479550c089e644d07a023d3a9f70c50076afceff0f5,184.0,ArsinkRAT,rat,Zimperium IOC,com.freesmm.in,2025-03-17 07:00:09+00:00,False,True,True
39302,e8e485f99744068ac8f375d74586e0d31bad2f4e14d135e99d3c0fe3cfeab465,184.0,ArsinkRAT,rat,Zimperium IOC,nikola.tesla,2025-10-12 21:13:07+00:00,eligible_current_governed,e8e485f99744068ac8f375d74586e0d31bad2f4e14d135e99d3c0fe3cfeab465,184.0,ArsinkRAT,rat,Zimperium IOC,nikola.tesla,2025-10-12 21:13:07+00:00,False,True,True
39303,d6c211ade20558e969e51d46c00db9d55a13684bf8b266c6f83e316209c15d10,184.0,ArsinkRAT,rat,Zimperium IOC,nikola.tesla,2025-05-27 16:45:29+00:00,eligible_current_governed,d6c211ade20558e969e51d46c00db9d55a13684bf8b266c6f83e316209c15d10,184.0,ArsinkRAT,rat,Zimperium IOC,nikola.tesla,2025-05-27 16:45:29+00:00,False,True,True
39304,bd5c50b8b05cc52c8b87367a9953d19a2eee991c5707f8a96be481f1bcdaa0c9,184.0,ArsinkRAT,rat,Zimperium IOC,nikola.tesla,2025-06-13 00:45:51+00:00,eligible_current_governed,bd5c50b8b05cc52c8b87367a9953d19a2eee991c5707f8a96be481f1bcdaa0c9,184.0,ArsinkRAT,rat,Zimperium IOC,nikola.tesla,2025-06-13 00:45:51+00:00,False,True,True
39305,6ea76c5ccf1651fcd2fa4975a4a479e857c2c2a048af6e9269b8f758276b3ac4,184.0,ArsinkRAT,rat,Zimperium IOC,remove.clothes.com,2024-03-22 05:28:59+00:00,eligible_current_governed,6ea76c5ccf1651fcd2fa4975a4a479e857c2c2a048af6e9269b8f758276b3ac4,184.0,ArsinkRAT,rat,Zimperium IOC,remove.clothes.com,2024-03-22 05:28:59+00:00,False,True,True
39306,9514d74a9aa74e5e11603a9eee647eac97aeceb97fa6be7d0c4453f88cec7d86,184.0,ArsinkRAT,rat,Zimperium IOC,com.DeathRat,2025-06-30 01:18:30+00:00,eligible_current_governed,9514d74a9aa74e5e11603a9eee647eac97aeceb97fa6be7d0c4453f88cec7d86,184.0,ArsinkRAT,rat,Zimperium IOC,com.DeathRat,2025-06-30 01:18:30+00:00,False,True,True
39307,24dca3224a9044cb9650c5eacbbca02d4e730324eb377912375ff8a5a6b3f78d,184.0,ArsinkRAT,rat,Zimperium IOC,nikola.tesla,2025-04-21 22:51:45+00:00,eligible_current_governed,24dca3224a9044cb9650c5eacbbca02d4e730324eb377912375ff8a5a6b3f78d,184.0,ArsinkRAT,rat,Zimperium IOC,nikola.tesla,2025-04-21 22:51:45+00:00,False,True,True
39308,366cf557adee5b294b2d60ecefa8f62f98bcd9b2cedfe4d345bd5947bb0455b3,184.0,ArsinkRAT,rat,Zimperium IOC,com.SafeUM.ELMALA3EN,2025-07-24 01:43:00+00:00,eligible_current_governed,366cf557adee5b294b2d60ecefa8f62f98bcd9b2cedfe4d345bd5947bb0455b3,184.0,ArsinkRAT,rat,Zimperium IOC,com.SafeUM.ELMALA3EN,2025-07-24 01:43:00+00:00,False,True,True
39309,d9d2b1ddcec079c1110d6984f176c3f1b605645d305d8532d1943a5dea30dcf3,184.0,ArsinkRAT,rat,Zimperium IOC,YouYube.Premium,2025-06-20 10:40:00+00:00,eligible_current_governed,d9d2b1ddcec079c1110d6984f176c3f1b605645d305d8532d1943a5dea30dcf3,184.0,ArsinkRAT,rat,Zimperium IOC,YouYube.Premium,2025-06-20 10:40:00+00:00,False,True,True
39310,5f3962ce1f2d5eb20d7b5e0900970da3a8d8f145aca63c355b9fd140e17d2eda,184.0,ArsinkRAT,rat,Zimperium IOC,nikola.tesla,2025-06-10 04:48:02+00:00,eligible_current_governed,5f3962ce1f2d5eb20d7b5e0900970da3a8d8f145aca63c355b9fd140e17d2eda,184.0,ArsinkRAT,rat,Zimperium IOC,nikola.tesla,2025-06-10 04:48:02+00:00,False,True,True
39311,772d44935053c0c81cee4f54381232963a0f692eb95401f3168aeec6930ac5fc,184.0,ArsinkRAT,rat,Zimperium IOC,nikola.tesla,2023-12-12 05:26:22+00:00,eligible_current_governed,772d44935053c0c81cee4f54381232963a0f692eb95401f3168aeec6930ac5fc,184.0,ArsinkRAT,rat,Zimperium IOC,nikola.tesla,2023-12-12 05:26:22+00:00,False,True,True
39312,73c5653b9c3bb2e2b8f75324af0952bad12e523ca70b2f9a5e5208839b5e12dd,184.0,ArsinkRAT,rat,Zimperium IOC,com.surxratv4by.sisuryaofficial,2025-03-19 16:59:47+00:00,eligible_current_governed,73c5653b9c3bb2e2b8f75324af0952bad12e523ca70b2f9a5e5208839b5e12dd,184.0,ArsinkRAT,rat,Zimperium IOC,com.surxratv4by.sisuryaofficial,2025-03-19 16:59:47+00:00,False,True,True
39313,a8c9fce563c41beadf894630bef813d8110a4319725abb058c24c3a760dbc065,184.0,ArsinkRAT,rat,Zimperium IOC,com.my.mal3en.magal,2025-03-18 15:51:20+00:00,eligible_current_governed,a8c9fce563c41beadf894630bef813d8110a4319725abb058c24c3a760dbc065,184.0,ArsinkRAT,rat,Zimperium IOC,com.my.mal3en.magal,2025-03-18 15:51:20+00:00,False,True,True
39314,615052f1175de1a2588354f1dd3653fe7bba51fb32d05efa645410cf27ea8b0b,184.0,ArsinkRAT,rat,Zimperium IOC,com.sisuryaofficial.b1,2025-04-13 04:23:24+00:00,eligible_current_governed,615052f1175de1a2588354f1dd3653fe7bba51fb32d05efa645410cf27ea8b0b,184.0,ArsinkRAT,rat,Zimperium IOC,com.sisuryaofficial.b1,2025-04-13 04:23:24+00:00,False,True,True
39315,059008b7b89861b5d1dc95e4af6fa75b15cb177c26c2ae6f2c530ee7c4fce758,184.0,ArsinkRAT,rat,Zimperium IOC,com.wifi.attacker.demon,2025-03-23 01:57:27+00:00,eligible_current_governed,059008b7b89861b5d1dc95e4af6fa75b15cb177c26c2ae6f2c530ee7c4fce758,184.0,ArsinkRAT,rat,Zimperium IOC,com.wifi.attacker.demon,2025-03-23 01:57:27+00:00,False,True,True
39316,46a282785836be3f65c5a9175eb3e22f46fe9448e9a74fddd7a4a304277de98d,184.0,ArsinkRAT,rat,Zimperium IOC,com.virus.boom,2025-03-08 09:29:42+00:00,eligible_current_governed,46a282785836be3f65c5a9175eb3e22f46fe9448e9a74fddd7a4a304277de98d,184.0,ArsinkRAT,rat,Zimperium IOC,com.virus.boom,2025-03-08 09:29:42+00:00,False,True,True
39317,f509c869bb1dd2582868fe0ab7a4d587786ffdf0e0ad72f7e5dfee695273dd94,184.0,ArsinkRAT,rat,Zimperium IOC,nikola.tesla,2025-10-10 12:35:53+00:00,eligible_current_governed,f509c869bb1dd2582868fe0ab7a4d587786ffdf0e0ad72f7e5dfee695273dd94,184.0,ArsinkRAT,rat,Zimperium IOC,nikola.tesla,2025-10-10 12:35:53+00:00,False,True,True
39318,5056d078f3d3d1a084a29a85656de906b13322408f046ae7e9003ca8373c477f,184.0,ArsinkRAT,rat,Zimperium IOC,com.make.money,2025-05-30 03:06:11+00:00,eligible_current_governed,5056d078f3d3d1a084a29a85656de906b13322408f046ae7e9003ca8373c477f,184.0,ArsinkRAT,rat,Zimperium IOC,com.make.money,2025-05-30 03:06:11+00:00,False,True,True
39319,9b11cd6ac4708d8f2988a17746dce418080f96adef50a11eb68bf8024e57b876,184.0,ArsinkRAT,rat,Zimperium IOC,com.my.victim,2025-05-05 11:29:17+00:00,eligible_current_governed,9b11cd6ac4708d8f2988a17746dce418080f96adef50a11eb68bf8024e57b876,184.0,ArsinkRAT,rat,Zimperium IOC,com.my.victim,2025-05-05 11:29:17+00:00,False,True,True
39320,fd07d9225e781467a7d60965bb1965321dcf0ba88e2ba4fb8c089286a4ccf550,184.0,ArsinkRAT,rat,Zimperium IOC,com.metodsbansut0102,2025-09-28 09:03:08+00:00,eligible_current_governed,fd07d9225e781467a7d60965bb1965321dcf0ba88e2ba4fb8c089286a4ccf550,184.0,ArsinkRAT,rat,Zimperium IOC,com.metodsbansut0102,2025-09-28 09:03:08+00:00,False,True,True
39321,205862391f940eed94ff35ffb2360aefd89389283ad66da09d88052d0b3a2822,184.0,ArsinkRAT,rat,Zimperium IOC,com.metodsbansut0102,2025-07-10 08:13:25+00:00,eligible_current_governed,205862391f940eed94ff35ffb2360aefd89389283ad66da09d88052d0b3a2822,184.0,ArsinkRAT,rat,Zimperium IOC,com.metodsbansut0102,2025-07-10 08:13:25+00:00,False,True,True
39322,0b1e0e967c0a0d7ff131dffa0975fd6cac2e7651a96d9b90e6ed9491591dec34,184.0,ArsinkRAT,rat,Zimperium IOC,nikola.tesla,2025-04-06 13:44:09+00:00,eligible_current_governed,0b1e0e967c0a0d7ff131dffa0975fd6cac2e7651a96d9b90e6ed9491591dec34,184.0,ArsinkRAT,rat,Zimperium IOC,nikola.tesla,2025-04-06 13:44:09+00:00,False,True,True
39323,2a1d07678d7d8c4283a69cf664d69b6ac530caf0d36e4874cd77ad1840198dcc,184.0,ArsinkRAT,rat,Zimperium IOC,nikola.tesla,2025-05-04 09:48:31+00:00,eligible_current_governed,2a1d07678d7d8c4283a69cf664d69b6ac530caf0d36e4874cd77ad1840198dcc,184.0,ArsinkRAT,rat,Zimperium IOC,nikola.tesla,2025-05-04 09:48:31+00:00,False,True,True
39324,4a32b2c1a4c8d5bfd1e9c97121835cbc5241940e5fbe34559cc19b5b25e67c67,184.0,ArsinkRAT,rat,Zimperium IOC,com.zexrrat,2025-04-24 15:39:59+00:00,eligible_current_governed,4a32b2c1a4c8d5bfd1e9c97121835cbc5241940e5fbe34559cc19b5b25e67c67,184.0,ArsinkRAT,rat,Zimperium IOC,com.zexrrat,2025-04-24 15:39:59+00:00,False,True,True
39325,7befda8839e2e25ef9e9937c0cf13615458e3c61050efa8fd86ccf0859a9dfcb,184.0,ArsinkRAT,rat,Zimperium IOC,com.followup.tools,2025-05-15 04:12:03+00:00,eligible_current_governed,7befda8839e2e25ef9e9937c0cf13615458e3c61050efa8fd86ccf0859a9dfcb,184.0,ArsinkRAT,rat,Zimperium IOC,com.followup.tools,2025-05-15 04:12:03+00:00,False,True,True
39326,901084a197c4cfbacb0dd6b165bc440ac8e0836725de579013f15090c16f1f6e,184.0,ArsinkRAT,rat,Zimperium IOC,com.my.ml3en.num,2025-07-19 09:28:07+00:00,eligible_current_governed,901084a197c4cfbacb0dd6b165bc440ac8e0836725de579013f15090c16f1f6e,184.0,ArsinkRAT,rat,Zimperium IOC,com.my.ml3en.num,2025-07-19 09:28:07+00:00,False,True,True
39327,d6821c0cd2d331f3ea058985823d3bf0e7f90c976844fa34836c5c10613ecb7d,184.0,ArsinkRAT,rat,Zimperium IOC,com.Botdroid.RAT,2025-04-26 10:53:58+00:00,eligible_current_governed,d6821c0cd2d331f3ea058985823d3bf0e7f90c976844fa34836c5c10613ecb7d,184.0,ArsinkRAT,rat,Zimperium IOC,com.Botdroid.RAT,2025-04-26 10:53:58+00:00,False,True,True
39328,6363ec4d2a5d0f2857eda376395cf2194ae3f9bde6b65db206ff001b12bbbcd1,184.0,ArsinkRAT,rat,Zimperium IOC,nikola.tesla,2025-09-12 01:55:07+00:00,eligible_current_governed,6363ec4d2a5d0f2857eda376395cf2194ae3f9bde6b65db206ff001b12bbbcd1,184.0,ArsinkRAT,rat,Zimperium IOC,nikola.tesla,2025-09-12 01:55:07+00:00,False,True,True
39329,fe8e448c375d461e946e16bca5b6b47ee48a29f2a4da7dcad990141c61eb99c7,184.0,ArsinkRAT,rat,Zimperium IOC,remove.clothes.com,2025-04-03 14:25:24+00:00,eligible_current_governed,fe8e448c375d461e946e16bca5b6b47ee48a29f2a4da7dcad990141c61eb99c7,184.0,ArsinkRAT,rat,Zimperium IOC,remove.clothes.com,2025-04-03 14:25:24+00:00,False,True,True
39330,d48b2ce931b2e5a22e158476588895bb5691d49fc5a835edcb45fcc1c055ef24,184.0,ArsinkRAT,rat,Zimperium IOC,com.metodsbansut0101,2025-09-30 06:23:59+00:00,eligible_current_governed,d48b2ce931b2e5a22e158476588895bb5691d49fc5a835edcb45fcc1c055ef24,184.0,ArsinkRAT,rat,Zimperium IOC,com.metodsbansut0101,2025-09-30 06:23:59+00:00,False,True,True
39331,725357005dfc23969bff51606e5025a3b208d4a1e51dfc8f96b0e54891279b3a,184.0,ArsinkRAT,rat,Zimperium IOC,com.user.vip.ivar,2025-08-19 18:52:27+00:00,eligible_current_governed,725357005dfc23969bff51606e5025a3b208d4a1e51dfc8f96b0e54891279b3a,184.0,ArsinkRAT,rat,Zimperium IOC,com.user.vip.ivar,2025-08-19 18:52:27+00:00,False,True,True
39332,59225203cc127829dfac36d5d488e763da656a1115876702fbfe391cedb8ba0b,184.0,ArsinkRAT,rat,Zimperium IOC,com.DeathRat,2025-03-18 13:11:42+00:00,eligible_current_governed,59225203cc127829dfac36d5d488e763da656a1115876702fbfe391cedb8ba0b,184.0,ArsinkRAT,rat,Zimperium IOC,com.DeathRat,2025-03-18 13:11:42+00:00,False,True,True
39333,5b9238d321c730431593ae0800e2a034736c9731da5a791162a7d35cda103e1c,184.0,ArsinkRAT,rat,Zimperium IOC,nikola.tesla,2025-03-11 23:06:58+00:00,eligible_current_governed,5b9238d321c730431593ae0800e2a034736c9731da5a791162a7d35cda103e1c,184.0,ArsinkRAT,rat,Zimperium IOC,nikola.tesla,2025-03-11 23:06:58+00:00,False,True,True
39334,559203b90f6048a041c9056c1b2ab21a7f2ff09985098bfa6f9196d39b9b4971,184.0,ArsinkRAT,rat,Zimperium IOC,com.surxwarat,2025-09-24 15:54:28+00:00,eligible_current_governed,559203b90f6048a041c9056c1b2ab21a7f2ff09985098bfa6f9196d39b9b4971,184.0,ArsinkRAT,rat,Zimperium IOC,com.surxwarat,2025-09-24 15:54:28+00:00,False,True,True
39335,a4d10dc4f3d8981e58e9aa8904c0084315b58ab59eb7a3b05d7b9123d4b7b59c,184.0,ArsinkRAT,rat,Zimperium IOC,com.zexrrat,2025-05-15 09:53:33+00:00,eligible_current_governed,a4d10dc4f3d8981e58e9aa8904c0084315b58ab59eb7a3b05d7b9123d4b7b59c,184.0,ArsinkRAT,rat,Zimperium IOC,com.zexrrat,2025-05-15 09:53:33+00:00,False,True,True
39336,7b6bd4d699ef642f6a6d0b9ede707cf5b9cd23b4732ae5a296fb6dfe416c871a,184.0,ArsinkRAT,rat,Zimperium IOC,com.followup.tools,2025-06-28 21:18:40+00:00,eligible_current_governed,7b6bd4d699ef642f6a6d0b9ede707cf5b9cd23b4732ae5a296fb6dfe416c871a,184.0,ArsinkRAT,rat,Zimperium IOC,com.followup.tools,2025-06-28 21:18:40+00:00,False,True,True
39337,8d04e5b2a934f8adcbaa47a84d99d02668268caa84e0be19b970afcc11892dfc,184.0,ArsinkRAT,rat,Zimperium IOC,com.surxratapp,2025-05-25 08:10:25+00:00,eligible_current_governed,8d04e5b2a934f8adcbaa47a84d99d02668268caa84e0be19b970afcc11892dfc,184.0,ArsinkRAT,rat,Zimperium IOC,com.surxratapp,2025-05-25 08:10:25+00:00,False,True,True
39338,3704f3e68180b14d3f36ef5518febb05f4dbeccda669e396040c667bb9d70267,184.0,ArsinkRAT,rat,Zimperium IOC,com.my.victim,2025-03-22 09:28:43+00:00,eligible_current_governed,3704f3e68180b14d3f36ef5518febb05f4dbeccda669e396040c667bb9d70267,184.0,ArsinkRAT,rat,Zimperium IOC,com.my.victim,2025-03-22 09:28:43+00:00,False,True,True
39339,92ee5d1e7043826910e18bbb922205031533d570b22537f86176191578c08a14,184.0,ArsinkRAT,rat,Zimperium IOC,com.Dragon.convert,2025-04-25 12:29:14+00:00,eligible_current_governed,92ee5d1e7043826910e18bbb922205031533d570b22537f86176191578c08a14,184.0,ArsinkRAT,rat,Zimperium IOC,com.Dragon.convert,2025-04-25 12:29:14+00:00,False,True,True
39340,4d2dfab6d8715cab11ef2aa7e6f1c68fd2af7d2a941b9950222dfac6721a33ab,184.0,ArsinkRAT,rat,Zimperium IOC,com.wifi.attacker.redx,2025-04-20 18:36:29+00:00,eligible_current_governed,4d2dfab6d8715cab11ef2aa7e6f1c68fd2af7d2a941b9950222dfac6721a33ab,184.0,ArsinkRAT,rat,Zimperium IOC,com.wifi.attacker.redx,2025-04-20 18:36:29+00:00,False,True,True
39341,1f55fd2ecf874e0cd02e457515a3646a494c162a9218049028f7ef1762e46677,184.0,ArsinkRAT,rat,Zimperium IOC,com.my.sms.numero,2025-05-17 22:17:33+00:00,eligible_current_governed,1f55fd2ecf874e0cd02e457515a3646a494c162a9218049028f7ef1762e46677,184.0,ArsinkRAT,rat,Zimperium IOC,com.my.sms.numero,2025-05-17 22:17:33+00:00,False,True,True
39342,b9e2281f03179c63d7feb0c1f4a674d0f6227b097f5e37640f025354f136d353,184.0,ArsinkRAT,rat,Zimperium IOC,com.wifi.attacker.redx,2025-08-07 16:30:29+00:00,eligible_current_governed,b9e2281f03179c63d7feb0c1f4a674d0f6227b097f5e37640f025354f136d353,184.0,ArsinkRAT,rat,Zimperium IOC,com.wifi.attacker.redx,2025-08-07 16:30:29+00:00,False,True,True
39343,67e0f942aa824ece3149c265b468f5d186cf9f3f2821d3ebd2753739b83ee988,184.0,ArsinkRAT,rat,Zimperium IOC,com.Sketchwerepro,2025-04-07 07:29:07+00:00,eligible_current_governed,67e0f942aa824ece3149c265b468f5d186cf9f3f2821d3ebd2753739b83ee988,184.0,ArsinkRAT,rat,Zimperium IOC,com.Sketchwerepro,2025-04-07 07:29:07+00:00,False,True,True
39344,009c9bc0b641c0e5e4f6b1ad7ef08443e9e3580a16ff9eed0ea8b328c9ed6709,184.0,ArsinkRAT,rat,Zimperium IOC,com.wifi.attacker.demon,2025-03-23 10:51:49+00:00,eligible_current_governed,009c9bc0b641c0e5e4f6b1ad7ef08443e9e3580a16ff9eed0ea8b328c9ed6709,184.0,ArsinkRAT,rat,Zimperium IOC,com.wifi.attacker.demon,2025-03-23 10:51:49+00:00,False,True,True
39345,e6b8af7ca6a55fe2deffa13fbb04b112aafde50b1f8b95ed93d1fa8fb0831a89,184.0,ArsinkRAT,rat,Zimperium IOC,com.ai.app,2025-08-16 06:26:45+00:00,eligible_current_governed,e6b8af7ca6a55fe2deffa13fbb04b112aafde50b1f8b95ed93d1fa8fb0831a89,184.0,ArsinkRAT,rat,Zimperium IOC,com.ai.app,2025-08-16 06:26:45+00:00,False,True,True
39346,d6636082b4444d2d5e3c7b01d79a1e924eef8ee34540e417f7bdc379acc31157,184.0,ArsinkRAT,rat,Zimperium IOC,nikola.tesla,2025-04-08 18:42:43+00:00,eligible_current_governed,d6636082b4444d2d5e3c7b01d79a1e924eef8ee34540e417f7bdc379acc31157,184.0,ArsinkRAT,rat,Zimperium IOC,nikola.tesla,2025-04-08 18:42:43+00:00,False,True,True
39347,157e57ed31cbc50defa671c26ad8af4d1615c43061759dbaf8d314adc5a146b7,184.0,ArsinkRAT,rat,Zimperium IOC,com.freefirebeta.bysisurya,2025-03-15 07:38:11+00:00,eligible_current_governed,157e57ed31cbc50defa671c26ad8af4d1615c43061759dbaf8d314adc5a146b7,184.0,ArsinkRAT,rat,Zimperium IOC,com.freefirebeta.bysisurya,2025-03-15 07:38:11+00:00,False,True,True
39348,d5f7b21f54daf44130ce61682fc75a24865f85ebb3c802637d37b0485be4de3c,184.0,ArsinkRAT,rat,Zimperium IOC,com.metodsbansut0102,2025-09-02 13:23:31+00:00,eligible_current_governed,d5f7b21f54daf44130ce61682fc75a24865f85ebb3c802637d37b0485be4de3c,184.0,ArsinkRAT,rat,Zimperium IOC,com.metodsbansut0102,2025-09-02 13:23:31+00:00,False,True,True
39349,1f42bd5556997af1b5032564eff9f0bc41db95d2752816fb384926f46756fc8c,184.0,ArsinkRAT,rat,Zimperium IOC,com.hackedwifi,2025-05-09 18:01:38+00:00,eligible_current_governed,1f42bd5556997af1b5032564eff9f0bc41db95d2752816fb384926f46756fc8c,184.0,ArsinkRAT,rat,Zimperium IOC,com.hackedwifi,2025-05-09 18:01:38+00:00,False,True,True
39350,12cfa5e1ca9c6ba1a6eddba573a2d48536aafa75f6ae7a65ef1a827eb12e1160,184.0,ArsinkRAT,rat,Zimperium IOC,com.sisuryaofficial.b1,2025-05-19 04:41:42+00:00,eligible_current_governed,12cfa5e1ca9c6ba1a6eddba573a2d48536aafa75f6ae7a65ef1a827eb12e1160,184.0,ArsinkRAT,rat,Zimperium IOC,com.sisuryaofficial.b1,2025-05-19 04:41:42+00:00,False,True,True
39351,18ed758fc8c1cf3e992e6757637afe1bc6ddce06eaa3addd6aedac4128b9dc66,184.0,ArsinkRAT,rat,Zimperium IOC,nikola.tesla,2025-07-30 11:43:33+00:00,eligible_current_governed,18ed758fc8c1cf3e992e6757637afe1bc6ddce06eaa3addd6aedac4128b9dc66,184.0,ArsinkRAT,rat,Zimperium IOC,nikola.tesla,2025-07-30 11:43:33+00:00,False,True,True
39352,93d2abcfe2b78a2dbc2d8fe01ec075f23c598a5b74e69090de373ee8ba7fd7fa,184.0,ArsinkRAT,rat,Zimperium IOC,com.kucingadmin17,2025-09-01 10:50:39+00:00,eligible_current_governed,93d2abcfe2b78a2dbc2d8fe01ec075f23c598a5b74e69090de373ee8ba7fd7fa,184.0,ArsinkRAT,rat,Zimperium IOC,com.kucingadmin17,2025-09-01 10:50:39+00:00,False,True,True
39353,263e0673ea19e8b0a2ff3e38b140e86875f52d73e47ca278f6fac405359ac87c,184.0,ArsinkRAT,rat,Zimperium IOC,com.ai.app,2025-08-10 06:20:29+00:00,eligible_current_governed,263e0673ea19e8b0a2ff3e38b140e86875f52d73e47ca278f6fac405359ac87c,184.0,ArsinkRAT,rat,Zimperium IOC,com.ai.app,2025-08-10 06:20:29+00:00,False,True,True
39354,e5d2ea3e6e2137beb556fc510bd5f2c5be14c3297ec20f9ebb1435438004c1f5,184.0,ArsinkRAT,rat,Zimperium IOC,com.ak.spy,2025-03-06 00:32:50+00:00,eligible_current_governed,e5d2ea3e6e2137beb556fc510bd5f2c5be14c3297ec20f9ebb1435438004c1f5,184.0,ArsinkRAT,rat,Zimperium IOC,com.ak.spy,2025-03-06 00:32:50+00:00,False,True,True
39355,ea56a48ffbc6cc35d948807c6ab1e45f35f69219f03b1bbe4a6a0626d2901d53,184.0,ArsinkRAT,rat,Zimperium IOC,nikola.tesla,2025-08-14 15:50:06+00:00,eligible_current_governed,ea56a48ffbc6cc35d948807c6ab1e45f35f69219f03b1bbe4a6a0626d2901d53,184.0,ArsinkRAT,rat,Zimperium IOC,nikola.tesla,2025-08-14 15:50:06+00:00,False,True,True
39356,cb4528072548ea7944a2de9bd467e61f18004167fc2c76859e62105c0d3b5af2,184.0,ArsinkRAT,rat,Zimperium IOC,com.metodebansisuryaoffc,2025-03-24 13:37:39+00:00,eligible_current_governed,cb4528072548ea7944a2de9bd467e61f18004167fc2c76859e62105c0d3b5af2,184.0,ArsinkRAT,rat,Zimperium IOC,com.metodebansisuryaoffc,2025-03-24 13:37:39+00:00,False,True,True
39357,60bcd76100134ea5c0eade39ebb02f432e4463f81dbe4dd4374b4565e749f5de,184.0,ArsinkRAT,rat,Zimperium IOC,com.metodebansisuryaoffc,2025-03-19 12:20:46+00:00,eligible_current_governed,60bcd76100134ea5c0eade39ebb02f432e4463f81dbe4dd4374b4565e749f5de,184.0,ArsinkRAT,rat,Zimperium IOC,com.metodebansisuryaoffc,2025-03-19 12:20:46+00:00,False,True,True
39358,601d76709ede3deab87f14996187c48d5657e4f94e58ddbb3ec40d337eb2c2e2,184.0,ArsinkRAT,rat,Zimperium IOC,com.hackedfacebook,2025-04-14 09:16:50+00:00,eligible_current_governed,601d76709ede3deab87f14996187c48d5657e4f94e58ddbb3ec40d337eb2c2e2,184.0,ArsinkRAT,rat,Zimperium IOC,com.hackedfacebook,2025-04-14 09:16:50+00:00,False,True,True
39359,72dfeb5a7bfc7ae99f9a10498d4d4274152029899fde342c79abfd5e1fb8d980,184.0,ArsinkRAT,rat,Zimperium IOC,sisurya.root,2025-10-22 16:19:46+00:00,eligible_current_governed,72dfeb5a7bfc7ae99f9a10498d4d4274152029899fde342c79abfd5e1fb8d980,184.0,ArsinkRAT,rat,Zimperium IOC,sisurya.root,2025-10-22 16:19:46+00:00,False,True,True
39360,9fe2c0fb4555ba7abef6facf0b0de39867d9591f338242cd49aafa5c616776c9,184.0,ArsinkRAT,rat,Zimperium IOC,com.ghostrat,2025-08-25 09:08:49+00:00,eligible_current_governed,9fe2c0fb4555ba7abef6facf0b0de39867d9591f338242cd49aafa5c616776c9,184.0,ArsinkRAT,rat,Zimperium IOC,com.ghostrat,2025-08-25 09:08:49+00:00,False,True,True
39361,6d2e07713c666a3a5daf7145b78e41bdb5552abd26c37fa95db91ce6942043c5,184.0,ArsinkRAT,rat,Zimperium IOC,nikola.tesla,2025-09-04 13:07:33+00:00,eligible_current_governed,6d2e07713c666a3a5daf7145b78e41bdb5552abd26c37fa95db91ce6942043c5,184.0,ArsinkRAT,rat,Zimperium IOC,nikola.tesla,2025-09-04 13:07:33+00:00,False,True,True
39362,2329a1825c94b487a3212d6af8573a80073b473bbf5bb1c890e70605890971de,184.0,ArsinkRAT,rat,Zimperium IOC,remove.clothes.com,2025-03-22 19:07:20+00:00,eligible_current_governed,2329a1825c94b487a3212d6af8573a80073b473bbf5bb1c890e70605890971de,184.0,ArsinkRAT,rat,Zimperium IOC,remove.clothes.com,2025-03-22 19:07:20+00:00,False,True,True
39363,d9e57a3c9a25cd8b2157f114eae064a7680ac8d6daaaaeed8875df98a611ec1a,184.0,ArsinkRAT,rat,Zimperium IOC,com.course.app,2025-03-20 22:04:14+00:00,eligible_current_governed,d9e57a3c9a25cd8b2157f114eae064a7680ac8d6daaaaeed8875df98a611ec1a,184.0,ArsinkRAT,rat,Zimperium IOC,com.course.app,2025-03-20 22:04:14+00:00,False,True,True
39364,8a916c4b0eb1f7260806172a3d2b04b994c8db07315fceaf2f43f4b119f998b2,184.0,ArsinkRAT,rat,Zimperium IOC,com.Wifi,2025-10-04 19:20:21+00:00,eligible_current_governed,8a916c4b0eb1f7260806172a3d2b04b994c8db07315fceaf2f43f4b119f998b2,184.0,ArsinkRAT,rat,Zimperium IOC,com.Wifi,2025-10-04 19:20:21+00:00,False,True,True
39365,4fda7570a08fc83906ded81f329b610dd6d49d814659aa56c25048d99b898f8c,184.0,ArsinkRAT,rat,Zimperium IOC,com.loquendo.IA,2025-05-25 20:27:55+00:00,eligible_current_governed,4fda7570a08fc83906ded81f329b610dd6d49d814659aa56c25048d99b898f8c,184.0,ArsinkRAT,rat,Zimperium IOC,com.loquendo.IA,2025-05-25 20:27:55+00:00,False,True,True
39366,d618aef505cc7322182c9363bb42ca2de0733ce525bbc5461df788d224c9008f,184.0,ArsinkRAT,rat,Zimperium IOC,nikola.tesla,2024-08-05 02:55:07+00:00,eligible_current_governed,d618aef505cc7322182c9363bb42ca2de0733ce525bbc5461df788d224c9008f,184.0,ArsinkRAT,rat,Zimperium IOC,nikola.tesla,2024-08-05 02:55:07+00:00,False,True,True
39367,ab5ca4df0a92c0061e78abcd9eda601f02d27cfcf81473f85f3fb9834839fb35,184.0,ArsinkRAT,rat,Zimperium IOC,com.metodsbansut0102,2025-10-22 12:20:35+00:00,eligible_current_governed,ab5ca4df0a92c0061e78abcd9eda601f02d27cfcf81473f85f3fb9834839fb35,184.0,ArsinkRAT,rat,Zimperium IOC,com.metodsbansut0102,2025-10-22 12:20:35+00:00,False,True,True
39368,2449fec116d2101d2c3a819cbd673c4546f388022ca7deb9291611569a7050e0,184.0,ArsinkRAT,rat,Zimperium IOC,YouYube.Premium,2025-07-03 14:40:12+00:00,eligible_current_governed,2449fec116d2101d2c3a819cbd673c4546f388022ca7deb9291611569a7050e0,184.0,ArsinkRAT,rat,Zimperium IOC,YouYube.Premium,2025-07-03 14:40:12+00:00,False,True,True
39369,1b41eb672b1ad1d32e0040bbb50b8918656426dc3adb8f1a7d94c4cb05a86144,184.0,ArsinkRAT,rat,Zimperium IOC,com.sms.use,2024-04-23 01:51:01+00:00,eligible_current_governed,1b41eb672b1ad1d32e0040bbb50b8918656426dc3adb8f1a7d94c4cb05a86144,184.0,ArsinkRAT,rat,Zimperium IOC,com.sms.use,2024-04-23 01:51:01+00:00,False,True,True
39370,b43b59f856aef8371bc6070507dba942ac7e5b8f6adcaaf9edc28f8bcab0d128,184.0,ArsinkRAT,rat,Zimperium IOC,nikola.tesla,2025-04-08 17:20:53+00:00,eligible_current_governed,b43b59f856aef8371bc6070507dba942ac7e5b8f6adcaaf9edc28f8bcab0d128,184.0,ArsinkRAT,rat,Zimperium IOC,nikola.tesla,2025-04-08 17:20:53+00:00,False,True,True
39371,aefb603ac3d10b226748a0bcd1b0349bea8ca3ebaaf12fbf7e8d7071bffe4311,184.0,ArsinkRAT,rat,Zimperium IOC,com.toxicrat.in,2025-10-19 15:24:02+00:00,eligible_current_governed,aefb603ac3d10b226748a0bcd1b0349bea8ca3ebaaf12fbf7e8d7071bffe4311,184.0,ArsinkRAT,rat,Zimperium IOC,com.toxicrat.in,2025-10-19 15:24:02+00:00,False,True,True
39372,8e49dc30d43f4eba21c685d72dc2772ec5160f0f26e6fd7eaa8e1e7ecc5224ee,184.0,ArsinkRAT,rat,Zimperium IOC,com.wifi.attacker.demon,2025-03-29 08:41:01+00:00,eligible_current_governed,8e49dc30d43f4eba21c685d72dc2772ec5160f0f26e6fd7eaa8e1e7ecc5224ee,184.0,ArsinkRAT,rat,Zimperium IOC,com.wifi.attacker.demon,2025-03-29 08:41:01+00:00,False,True,True
39373,0c5f712441a3082675a8078873368d81b1b08797632d6dbeec5c5a5ed4075574,184.0,ArsinkRAT,rat,Zimperium IOC,com.metodsbansut0102,2025-07-08 15:20:35+00:00,eligible_current_governed,0c5f712441a3082675a8078873368d81b1b08797632d6dbeec5c5a5ed4075574,184.0,ArsinkRAT,rat,Zimperium IOC,com.metodsbansut0102,2025-07-08 15:20:35+00:00,False,True,True
39374,17e17a9eec76fa185804b03a9c84494399385668894894caae41518794a32e2e,184.0,ArsinkRAT,rat,Zimperium IOC,,2025-04-20 00:28:45+00:00,eligible_current_governed,17e17a9eec76fa185804b03a9c84494399385668894894caae41518794a32e2e,184.0,ArsinkRAT,rat,Zimperium IOC,,2025-04-20 00:28:45+00:00,False,True,True
39375,2bf18e30f75d5e69ceb531f708b7bfc5f32dfff2b4a2d71d985f1273c61eb881,184.0,ArsinkRAT,rat,Zimperium IOC,nikola.tesla,2025-06-29 02:22:27+00:00,eligible_current_governed,2bf18e30f75d5e69ceb531f708b7bfc5f32dfff2b4a2d71d985f1273c61eb881,184.0,ArsinkRAT,rat,Zimperium IOC,nikola.tesla,2025-06-29 02:22:27+00:00,False,True,True
39376,f8220dbfae076a5fe6b6b2948a6b9c44152a1345c285f76dcbcf23559c48e064,184.0,ArsinkRAT,rat,Zimperium IOC,nikola.tesla,2025-03-18 06:09:41+00:00,eligible_current_governed,f8220dbfae076a5fe6b6b2948a6b9c44152a1345c285f76dcbcf23559c48e064,184.0,ArsinkRAT,rat,Zimperium IOC,nikola.tesla,2025-03-18 06:09:41+00:00,False,True,True
39377,eecadbc50ff3f85a8e8b7f8005868bc09f13d0ce436c62e06b88d71fb8733e64,184.0,ArsinkRAT,rat,Zimperium IOC,remove.clothes.com,2025-03-24 15:28:12+00:00,eligible_current_governed,eecadbc50ff3f85a8e8b7f8005868bc09f13d0ce436c62e06b88d71fb8733e64,184.0,ArsinkRAT,rat,Zimperium IOC,remove.clothes.com,2025-03-24 15:28:12+00:00,False,True,True
39378,3d3bb54ee2094338e608a243c2da7244cc5d8405d075e98f716bb82b4a5bb83e,184.0,ArsinkRAT,rat,Zimperium IOC,nikola.tesla,2025-03-30 16:16:03+00:00,eligible_current_governed,3d3bb54ee2094338e608a243c2da7244cc5d8405d075e98f716bb82b4a5bb83e,184.0,ArsinkRAT,rat,Zimperium IOC,nikola.tesla,2025-03-30 16:16:03+00:00,False,True,True
39379,45e155aa5ef1f89c6757816049a277992ed3e89782a9f69d3407706a69204313,184.0,ArsinkRAT,rat,Zimperium IOC,nikola.tesla,2025-04-20 09:40:57+00:00,eligible_current_governed,45e155aa5ef1f89c6757816049a277992ed3e89782a9f69d3407706a69204313,184.0,ArsinkRAT,rat,Zimperium IOC,nikola.tesla,2025-04-20 09:40:57+00:00,False,True,True
39380,f59bc09b7ea9455210febea09ca2f2bf4d61b0f2b526c4e3edfb609528fa8807,184.0,ArsinkRAT,rat,Zimperium IOC,com.orderkuota,2025-04-12 20:19:52+00:00,eligible_current_governed,f59bc09b7ea9455210febea09ca2f2bf4d61b0f2b526c4e3edfb609528fa8807,184.0,ArsinkRAT,rat,Zimperium IOC,com.orderkuota,2025-04-12 20:19:52+00:00,False,True,True
39381,7a660ca3e92a5f8ea0457c6bdde04b0713cbede0c667d269fc5f97e952458697,184.0,ArsinkRAT,rat,Zimperium IOC,com.hackedwifi,2025-01-08 04:52:31+00:00,eligible_current_governed,7a660ca3e92a5f8ea0457c6bdde04b0713cbede0c667d269fc5f97e952458697,184.0,ArsinkRAT,rat,Zimperium IOC,com.hackedwifi,2025-01-08 04:52:31+00:00,False,True,True
39382,379e656c1f4b78d6434e34849af171ef37682cbe46ba2e6cec9d1c1d90d14b09,184.0,ArsinkRAT,rat,Zimperium IOC,nikola.tesla,2025-09-21 16:43:55+00:00,eligible_current_governed,379e656c1f4b78d6434e34849af171ef37682cbe46ba2e6cec9d1c1d90d14b09,184.0,ArsinkRAT,rat,Zimperium IOC,nikola.tesla,2025-09-21 16:43:55+00:00,False,True,True
39383,e3ea78daa4abeaaf7d32af5f37a1ffb6c1ec132ffc959892fd986b808f2055ba,184.0,ArsinkRAT,rat,Zimperium IOC,com.my.victim,2025-03-28 19:51:17+00:00,eligible_current_governed,e3ea78daa4abeaaf7d32af5f37a1ffb6c1ec132ffc959892fd986b808f2055ba,184.0,ArsinkRAT,rat,Zimperium IOC,com.my.victim,2025-03-28 19:51:17+00:00,False,True,True
39384,7784c91c2dabb8911448713be8429e76b101e5de6e8ea6487266f4e799e67663,184.0,ArsinkRAT,rat,Zimperium IOC,com.benwhatappcore,2025-05-12 15:34:18+00:00,eligible_current_governed,7784c91c2dabb8911448713be8429e76b101e5de6e8ea6487266f4e799e67663,184.0,ArsinkRAT,rat,Zimperium IOC,com.benwhatappcore,2025-05-12 15:34:18+00:00,False,True,True
39385,5f6579215f85bf52961b6db9f96e5d3d40de2284f22fd680b3c69afbf1ae695a,184.0,ArsinkRAT,rat,Zimperium IOC,com.sisuryaofficial.april1,2025-05-27 11:11:43+00:00,eligible_current_governed,5f6579215f85bf52961b6db9f96e5d3d40de2284f22fd680b3c69afbf1ae695a,184.0,ArsinkRAT,rat,Zimperium IOC,com.sisuryaofficial.april1,2025-05-27 11:11:43+00:00,False,True,True
39386,8a352c2fb905052141f684c7cd215ee0bbc4b7a90f62a7517d189801de990e95,184.0,ArsinkRAT,rat,Zimperium IOC,nikola.teslb,2025-04-04 22:06:20+00:00,eligible_current_governed,8a352c2fb905052141f684c7cd215ee0bbc4b7a90f62a7517d189801de990e95,184.0,ArsinkRAT,rat,Zimperium IOC,nikola.teslb,2025-04-04 22:06:20+00:00,False,True,True
39387,38468ff0fce729d475a062b9186753e580d1355f41ca935e98e1e8af4f66c319,184.0,ArsinkRAT,rat,Zimperium IOC,nikola.tesla,2025-03-06 00:34:19+00:00,eligible_current_governed,38468ff0fce729d475a062b9186753e580d1355f41ca935e98e1e8af4f66c319,184.0,ArsinkRAT,rat,Zimperium IOC,nikola.tesla,2025-03-06 00:34:19+00:00,False,True,True
39388,978f83ead8a72d26c75149fd07318cb8aebbe203d8a5c38b7231ad6148712b8f,184.0,ArsinkRAT,rat,Zimperium IOC,com.nekocare2024,2025-03-19 22:40:08+00:00,eligible_current_governed,978f83ead8a72d26c75149fd07318cb8aebbe203d8a5c38b7231ad6148712b8f,184.0,ArsinkRAT,rat,Zimperium IOC,com.nekocare2024,2025-03-19 22:40:08+00:00,False,True,True
39389,568ce0381d5a977829c61f3cd676e6d4e5077912d2e19888193c1a20c060ac1e,184.0,ArsinkRAT,rat,Zimperium IOC,com.wGalaxyTexxas,2025-10-13 06:15:39+00:00,eligible_current_governed,568ce0381d5a977829c61f3cd676e6d4e5077912d2e19888193c1a20c060ac1e,184.0,ArsinkRAT,rat,Zimperium IOC,com.wGalaxyTexxas,2025-10-13 06:15:39+00:00,False,True,True
39390,9a2db5f7d84edb474eb5a2617871a71b073b851837b01e0d673d5b1f45f7a587,184.0,ArsinkRAT,rat,Zimperium IOC,com.mthodsban.bysisurya,2025-03-08 02:08:49+00:00,eligible_current_governed,9a2db5f7d84edb474eb5a2617871a71b073b851837b01e0d673d5b1f45f7a587,184.0,ArsinkRAT,rat,Zimperium IOC,com.mthodsban.bysisurya,2025-03-08 02:08:49+00:00,False,True,True
39391,087e7d788910daa43fe8384fb9f598b575a858db953829e81d991188b57b09db,184.0,ArsinkRAT,rat,Zimperium IOC,com.ArsinkRat,2025-04-02 18:41:21+00:00,eligible_current_governed,087e7d788910daa43fe8384fb9f598b575a858db953829e81d991188b57b09db,184.0,ArsinkRAT,rat,Zimperium IOC,com.ArsinkRat,2025-04-02 18:41:21+00:00,False,True,True
39392,cdcebbb277fee5c198fd33d281061739b511469b1cb466afb306dac53dc0a377,184.0,ArsinkRAT,rat,Zimperium IOC,com.whatsappblash.suryah1,2025-05-19 22:37:02+00:00,eligible_current_governed,cdcebbb277fee5c198fd33d281061739b511469b1cb466afb306dac53dc0a377,184.0,ArsinkRAT,rat,Zimperium IOC,com.whatsappblash.suryah1,2025-05-19 22:37:02+00:00,False,True,True
39393,d8c6f6ac7795d546930d559d61075c3148568238b6ce8c520ea338979846fe0c,184.0,ArsinkRAT,rat,Zimperium IOC,com.wifi.hack,2025-04-04 12:20:14+00:00,eligible_current_governed,d8c6f6ac7795d546930d559d61075c3148568238b6ce8c520ea338979846fe0c,184.0,ArsinkRAT,rat,Zimperium IOC,com.wifi.hack,2025-04-04 12:20:14+00:00,False,True,True
39394,15fbb3ebd2d51f3c3cd19ef094a8e4c91c0f1c0883f0168b63cc5902cc4dc76a,184.0,ArsinkRAT,rat,Zimperium IOC,com.sisuryaofficial.b1,2025-04-08 10:32:38+00:00,eligible_current_governed,15fbb3ebd2d51f3c3cd19ef094a8e4c91c0f1c0883f0168b63cc5902cc4dc76a,184.0,ArsinkRAT,rat,Zimperium IOC,com.sisuryaofficial.b1,2025-04-08 10:32:38+00:00,False,True,True
39395,fe72849e88d0e326777ab355b51b9b6245a7b84358e2911fd30bb2fb4b618053,184.0,ArsinkRAT,rat,Zimperium IOC,com.freefire.panel.bysisurya,2025-04-10 08:38:07+00:00,eligible_current_governed,fe72849e88d0e326777ab355b51b9b6245a7b84358e2911fd30bb2fb4b618053,184.0,ArsinkRAT,rat,Zimperium IOC,com.freefire.panel.bysisurya,2025-04-10 08:38:07+00:00,False,True,True
39396,ef345a249e61fd6933bb2dc9285adbeda781d5be4160715f4d2638a6154d16a6,184.0,ArsinkRAT,rat,Zimperium IOC,wifi.hack.com,2025-03-27 23:57:04+00:00,eligible_current_governed,ef345a249e61fd6933bb2dc9285adbeda781d5be4160715f4d2638a6154d16a6,184.0,ArsinkRAT,rat,Zimperium IOC,wifi.hack.com,2025-03-27 23:57:04+00:00,False,True,True
39397,a14848d0e7c2bb1d2b135d74687c875ecb5652a8cc91a760cd274ea0a4658820,184.0,ArsinkRAT,rat,Zimperium IOC,wifi.hack.com,2025-04-09 09:33:56+00:00,eligible_current_governed,a14848d0e7c2bb1d2b135d74687c875ecb5652a8cc91a760cd274ea0a4658820,184.0,ArsinkRAT,rat,Zimperium IOC,wifi.hack.com,2025-04-09 09:33:56+00:00,False,True,True
39398,5db713f8fc380e6d39b147b1f840d3b60987dc61f7304dea82e8bad50e2ca1a5,184.0,ArsinkRAT,rat,Zimperium IOC,remove.clothes.com,2025-05-09 23:37:29+00:00,eligible_current_governed,5db713f8fc380e6d39b147b1f840d3b60987dc61f7304dea82e8bad50e2ca1a5,184.0,ArsinkRAT,rat,Zimperium IOC,remove.clothes.com,2025-05-09 23:37:29+00:00,False,True,True
39399,c8dfe0f7a08e3a277e94c4ebb4e7af5c55fe1305f9279b2f1bcfe4f2c32f71d8,184.0,ArsinkRAT,rat,Zimperium IOC,com.grow.in,2025-04-11 04:48:56+00:00,eligible_current_governed,c8dfe0f7a08e3a277e94c4ebb4e7af5c55fe1305f9279b2f1bcfe4f2c32f71d8,184.0,ArsinkRAT,rat,Zimperium IOC,com.grow.in,2025-04-11 04:48:56+00:00,False,True,True
39400,ed23ff7dec9a0a0314ccc1c14c76858ac2c2731b6adb0e70b9c34b0f8b15105e,184.0,ArsinkRAT,rat,Zimperium IOC,com.DeathRat,2025-04-04 16:54:04+00:00,eligible_current_governed,ed23ff7dec9a0a0314ccc1c14c76858ac2c2731b6adb0e70b9c34b0f8b15105e,184.0,ArsinkRAT,rat,Zimperium IOC,com.DeathRat,2025-04-04 16:54:04+00:00,False,True,True
39401,013a43cdfa17c448ef6199b07ee9b366b6fa50959460dc7a0664e55be6fbd016,184.0,ArsinkRAT,rat,Zimperium IOC,com.hackedfacebook,2025-03-05 07:46:02+00:00,eligible_current_governed,013a43cdfa17c448ef6199b07ee9b366b6fa50959460dc7a0664e55be6fbd016,184.0,ArsinkRAT,rat,Zimperium IOC,com.hackedfacebook,2025-03-05 07:46:02+00:00,False,True,True
39402,ab2064f076dd4120a0a752223c31fdfb6276085f9a0c7310ce89e5eadfe04a65,184.0,ArsinkRAT,rat,Zimperium IOC,com.speed.vip,2025-04-04 13:19:01+00:00,eligible_current_governed,ab2064f076dd4120a0a752223c31fdfb6276085f9a0c7310ce89e5eadfe04a65,184.0,ArsinkRAT,rat,Zimperium IOC,com.speed.vip,2025-04-04 13:19:01+00:00,False,True,True
39403,82a9877b3fc54b91afc1c7565e7867e1b1b0d13a708d3b948faf049959201095,184.0,ArsinkRAT,rat,Zimperium IOC,com.Spider,2025-03-06 11:44:27+00:00,eligible_current_governed,82a9877b3fc54b91afc1c7565e7867e1b1b0d13a708d3b948faf049959201095,184.0,ArsinkRAT,rat,Zimperium IOC,com.Spider,2025-03-06 11:44:27+00:00,False,True,True
39404,843ace2c16df713a930943cb6badfddab2da8ca8c719bef1a8dbcd535d00aff1,184.0,ArsinkRAT,rat,Zimperium IOC,com.spyphone,2025-04-10 05:55:01+00:00,eligible_current_governed,843ace2c16df713a930943cb6badfddab2da8ca8c719bef1a8dbcd535d00aff1,184.0,ArsinkRAT,rat,Zimperium IOC,com.spyphone,2025-04-10 05:55:01+00:00,False,True,True
39405,988f3b89978f28c5ffe5b31a19cccd15142fcc58297ce267fe31d67a8ca624ae,184.0,ArsinkRAT,rat,Zimperium IOC,,2025-06-02 17:16:40+00:00,eligible_current_governed,988f3b89978f28c5ffe5b31a19cccd15142fcc58297ce267fe31d67a8ca624ae,184.0,ArsinkRAT,rat,Zimperium IOC,,2025-06-02 17:16:40+00:00,False,True,True
39406,424fee95f9cf8a9632643dd379c14643f6c010d22137eff5ec2088e4ea019da6,184.0,ArsinkRAT,rat,Zimperium IOC,com.hackedfacebook,2025-03-12 15:15:46+00:00,eligible_current_governed,424fee95f9cf8a9632643dd379c14643f6c010d22137eff5ec2088e4ea019da6,184.0,ArsinkRAT,rat,Zimperium IOC,com.hackedfacebook,2025-03-12 15:15:46+00:00,False,True,True
39407,556ba5f38aafe4580724d395f074f0d9053b743e2d90edac2f59aed54e46d632,184.0,ArsinkRAT,rat,Zimperium IOC,com.metodebanpro,2025-07-02 06:45:04+00:00,eligible_current_governed,556ba5f38aafe4580724d395f074f0d9053b743e2d90edac2f59aed54e46d632,184.0,ArsinkRAT,rat,Zimperium IOC,com.metodebanpro,2025-07-02 06:45:04+00:00,False,True,True
39408,16cee6c1daabb9100920537a6d4e2438b13df7bcc69a520455ba0ab380ad16ef,184.0,ArsinkRAT,rat,Zimperium IOC,com.my.victim,2025-05-22 20:19:21+00:00,eligible_current_governed,16cee6c1daabb9100920537a6d4e2438b13df7bcc69a520455ba0ab380ad16ef,184.0,ArsinkRAT,rat,Zimperium IOC,com.my.victim,2025-05-22 20:19:21+00:00,False,True,True
39409,c1aed8dd97e038ff49d8d85ea50326736913b435618cc3d4609b8b3298308d3a,184.0,ArsinkRAT,rat,Zimperium IOC,com.metodebansisuryb,2025-10-21 06:37:26+00:00,eligible_current_governed,c1aed8dd97e038ff49d8d85ea50326736913b435618cc3d4609b8b3298308d3a,184.0,ArsinkRAT,rat,Zimperium IOC,com.metodebansisuryb,2025-10-21 06:37:26+00:00,False,True,True
39410,53d22da0e1ee692473379aba6f6534fd8af08bef7821fe91b613a21e899befac,184.0,ArsinkRAT,rat,Zimperium IOC,nikola.tesla,2025-06-25 20:31:16+00:00,eligible_current_governed,53d22da0e1ee692473379aba6f6534fd8af08bef7821fe91b613a21e899befac,184.0,ArsinkRAT,rat,Zimperium IOC,nikola.tesla,2025-06-25 20:31:16+00:00,False,True,True
39411,9eb4d5717d1aeecb48de639e76ceb5c027df06db416b981640d0678c3c17b04c,184.0,ArsinkRAT,rat,Zimperium IOC,com.tools,2025-03-29 08:38:13+00:00,eligible_current_governed,9eb4d5717d1aeecb48de639e76ceb5c027df06db416b981640d0678c3c17b04c,184.0,ArsinkRAT,rat,Zimperium IOC,com.tools,2025-03-29 08:38:13+00:00,False,True,True
39412,62b0c995b52e7d5da7aebc7d378070eb509d33764af8c5a5818f23e2e96b516c,184.0,ArsinkRAT,rat,Zimperium IOC,com.ai.appo,2025-06-30 15:35:59+00:00,eligible_current_governed,62b0c995b52e7d5da7aebc7d378070eb509d33764af8c5a5818f23e2e96b516c,184.0,ArsinkRAT,rat,Zimperium IOC,com.ai.appo,2025-06-30 15:35:59+00:00,False,True,True
39413,765ea8c2567126f59a4b7b13a7db2ccbaa63c65876dd87faee32c86714e3f51e,184.0,ArsinkRAT,rat,Zimperium IOC,com.metodsbansut0102,2025-05-03 17:23:29+00:00,eligible_current_governed,765ea8c2567126f59a4b7b13a7db2ccbaa63c65876dd87faee32c86714e3f51e,184.0,ArsinkRAT,rat,Zimperium IOC,com.metodsbansut0102,2025-05-03 17:23:29+00:00,False,True,True
39414,8d6b57649f50ea0360bc3b5fb5c687816bc8fa52dc2072db4b23535202bff552,184.0,ArsinkRAT,rat,Zimperium IOC,com.Spider,2025-05-16 09:35:00+00:00,eligible_current_governed,8d6b57649f50ea0360bc3b5fb5c687816bc8fa52dc2072db4b23535202bff552,184.0,ArsinkRAT,rat,Zimperium IOC,com.Spider,2025-05-16 09:35:00+00:00,False,True,True
39415,921443b707a2e7c13c5ef351e303bdef179d9f41102417f518a07ff20259df1c,184.0,ArsinkRAT,rat,Zimperium IOC,nikola.tesla,2025-06-24 10:40:28+00:00,eligible_current_governed,921443b707a2e7c13c5ef351e303bdef179d9f41102417f518a07ff20259df1c,184.0,ArsinkRAT,rat,Zimperium IOC,nikola.tesla,2025-06-24 10:40:28+00:00,False,True,True
39416,07d1c5f80c9a6679b7fc39ea80bfbc732a07b5d9e5df00e2aefe10ea5eb4812e,184.0,ArsinkRAT,rat,Zimperium IOC,,2025-04-16 04:18:52+00:00,eligible_current_governed,07d1c5f80c9a6679b7fc39ea80bfbc732a07b5d9e5df00e2aefe10ea5eb4812e,184.0,ArsinkRAT,rat,Zimperium IOC,,2025-04-16 04:18:52+00:00,False,True,True
39417,f8c9944c8c7d23dbb1106a90770db8dc6103d627c43552507b071be3dc44db47,184.0,ArsinkRAT,rat,Zimperium IOC,com.metodebansisuryaoffc,2025-03-07 09:57:49+00:00,eligible_current_governed,f8c9944c8c7d23dbb1106a90770db8dc6103d627c43552507b071be3dc44db47,184.0,ArsinkRAT,rat,Zimperium IOC,com.metodebansisuryaoffc,2025-03-07 09:57:49+00:00,False,True,True
39418,9d1ed498e36e93029cce009690fa13da7a56d33d4838a81bbaa7548383e2ebb5,184.0,ArsinkRAT,rat,Zimperium IOC,com.make.money,2025-05-23 03:07:46+00:00,eligible_current_governed,9d1ed498e36e93029cce009690fa13da7a56d33d4838a81bbaa7548383e2ebb5,184.0,ArsinkRAT,rat,Zimperium IOC,com.make.money,2025-05-23 03:07:46+00:00,False,True,True
39419,0948e1583a7b387e089b9c134a29bfbf654e941635d556c60d699a04ead21472,184.0,ArsinkRAT,rat,Zimperium IOC,com.loquendo.IA,2024-03-23 15:41:55+00:00,eligible_current_governed,0948e1583a7b387e089b9c134a29bfbf654e941635d556c60d699a04ead21472,184.0,ArsinkRAT,rat,Zimperium IOC,com.loquendo.IA,2024-03-23 15:41:55+00:00,False,True,True
39420,1e78bb7705bde828a56885f03db22ffef25b05a7212f7bdf53872028842c7ab7,184.0,ArsinkRAT,rat,Zimperium IOC,com.my.victim,2025-06-15 22:20:19+00:00,eligible_current_governed,1e78bb7705bde828a56885f03db22ffef25b05a7212f7bdf53872028842c7ab7,184.0,ArsinkRAT,rat,Zimperium IOC,com.my.victim,2025-06-15 22:20:19+00:00,False,True,True
39421,06a2b6c96f6b792fa4be8a7b6aa780c35862ba6dba8ebc61d12be200cb4216bc,184.0,ArsinkRAT,rat,Zimperium IOC,com.cyber.wifi,2025-10-23 13:33:14+00:00,eligible_current_governed,06a2b6c96f6b792fa4be8a7b6aa780c35862ba6dba8ebc61d12be200cb4216bc,184.0,ArsinkRAT,rat,Zimperium IOC,com.cyber.wifi,2025-10-23 13:33:14+00:00,False,True,True
39422,830748ed66c4d2040a81a3cd5f7d59e2b56fd28c9a966ab746a8cd195afdec25,184.0,ArsinkRAT,rat,Zimperium IOC,nikola.tesla,2025-06-30 22:33:47+00:00,eligible_current_governed,830748ed66c4d2040a81a3cd5f7d59e2b56fd28c9a966ab746a8cd195afdec25,184.0,ArsinkRAT,rat,Zimperium IOC,nikola.tesla,2025-06-30 22:33:47+00:00,False,True,True
39423,559b35d17564c02a7b0b19a04fa9bba7e6a851b878a4430d6a2b638d0c72f0ca,184.0,ArsinkRAT,rat,Zimperium IOC,com.watsapp.ELMALA3EN,2025-06-21 02:08:24+00:00,eligible_current_governed,559b35d17564c02a7b0b19a04fa9bba7e6a851b878a4430d6a2b638d0c72f0ca,184.0,ArsinkRAT,rat,Zimperium IOC,com.watsapp.ELMALA3EN,2025-06-21 02:08:24+00:00,False,True,True
39424,edd39e61f5a52c35c4ec98d8dc4a3a56f3bc4008e6cdf5e2c750ddb31ee9d599,184.0,ArsinkRAT,rat,Zimperium IOC,com.Dark.Silence,2025-05-11 02:46:07+00:00,eligible_current_governed,edd39e61f5a52c35c4ec98d8dc4a3a56f3bc4008e6cdf5e2c750ddb31ee9d599,184.0,ArsinkRAT,rat,Zimperium IOC,com.Dark.Silence,2025-05-11 02:46:07+00:00,False,True,True
39425,7a1d7ccc28ae07fb7f8e1c0e728a4d13c25b74735daac2dbbabac29d7b53e245,184.0,ArsinkRAT,rat,Zimperium IOC,com.metodsbansut0102,2025-05-26 08:44:38+00:00,eligible_current_governed,7a1d7ccc28ae07fb7f8e1c0e728a4d13c25b74735daac2dbbabac29d7b53e245,184.0,ArsinkRAT,rat,Zimperium IOC,com.metodsbansut0102,2025-05-26 08:44:38+00:00,False,True,True
39426,456b6f96918fa9c8664e792d661cadaf902949b5baeb6468ea32c922b2bbacab,184.0,ArsinkRAT,rat,Zimperium IOC,com.kucingadmin17,2025-03-03 02:35:36+00:00,eligible_current_governed,456b6f96918fa9c8664e792d661cadaf902949b5baeb6468ea32c922b2bbacab,184.0,ArsinkRAT,rat,Zimperium IOC,com.kucingadmin17,2025-03-03 02:35:36+00:00,False,True,True
39427,8939a3855adb57055782be9dc6a1a17df06a56b0f2847d2a05c6f0fd5f006f7d,184.0,ArsinkRAT,rat,Zimperium IOC,com.followup.tools,2025-09-03 04:56:38+00:00,eligible_current_governed,8939a3855adb57055782be9dc6a1a17df06a56b0f2847d2a05c6f0fd5f006f7d,184.0,ArsinkRAT,rat,Zimperium IOC,com.followup.tools,2025-09-03 04:56:38+00:00,False,True,True
39428,a950ded735d1e6c5eff5d0eae6d2473260cc10551f7489525b6c0b991fc53e14,184.0,ArsinkRAT,rat,Zimperium IOC,com.surxrav2,2025-03-01 16:21:23+00:00,eligible_current_governed,a950ded735d1e6c5eff5d0eae6d2473260cc10551f7489525b6c0b991fc53e14,184.0,ArsinkRAT,rat,Zimperium IOC,com.surxrav2,2025-03-01 16:21:23+00:00,False,True,True
39429,226b150b24fe5f9dcb396746a93d0dc38927fcbd140d317008a386fb646b6824,184.0,ArsinkRAT,rat,Zimperium IOC,com.wifi.attacker.redx,2025-05-24 04:46:22+00:00,eligible_current_governed,226b150b24fe5f9dcb396746a93d0dc38927fcbd140d317008a386fb646b6824,184.0,ArsinkRAT,rat,Zimperium IOC,com.wifi.attacker.redx,2025-05-24 04:46:22+00:00,False,True,True
39430,353b8144ab7871dbd25caa4a66662e49d3cdc418ff0f9d15e248a7981991c919,184.0,ArsinkRAT,rat,Zimperium IOC,com.metodsbansut0102,2025-07-07 16:44:32+00:00,eligible_current_governed,353b8144ab7871dbd25caa4a66662e49d3cdc418ff0f9d15e248a7981991c919,184.0,ArsinkRAT,rat,Zimperium IOC,com.metodsbansut0102,2025-07-07 16:44:32+00:00,False,True,True
39431,dfad4b4d2151ecd8c4e5bd0f73d6452a917c47e02c648e84aaf091264a5641ff,184.0,ArsinkRAT,rat,Zimperium IOC,com.metodsbansur,2025-03-06 06:30:48+00:00,eligible_current_governed,dfad4b4d2151ecd8c4e5bd0f73d6452a917c47e02c648e84aaf091264a5641ff,184.0,ArsinkRAT,rat,Zimperium IOC,com.metodsbansur,2025-03-06 06:30:48+00:00,False,True,True
39432,5159fc74b48d38aac7822d9e69e17ac2e630553d0e2162a06fa066ee7febcf7f,184.0,ArsinkRAT,rat,Zimperium IOC,com.CYBER.EVO,2025-10-23 13:31:16+00:00,eligible_current_governed,5159fc74b48d38aac7822d9e69e17ac2e630553d0e2162a06fa066ee7febcf7f,184.0,ArsinkRAT,rat,Zimperium IOC,com.CYBER.EVO,2025-10-23 13:31:16+00:00,False,True,True
39433,966b2525a9bfe724922670bf9b039153595812fc750bd00b1707a75955e1595a,184.0,ArsinkRAT,rat,Zimperium IOC,com.cyber.wifi,2025-10-23 13:33:14+00:00,eligible_current_governed,966b2525a9bfe724922670bf9b039153595812fc750bd00b1707a75955e1595a,184.0,ArsinkRAT,rat,Zimperium IOC,com.cyber.wifi,2025-10-23 13:33:14+00:00,False,True,True
39434,ded8f01050173bcb5bd6429f7444800db4bfc0f8f9dfc4f4813168a6db0b13f5,184.0,ArsinkRAT,rat,Zimperium IOC,com.course.app,2025-03-03 20:22:22+00:00,eligible_current_governed,ded8f01050173bcb5bd6429f7444800db4bfc0f8f9dfc4f4813168a6db0b13f5,184.0,ArsinkRAT,rat,Zimperium IOC,com.course.app,2025-03-03 20:22:22+00:00,False,True,True
39435,d184402ce5e5eea30b10e008f9a4c05db8533d6f32a55113412552505cec3e5c,184.0,ArsinkRAT,rat,Zimperium IOC,wifi.h.tv.com,2025-06-11 17:17:27+00:00,eligible_current_governed,d184402ce5e5eea30b10e008f9a4c05db8533d6f32a55113412552505cec3e5c,184.0,ArsinkRAT,rat,Zimperium IOC,wifi.h.tv.com,2025-06-11 17:17:27+00:00,False,True,True
39436,e15fda3a1068215b28f8751b8c2f9a748fb1e5fd1879ec4000bb761f27e7c909,184.0,ArsinkRAT,rat,Zimperium IOC,com.xrat,2023-12-12 05:24:35+00:00,eligible_current_governed,e15fda3a1068215b28f8751b8c2f9a748fb1e5fd1879ec4000bb761f27e7c909,184.0,ArsinkRAT,rat,Zimperium IOC,com.xrat,2023-12-12 05:24:35+00:00,False,True,True
39437,ca120151bc2e86eebe90d99a89fd06b1e8bd73a349907a57576250e7318452ae,184.0,ArsinkRAT,rat,Zimperium IOC,com.redx.Attacker,2025-08-07 16:28:50+00:00,eligible_current_governed,ca120151bc2e86eebe90d99a89fd06b1e8bd73a349907a57576250e7318452ae,184.0,ArsinkRAT,rat,Zimperium IOC,com.redx.Attacker,2025-08-07 16:28:50+00:00,False,True,True
39438,8047bc1153f356118a4edd3b7c863169f5ec17da8f90c0677820dfe1a5add6cd,184.0,ArsinkRAT,rat,Zimperium IOC,com.grow.in,2025-05-15 06:25:21+00:00,eligible_current_governed,8047bc1153f356118a4edd3b7c863169f5ec17da8f90c0677820dfe1a5add6cd,184.0,ArsinkRAT,rat,Zimperium IOC,com.grow.in,2025-05-15 06:25:21+00:00,False,True,True
39439,03238cbec1593ad5406a71b2276204a021c753b7f12fd7b1a38f6710321cccf8,184.0,ArsinkRAT,rat,Zimperium IOC,com.RedXRat,2025-09-08 14:47:31+00:00,eligible_current_governed,03238cbec1593ad5406a71b2276204a021c753b7f12fd7b1a38f6710321cccf8,184.0,ArsinkRAT,rat,Zimperium IOC,com.RedXRat,2025-09-08 14:47:31+00:00,False,True,True
39440,4d0ef0287b2097edc8783995d33cfebcfc1d0a94aa82695e9ea268adc5071e75,184.0,ArsinkRAT,rat,Zimperium IOC,nikola.tesla,2025-03-09 09:37:04+00:00,eligible_current_governed,4d0ef0287b2097edc8783995d33cfebcfc1d0a94aa82695e9ea268adc5071e75,184.0,ArsinkRAT,rat,Zimperium IOC,nikola.tesla,2025-03-09 09:37:04+00:00,False,True,True
39441,8fec64be65d403f125e65a9c6808ddf421e0378b5d75c697745919938f3cef69,184.0,ArsinkRAT,rat,Zimperium IOC,nikola.tesla,2025-07-22 21:35:19+00:00,eligible_current_governed,8fec64be65d403f125e65a9c6808ddf421e0378b5d75c697745919938f3cef69,184.0,ArsinkRAT,rat,Zimperium IOC,nikola.tesla,2025-07-22 21:35:19+00:00,False,True,True
39442,e428408edd9b73c6c9ac007049115875b518e75e7fb42ad7183cfa0306454c7e,184.0,ArsinkRAT,rat,Zimperium IOC,YouYube.Premium,2025-03-25 15:55:40+00:00,eligible_current_governed,e428408edd9b73c6c9ac007049115875b518e75e7fb42ad7183cfa0306454c7e,184.0,ArsinkRAT,rat,Zimperium IOC,YouYube.Premium,2025-03-25 15:55:40+00:00,False,True,True
39443,0f649ccbe2450b22766288ca7976d196ac74265da7799b217ba68fe1a0b3d546,184.0,ArsinkRAT,rat,Zimperium IOC,com.ai.app,2025-08-18 17:21:13+00:00,eligible_current_governed,0f649ccbe2450b22766288ca7976d196ac74265da7799b217ba68fe1a0b3d546,184.0,ArsinkRAT,rat,Zimperium IOC,com.ai.app,2025-08-18 17:21:13+00:00,False,True,True
39444,e72c21008adcb4378dbf44e355aabe691e82748255e03e7420aa844c40e58bc5,184.0,ArsinkRAT,rat,Zimperium IOC,com.surxphrat.privath,2025-03-01 16:22:52+00:00,eligible_current_governed,e72c21008adcb4378dbf44e355aabe691e82748255e03e7420aa844c40e58bc5,184.0,ArsinkRAT,rat,Zimperium IOC,com.surxphrat.privath,2025-03-01 16:22:52+00:00,False,True,True
39445,3464b34e9cc3c10c5b2a83a44e3f5527a55623d00a375b1ee4ea871870b9d24f,184.0,ArsinkRAT,rat,Zimperium IOC,com.ArsinkRat,2025-05-13 08:33:52+00:00,eligible_current_governed,3464b34e9cc3c10c5b2a83a44e3f5527a55623d00a375b1ee4ea871870b9d24f,184.0,ArsinkRAT,rat,Zimperium IOC,com.ArsinkRat,2025-05-13 08:33:52+00:00,False,True,True
39446,0f4bd7cda32f362e61ffc7229f866fb3e8279f2dcd0a007f4b2a22b20a840865,184.0,ArsinkRAT,rat,Zimperium IOC,com.Dragon.convert,2025-05-18 06:27:48+00:00,eligible_current_governed,0f4bd7cda32f362e61ffc7229f866fb3e8279f2dcd0a007f4b2a22b20a840865,184.0,ArsinkRAT,rat,Zimperium IOC,com.Dragon.convert,2025-05-18 06:27:48+00:00,False,True,True
39447,9df666e75a80903d10bee7e4b7cd20061360cbc40fa6011e22c47f1c1a9a3db2,184.0,ArsinkRAT,rat,Zimperium IOC,com.vip.app,2025-03-30 11:49:23+00:00,eligible_current_governed,9df666e75a80903d10bee7e4b7cd20061360cbc40fa6011e22c47f1c1a9a3db2,184.0,ArsinkRAT,rat,Zimperium IOC,com.vip.app,2025-03-30 11:49:23+00:00,False,True,True
39448,b6d40921ea7e4ed8c0ff7f3372e3d348883e9adca95e62891981b532725d0e1d,184.0,ArsinkRAT,rat,Zimperium IOC,remove.clothes.com,2025-06-21 07:32:41+00:00,eligible_current_governed,b6d40921ea7e4ed8c0ff7f3372e3d348883e9adca95e62891981b532725d0e1d,184.0,ArsinkRAT,rat,Zimperium IOC,remove.clothes.com,2025-06-21 07:32:41+00:00,False,True,True
39449,d4f5c29c464eb6f374f06400f98f9031cec8e1c0c7dab221cf257f737d3c3dfd,184.0,ArsinkRAT,rat,Zimperium IOC,com.Botdroid.RAT,2025-07-23 23:12:48+00:00,eligible_current_governed,d4f5c29c464eb6f374f06400f98f9031cec8e1c0c7dab221cf257f737d3c3dfd,184.0,ArsinkRAT,rat,Zimperium IOC,com.Botdroid.RAT,2025-07-23 23:12:48+00:00,False,True,True
39450,174ac015433f76f1ea0c9b19d14e940829d109bbcd3952c8182f826c1b6181eb,184.0,ArsinkRAT,rat,Zimperium IOC,wifi.hack.com,2024-09-10 07:29:26+00:00,eligible_current_governed,174ac015433f76f1ea0c9b19d14e940829d109bbcd3952c8182f826c1b6181eb,184.0,ArsinkRAT,rat,Zimperium IOC,wifi.hack.com,2024-09-10 07:29:26+00:00,False,True,True
39451,e1d46f24101e08a20575209c508d49d612aa28df81c53f9fd6f923771100325c,184.0,ArsinkRAT,rat,Zimperium IOC,nikola.tesla,2025-04-20 22:57:17+00:00,eligible_current_governed,e1d46f24101e08a20575209c508d49d612aa28df81c53f9fd6f923771100325c,184.0,ArsinkRAT,rat,Zimperium IOC,nikola.tesla,2025-04-20 22:57:17+00:00,False,True,True
39452,bb3765af8d00b7cf7579c59d3045dfe6e954c6b0a4c0536c85e79998f61264fa,184.0,ArsinkRAT,rat,Zimperium IOC,com.toxicrat.in,2025-06-30 15:33:27+00:00,eligible_current_governed,bb3765af8d00b7cf7579c59d3045dfe6e954c6b0a4c0536c85e79998f61264fa,184.0,ArsinkRAT,rat,Zimperium IOC,com.toxicrat.in,2025-06-30 15:33:27+00:00,False,True,True
39453,7578f436c422ee258e2e61d93e6929a2c20651221c3715d8ce13ca939e50925d,184.0,ArsinkRAT,rat,Zimperium IOC,com.sisuryaofficial.b1,2025-09-19 08:07:15+00:00,eligible_current_governed,7578f436c422ee258e2e61d93e6929a2c20651221c3715d8ce13ca939e50925d,184.0,ArsinkRAT,rat,Zimperium IOC,com.sisuryaofficial.b1,2025-09-19 08:07:15+00:00,False,True,True
39454,a2134a780c9191e2eb9dadefa91902e5d8040c09b39fbc18c4603d46470178d4,184.0,ArsinkRAT,rat,Zimperium IOC,com.metodsbansut0102,2025-07-21 10:41:18+00:00,eligible_current_governed,a2134a780c9191e2eb9dadefa91902e5d8040c09b39fbc18c4603d46470178d4,184.0,ArsinkRAT,rat,Zimperium IOC,com.metodsbansut0102,2025-07-21 10:41:18+00:00,False,True,True
39455,80cb55e6d755f8074a30cb41cab4c1fcfe1f3be515cc2ba00c06c8e374e86299,184.0,ArsinkRAT,rat,Zimperium IOC,com.sisuryaofficial.april1,2025-07-09 10:49:25+00:00,eligible_current_governed,80cb55e6d755f8074a30cb41cab4c1fcfe1f3be515cc2ba00c06c8e374e86299,184.0,ArsinkRAT,rat,Zimperium IOC,com.sisuryaofficial.april1,2025-07-09 10:49:25+00:00,False,True,True
39456,06c70504d72f0a21613ad4f7ffbc8625222d8f3599ef5ba8892a7d83ceaaae79,184.0,ArsinkRAT,rat,Zimperium IOC,com.wifi.attacker.demon,2025-03-23 01:57:26+00:00,eligible_current_governed,06c70504d72f0a21613ad4f7ffbc8625222d8f3599ef5ba8892a7d83ceaaae79,184.0,ArsinkRAT,rat,Zimperium IOC,com.wifi.attacker.demon,2025-03-23 01:57:26+00:00,False,True,True
39457,fde7b48a873ebde8b07acb459aa8633f393fb6d84381a535b5f7799f8194fb31,184.0,ArsinkRAT,rat,Zimperium IOC,com.zexrrat,2024-08-05 18:33:48+00:00,eligible_current_governed,fde7b48a873ebde8b07acb459aa8633f393fb6d84381a535b5f7799f8194fb31,184.0,ArsinkRAT,rat,Zimperium IOC,com.zexrrat,2024-08-05 18:33:48+00:00,False,True,True
39458,9ca04a3bf06af722b9858830395bcfe7534f07fae1c97d2ae1d4cba7a9d7d551,184.0,ArsinkRAT,rat,Zimperium IOC,com.surxratprivate,2025-05-03 04:01:14+00:00,eligible_current_governed,9ca04a3bf06af722b9858830395bcfe7534f07fae1c97d2ae1d4cba7a9d7d551,184.0,ArsinkRAT,rat,Zimperium IOC,com.surxratprivate,2025-05-03 04:01:14+00:00,False,True,True
39459,13e9e8e6d16011e95a2b9dec12b9796137aefb36d05e76d5a7de50b5cac95f98,184.0,ArsinkRAT,rat,Zimperium IOC,com.test2,2025-06-19 09:59:25+00:00,eligible_current_governed,13e9e8e6d16011e95a2b9dec12b9796137aefb36d05e76d5a7de50b5cac95f98,184.0,ArsinkRAT,rat,Zimperium IOC,com.test2,2025-06-19 09:59:25+00:00,False,True,True
39460,99e9b26f140b84bcc607cf9d12f8b0d8eb9239a8aab87af76f20bcf64f59baf4,184.0,ArsinkRAT,rat,Zimperium IOC,com.ArsinkRat,2025-06-02 03:26:55+00:00,eligible_current_governed,99e9b26f140b84bcc607cf9d12f8b0d8eb9239a8aab87af76f20bcf64f59baf4,184.0,ArsinkRAT,rat,Zimperium IOC,com.ArsinkRat,2025-06-02 03:26:55+00:00,False,True,True
39461,85a6fa7e8fac5c34455f11071f2da050f430a79c2904260ae8c0690ae02a8883,184.0,ArsinkRAT,rat,Zimperium IOC,nikola.tesla,2025-05-25 12:06:49+00:00,eligible_current_governed,85a6fa7e8fac5c34455f11071f2da050f430a79c2904260ae8c0690ae02a8883,184.0,ArsinkRAT,rat,Zimperium IOC,nikola.tesla,2025-05-25 12:06:49+00:00,False,True,True
39462,dd211e8d4aa72480f503e527b0852716618af5f5f4f33696e7c9056f4ccc8b04,184.0,ArsinkRAT,rat,Zimperium IOC,,2025-03-26 07:12:35+00:00,eligible_current_governed,dd211e8d4aa72480f503e527b0852716618af5f5f4f33696e7c9056f4ccc8b04,184.0,ArsinkRAT,rat,Zimperium IOC,,2025-03-26 07:12:35+00:00,False,True,True
39463,c0557ce53ca92c27c8f904a6917fba190f482dcfa9702ca2d890b537e7ad5314,184.0,ArsinkRAT,rat,Zimperium IOC,com.app,2025-06-30 15:35:59+00:00,eligible_current_governed,c0557ce53ca92c27c8f904a6917fba190f482dcfa9702ca2d890b537e7ad5314,184.0,ArsinkRAT,rat,Zimperium IOC,com.app,2025-06-30 15:35:59+00:00,False,True,True
39464,e05e456c5b947b9469ce1533e073dd4ead2e651de2f7537b5638b0c01a6d437b,184.0,ArsinkRAT,rat,Zimperium IOC,com.freesmm.in,2025-03-25 03:55:29+00:00,eligible_current_governed,e05e456c5b947b9469ce1533e073dd4ead2e651de2f7537b5638b0c01a6d437b,184.0,ArsinkRAT,rat,Zimperium IOC,com.freesmm.in,2025-03-25 03:55:29+00:00,False,True,True
39465,922fc3031b7fde444ea3b18e3c795b6607be3d7449b44d8975a77a61ff6ac8f9,184.0,ArsinkRAT,rat,Zimperium IOC,com.metodsbansut0102,2025-05-09 11:36:41+00:00,eligible_current_governed,922fc3031b7fde444ea3b18e3c795b6607be3d7449b44d8975a77a61ff6ac8f9,184.0,ArsinkRAT,rat,Zimperium IOC,com.metodsbansut0102,2025-05-09 11:36:41+00:00,False,True,True
39466,564f263ccae6a2252dc366045a6efe524cebf8192ab337f766959bf3ce2ec375,184.0,ArsinkRAT,rat,Zimperium IOC,nikola.tesla,2025-07-06 05:44:21+00:00,eligible_current_governed,564f263ccae6a2252dc366045a6efe524cebf8192ab337f766959bf3ce2ec375,184.0,ArsinkRAT,rat,Zimperium IOC,nikola.tesla,2025-07-06 05:44:21+00:00,False,True,True
39467,018e1a01e6135062db205f8aa7c5fae77fe13c1078e2a9d7d26d60db49131c82,184.0,ArsinkRAT,rat,Zimperium IOC,com.nekoppoiiiii,2025-06-02 17:17:52+00:00,eligible_current_governed,018e1a01e6135062db205f8aa7c5fae77fe13c1078e2a9d7d26d60db49131c82,184.0,ArsinkRAT,rat,Zimperium IOC,com.nekoppoiiiii,2025-06-02 17:17:52+00:00,False,True,True
39468,565915756a5ce666f534c481bf37d6eb3b8caa0a0186fff92456216f7fdbd241,184.0,ArsinkRAT,rat,Zimperium IOC,com.redx.rat.droid,2025-04-16 07:54:03+00:00,eligible_current_governed,565915756a5ce666f534c481bf37d6eb3b8caa0a0186fff92456216f7fdbd241,184.0,ArsinkRAT,rat,Zimperium IOC,com.redx.rat.droid,2025-04-16 07:54:03+00:00,False,True,True
39469,bc7f24e1a2e6ab38aaa9c0fe7b88e4be46f6dd11a630487cb138e236e300b721,184.0,ArsinkRAT,rat,Zimperium IOC,whtsapp.gold,2025-07-05 00:06:54+00:00,eligible_current_governed,bc7f24e1a2e6ab38aaa9c0fe7b88e4be46f6dd11a630487cb138e236e300b721,184.0,ArsinkRAT,rat,Zimperium IOC,whtsapp.gold,2025-07-05 00:06:54+00:00,False,True,True
39470,9c4fee59d5f8f29cfd37571c4d886cdd34c2f7f794573b6a3778d251ea2145a5,184.0,ArsinkRAT,rat,Zimperium IOC,com.redx.user,2025-09-07 05:02:36+00:00,eligible_current_governed,9c4fee59d5f8f29cfd37571c4d886cdd34c2f7f794573b6a3778d251ea2145a5,184.0,ArsinkRAT,rat,Zimperium IOC,com.redx.user,2025-09-07 05:02:36+00:00,False,True,True
39471,84b4b0286bb138bdfdc90c8c95cf556dd143e76f70e831800c8c2f09048c3a56,184.0,ArsinkRAT,rat,Zimperium IOC,nikola.tesla,2025-06-14 23:26:35+00:00,eligible_current_governed,84b4b0286bb138bdfdc90c8c95cf556dd143e76f70e831800c8c2f09048c3a56,184.0,ArsinkRAT,rat,Zimperium IOC,nikola.tesla,2025-06-14 23:26:35+00:00,False,True,True
39472,8a39be9b064bc8f9c5f821b80e555fe050851d7c53a071672872a8771dbb528b,184.0,ArsinkRAT,rat,Zimperium IOC,com.metodsbansut0102,2025-09-15 14:11:47+00:00,eligible_current_governed,8a39be9b064bc8f9c5f821b80e555fe050851d7c53a071672872a8771dbb528b,184.0,ArsinkRAT,rat,Zimperium IOC,com.metodsbansut0102,2025-09-15 14:11:47+00:00,False,True,True
39473,8cf8916c11de7b6cc0a8daf4979aa72b8fc1ba91de3c9e038c4c41f8a3cbb012,184.0,ArsinkRAT,rat,Zimperium IOC,com.craxs.rat,2024-10-31 18:47:17+00:00,eligible_current_governed,8cf8916c11de7b6cc0a8daf4979aa72b8fc1ba91de3c9e038c4c41f8a3cbb012,184.0,ArsinkRAT,rat,Zimperium IOC,com.craxs.rat,2024-10-31 18:47:17+00:00,False,True,True
39474,a58a758442f1def8e53637d01b4a63f0dc747c9450d0858c054e26945861e5c7,184.0,ArsinkRAT,rat,Zimperium IOC,nikola.tesla,2025-03-03 15:27:30+00:00,eligible_current_governed,a58a758442f1def8e53637d01b4a63f0dc747c9450d0858c054e26945861e5c7,184.0,ArsinkRAT,rat,Zimperium IOC,nikola.tesla,2025-03-03 15:27:30+00:00,False,True,True
39475,717c17d3f76aac9cd1dfcd0da1b76318503383ea41a2c5965350bdd8257b5e60,184.0,ArsinkRAT,rat,Zimperium IOC,com.surxratnewadm,2024-11-24 11:55:21+00:00,eligible_current_governed,717c17d3f76aac9cd1dfcd0da1b76318503383ea41a2c5965350bdd8257b5e60,184.0,ArsinkRAT,rat,Zimperium IOC,com.surxratnewadm,2024-11-24 11:55:21+00:00,False,True,True
39476,392ccf140ede39d1333f9fb1ea1ea06949e4e47e34502444b911b3c240a740e2,184.0,ArsinkRAT,rat,Zimperium IOC,com.user.vip.BaRaN,2025-05-14 18:10:33+00:00,eligible_current_governed,392ccf140ede39d1333f9fb1ea1ea06949e4e47e34502444b911b3c240a740e2,184.0,ArsinkRAT,rat,Zimperium IOC,com.user.vip.BaRaN,2025-05-14 18:10:33+00:00,False,True,True
39477,a7e549ba61d18d3c5463c48e430271d231f06355e71dcc0035487a95f1c94ec2,184.0,ArsinkRAT,rat,Zimperium IOC,botspaceman.kudalaut,2025-06-03 04:13:38+00:00,eligible_current_governed,a7e549ba61d18d3c5463c48e430271d231f06355e71dcc0035487a95f1c94ec2,184.0,ArsinkRAT,rat,Zimperium IOC,botspaceman.kudalaut,2025-06-03 04:13:38+00:00,False,True,True
39478,5e308de26cdec69820080df2a6386f97e43b3209a40ca7b24979d27d6dbde742,184.0,ArsinkRAT,rat,Zimperium IOC,com.wifi.hack,2025-04-09 21:21:55+00:00,eligible_current_governed,5e308de26cdec69820080df2a6386f97e43b3209a40ca7b24979d27d6dbde742,184.0,ArsinkRAT,rat,Zimperium IOC,com.wifi.hack,2025-04-09 21:21:55+00:00,False,True,True
39479,44d738fdcf19e34c5b31dac27f3985f9f4b18aea80105350b0538d0255924bb2,184.0,ArsinkRAT,rat,Zimperium IOC,,2025-05-18 06:26:30+00:00,eligible_current_governed,44d738fdcf19e34c5b31dac27f3985f9f4b18aea80105350b0538d0255924bb2,184.0,ArsinkRAT,rat,Zimperium IOC,,2025-05-18 06:26:30+00:00,False,True,True
39480,0f743815b6dd6b08e2e90ce0cfba86c735b92090ff131122e516c02e9448f5d9,184.0,ArsinkRAT,rat,Zimperium IOC,com.covid20,2023-11-28 02:26:25+00:00,eligible_current_governed,0f743815b6dd6b08e2e90ce0cfba86c735b92090ff131122e516c02e9448f5d9,184.0,ArsinkRAT,rat,Zimperium IOC,com.covid20,2023-11-28 02:26:25+00:00,False,True,True
39481,1d908fcc18751132bd38c66ab068603365fce594a68043bc75c3bb7250218972,184.0,ArsinkRAT,rat,Zimperium IOC,send.sms.vip,2025-10-21 11:35:59+00:00,eligible_current_governed,1d908fcc18751132bd38c66ab068603365fce594a68043bc75c3bb7250218972,184.0,ArsinkRAT,rat,Zimperium IOC,send.sms.vip,2025-10-21 11:35:59+00:00,False,True,True
39482,9f79a45e755b0b0415c2c7ce0eece0b1d3cf88c4fc17b56e33898b045fbad9ec,184.0,ArsinkRAT,rat,Zimperium IOC,com.followup.tools,2025-04-27 17:59:38+00:00,eligible_current_governed,9f79a45e755b0b0415c2c7ce0eece0b1d3cf88c4fc17b56e33898b045fbad9ec,184.0,ArsinkRAT,rat,Zimperium IOC,com.followup.tools,2025-04-27 17:59:38+00:00,False,True,True
39483,3090e24e81c55f588364318eef8660b9940895d8590c10e6de50ca0fb63f77cb,184.0,ArsinkRAT,rat,Zimperium IOC,com.sisuryaofficial.april1,2025-10-17 12:25:30+00:00,eligible_current_governed,3090e24e81c55f588364318eef8660b9940895d8590c10e6de50ca0fb63f77cb,184.0,ArsinkRAT,rat,Zimperium IOC,com.sisuryaofficial.april1,2025-10-17 12:25:30+00:00,False,True,True
39484,28edf4689a29905291d61060df88c64accd07221d08b626feff403e9e0235b31,184.0,ArsinkRAT,rat,Zimperium IOC,pubg.com,2025-06-14 14:20:37+00:00,eligible_current_governed,28edf4689a29905291d61060df88c64accd07221d08b626feff403e9e0235b31,184.0,ArsinkRAT,rat,Zimperium IOC,pubg.com,2025-06-14 14:20:37+00:00,False,True,True
39485,64b22e840d43591be88e9e7fa3fadcfe1be3382e1fffdce900bac0ea7e2e4bcf,184.0,ArsinkRAT,rat,Zimperium IOC,com.metodebansisuryaoffc,2025-03-20 12:38:26+00:00,eligible_current_governed,64b22e840d43591be88e9e7fa3fadcfe1be3382e1fffdce900bac0ea7e2e4bcf,184.0,ArsinkRAT,rat,Zimperium IOC,com.metodebansisuryaoffc,2025-03-20 12:38:26+00:00,False,True,True
39486,71f83cff65fa9aa129fae3fc18d28bd61a1c3a997436dd28e6155b2681d294c6,184.0,ArsinkRAT,rat,Zimperium IOC,nikola.tesla,2025-08-02 19:28:52+00:00,eligible_current_governed,71f83cff65fa9aa129fae3fc18d28bd61a1c3a997436dd28e6155b2681d294c6,184.0,ArsinkRAT,rat,Zimperium IOC,nikola.tesla,2025-08-02 19:28:52+00:00,False,True,True
39487,27a0fd51c4a832f0a2f8ac644228e7974b94acfc3243eae5d7d259e2f3878f9e,184.0,ArsinkRAT,rat,Zimperium IOC,com.zexrrat,2025-04-13 06:05:04+00:00,eligible_current_governed,27a0fd51c4a832f0a2f8ac644228e7974b94acfc3243eae5d7d259e2f3878f9e,184.0,ArsinkRAT,rat,Zimperium IOC,com.zexrrat,2025-04-13 06:05:04+00:00,False,True,True
39488,a6c52a1b5ab419da865eb0ba520de91911d5e392d03f97fef5c4e4f8f4cfed9f,184.0,ArsinkRAT,rat,Zimperium IOC,com.wDragonApp_18950491,2025-07-21 10:35:30+00:00,eligible_current_governed,a6c52a1b5ab419da865eb0ba520de91911d5e392d03f97fef5c4e4f8f4cfed9f,184.0,ArsinkRAT,rat,Zimperium IOC,com.wDragonApp_18950491,2025-07-21 10:35:30+00:00,False,True,True
39489,06311a6b1d9d8644cb200796220636728fa4ffaa20b339d025ce355474bcdac3,184.0,ArsinkRAT,rat,Zimperium IOC,wifi.hack.com,2025-09-14 00:22:58+00:00,eligible_current_governed,06311a6b1d9d8644cb200796220636728fa4ffaa20b339d025ce355474bcdac3,184.0,ArsinkRAT,rat,Zimperium IOC,wifi.hack.com,2025-09-14 00:22:58+00:00,False,True,True
39490,a681c3ca91ea99950bada8f31a5ce13ab605024a9f0e6e11bad372bbea43a845,184.0,ArsinkRAT,rat,Zimperium IOC,com.my.mal3en.magal,2025-09-17 21:33:43+00:00,eligible_current_governed,a681c3ca91ea99950bada8f31a5ce13ab605024a9f0e6e11bad372bbea43a845,184.0,ArsinkRAT,rat,Zimperium IOC,com.my.mal3en.magal,2025-09-17 21:33:43+00:00,False,True,True
39491,022f466cf2e2861a9f55fc867743390abb67179ba5bdf08d11b2b54b7e9b19ac,184.0,ArsinkRAT,rat,Zimperium IOC,com.my.victim,2025-08-26 10:13:27+00:00,eligible_current_governed,022f466cf2e2861a9f55fc867743390abb67179ba5bdf08d11b2b54b7e9b19ac,184.0,ArsinkRAT,rat,Zimperium IOC,com.my.victim,2025-08-26 10:13:27+00:00,False,True,True
39492,fe05a910a1479c4d2787903493dbf25567e5e74972654d20f8d15bac58561c71,184.0,ArsinkRAT,rat,Zimperium IOC,wifi.hack.com,2025-03-27 03:47:20+00:00,eligible_current_governed,fe05a910a1479c4d2787903493dbf25567e5e74972654d20f8d15bac58561c71,184.0,ArsinkRAT,rat,Zimperium IOC,wifi.hack.com,2025-03-27 03:47:20+00:00,False,True,True
39493,526cefa9e976e698f1436b5719f67209cdc9f1733ffe7bb700d0f159f9e7a8c0,184.0,ArsinkRAT,rat,Zimperium IOC,wifi.hack.com,2025-08-24 05:08:47+00:00,eligible_current_governed,526cefa9e976e698f1436b5719f67209cdc9f1733ffe7bb700d0f159f9e7a8c0,184.0,ArsinkRAT,rat,Zimperium IOC,wifi.hack.com,2025-08-24 05:08:47+00:00,False,True,True
39494,fdd653f3d7392e098344173bfb6bc5764efc700086129a42e8d3599b67677ee5,184.0,ArsinkRAT,rat,Zimperium IOC,nikola.tesla,2025-05-18 14:32:11+00:00,eligible_current_governed,fdd653f3d7392e098344173bfb6bc5764efc700086129a42e8d3599b67677ee5,184.0,ArsinkRAT,rat,Zimperium IOC,nikola.tesla,2025-05-18 14:32:11+00:00,False,True,True
39495,efa74e6c70d6c20dffd9048a9e331bde6d961ae48e8c499833393edafcd8934f,184.0,ArsinkRAT,rat,Zimperium IOC,remove.clothes.com,2025-04-12 12:56:34+00:00,eligible_current_governed,efa74e6c70d6c20dffd9048a9e331bde6d961ae48e8c499833393edafcd8934f,184.0,ArsinkRAT,rat,Zimperium IOC,remove.clothes.com,2025-04-12 12:56:34+00:00,False,True,True
39496,ad6943d04b4a4fb5911297daa37de0a4963997b641706ac166256a87e9e10f27,184.0,ArsinkRAT,rat,Zimperium IOC,nikola.tesla,2025-04-08 11:57:44+00:00,eligible_current_governed,ad6943d04b4a4fb5911297daa37de0a4963997b641706ac166256a87e9e10f27,184.0,ArsinkRAT,rat,Zimperium IOC,nikola.tesla,2025-04-08 11:57:44+00:00,False,True,True
39497,01b0caf146b87dc373c049d540574c36ce6424c2207d78b443471502c31aa932,184.0,ArsinkRAT,rat,Zimperium IOC,wifi.h.tv.com,2025-01-08 09:01:57+00:00,eligible_current_governed,01b0caf146b87dc373c049d540574c36ce6424c2207d78b443471502c31aa932,184.0,ArsinkRAT,rat,Zimperium IOC,wifi.h.tv.com,2025-01-08 09:01:57+00:00,False,True,True
39498,d0f2b8d4323bbe8387b17bca84d9f3e72b4abc2a84f784d110f3338319db7434,184.0,ArsinkRAT,rat,Zimperium IOC,com.wifi.hack,2025-04-10 05:06:55+00:00,eligible_current_governed,d0f2b8d4323bbe8387b17bca84d9f3e72b4abc2a84f784d110f3338319db7434,184.0,ArsinkRAT,rat,Zimperium IOC,com.wifi.hack,2025-04-10 05:06:55+00:00,False,True,True
39499,4c382fa62e8cf2571d97f807b462da5f77cadd3c0809002a3a5429a473b9518b,184.0,ArsinkRAT,rat,Zimperium IOC,nikola.tesla,2025-08-10 18:02:10+00:00,eligible_current_governed,4c382fa62e8cf2571d97f807b462da5f77cadd3c0809002a3a5429a473b9518b,184.0,ArsinkRAT,rat,Zimperium IOC,nikola.tesla,2025-08-10 18:02:10+00:00,False,True,True
39500,2d72000b7bf2b923c2255cc3e44104df70acd6f257b773c08bc4cf60d253ba41,184.0,ArsinkRAT,rat,Zimperium IOC,remove.clothes.com,2025-10-19 22:29:44+00:00,eligible_current_governed,2d72000b7bf2b923c2255cc3e44104df70acd6f257b773c08bc4cf60d253ba41,184.0,ArsinkRAT,rat,Zimperium IOC,remove.clothes.com,2025-10-19 22:29:44+00:00,False,True,True
39501,2f5e2d6fd7c40c51a96da844b0a6f7a9cc5b6caf8a4b574e5bc24917fe89565b,184.0,ArsinkRAT,rat,Zimperium IOC,com.metodebansisuryaoffc,2025-07-09 12:13:22+00:00,eligible_current_governed,2f5e2d6fd7c40c51a96da844b0a6f7a9cc5b6caf8a4b574e5bc24917fe89565b,184.0,ArsinkRAT,rat,Zimperium IOC,com.metodebansisuryaoffc,2025-07-09 12:13:22+00:00,False,True,True
39502,6772257e7b94b6289d8517949c77c76830acda35f47bfd99682bfb380ad68fc1,184.0,ArsinkRAT,rat,Zimperium IOC,com.grow.in,2025-06-10 04:31:48+00:00,eligible_current_governed,6772257e7b94b6289d8517949c77c76830acda35f47bfd99682bfb380ad68fc1,184.0,ArsinkRAT,rat,Zimperium IOC,com.grow.in,2025-06-10 04:31:48+00:00,False,True,True
39503,1f005ae045935011bbef7d38b1cda801d479044fe031783de963f53fbba22f81,184.0,ArsinkRAT,rat,Zimperium IOC,com.ak.spy,2025-03-23 14:23:32+00:00,eligible_current_governed,1f005ae045935011bbef7d38b1cda801d479044fe031783de963f53fbba22f81,184.0,ArsinkRAT,rat,Zimperium IOC,com.ak.spy,2025-03-23 14:23:32+00:00,False,True,True
39504,df9856d2f908bc593aa561bfb3a5380989acc301a21c9d074b7d0a4b87872978,184.0,ArsinkRAT,rat,Zimperium IOC,com.sms.use,2025-04-20 17:18:20+00:00,eligible_current_governed,df9856d2f908bc593aa561bfb3a5380989acc301a21c9d074b7d0a4b87872978,184.0,ArsinkRAT,rat,Zimperium IOC,com.sms.use,2025-04-20 17:18:20+00:00,False,True,True
39505,dfb33698e187c103a6886f9bc025ff4677ce2e735f27db4bf40ec67c38c8ed99,184.0,ArsinkRAT,rat,Zimperium IOC,com.sisuryaofficial.b1,2025-04-22 04:45:08+00:00,eligible_current_governed,dfb33698e187c103a6886f9bc025ff4677ce2e735f27db4bf40ec67c38c8ed99,184.0,ArsinkRAT,rat,Zimperium IOC,com.sisuryaofficial.b1,2025-04-22 04:45:08+00:00,False,True,True
39506,d87b398fd78a15fcdaeb1fcdf83c42c9d066b013b20181bbc193e8d03e182d01,184.0,ArsinkRAT,rat,Zimperium IOC,com.AH.ARMY,2024-04-15 18:19:54+00:00,eligible_current_governed,d87b398fd78a15fcdaeb1fcdf83c42c9d066b013b20181bbc193e8d03e182d01,184.0,ArsinkRAT,rat,Zimperium IOC,com.AH.ARMY,2024-04-15 18:19:54+00:00,False,True,True
39507,5796cb03fc3a53ebaf3062ecf17a897c1316b6a49226530177bbb180ead2f16d,184.0,ArsinkRAT,rat,Zimperium IOC,nikola.tesla,2025-04-16 07:55:44+00:00,eligible_current_governed,5796cb03fc3a53ebaf3062ecf17a897c1316b6a49226530177bbb180ead2f16d,184.0,ArsinkRAT,rat,Zimperium IOC,nikola.tesla,2025-04-16 07:55:44+00:00,False,True,True
39508,4a102e0575f7c1f7c97be87edc49fd923ec78b2f63e8232913cf973ec2c35786,184.0,ArsinkRAT,rat,Zimperium IOC,com.course.app,2025-03-22 06:00:58+00:00,eligible_current_governed,4a102e0575f7c1f7c97be87edc49fd923ec78b2f63e8232913cf973ec2c35786,184.0,ArsinkRAT,rat,Zimperium IOC,com.course.app,2025-03-22 06:00:58+00:00,False,True,True
39509,fccd50e5887c3d9405bf937c03a6d00c17aa4a324789db71500ad1e5ec120d5a,184.0,ArsinkRAT,rat,Zimperium IOC,com.vip.sp.am,2025-06-04 16:22:51+00:00,eligible_current_governed,fccd50e5887c3d9405bf937c03a6d00c17aa4a324789db71500ad1e5ec120d5a,184.0,ArsinkRAT,rat,Zimperium IOC,com.vip.sp.am,2025-06-04 16:22:51+00:00,False,True,True
39510,41b77459607f719bdb16bbf4173e524ab021fe4189d81b92ed313340558cd560,184.0,ArsinkRAT,rat,Zimperium IOC,nikola.tesla,2025-05-11 02:47:40+00:00,eligible_current_governed,41b77459607f719bdb16bbf4173e524ab021fe4189d81b92ed313340558cd560,184.0,ArsinkRAT,rat,Zimperium IOC,nikola.tesla,2025-05-11 02:47:40+00:00,False,True,True
39511,679f917ec8787546024f0f45e1e776b6ad174792eb7381e102c508259fc3198d,184.0,ArsinkRAT,rat,Zimperium IOC,nikola.tesla,2025-03-29 08:20:33+00:00,eligible_current_governed,679f917ec8787546024f0f45e1e776b6ad174792eb7381e102c508259fc3198d,184.0,ArsinkRAT,rat,Zimperium IOC,nikola.tesla,2025-03-29 08:20:33+00:00,False,True,True
39512,c6c6503743e6c88d23b6ddba86951be2cf9f793ec43307e87b1fbb400a392651,184.0,ArsinkRAT,rat,Zimperium IOC,com.craxs.rat,2025-10-03 23:05:24+00:00,eligible_current_governed,c6c6503743e6c88d23b6ddba86951be2cf9f793ec43307e87b1fbb400a392651,184.0,ArsinkRAT,rat,Zimperium IOC,com.craxs.rat,2025-10-03 23:05:24+00:00,False,True,True
39513,aef31b03a4fcae37de6b14f5029ffd6a1463dd0d15cd41d6653e72a07c0fe922,184.0,ArsinkRAT,rat,Zimperium IOC,com.zexrrat,2025-07-01 20:27:18+00:00,eligible_current_governed,aef31b03a4fcae37de6b14f5029ffd6a1463dd0d15cd41d6653e72a07c0fe922,184.0,ArsinkRAT,rat,Zimperium IOC,com.zexrrat,2025-07-01 20:27:18+00:00,False,True,True
39514,012e2e93ae316edb48a8d536e281f0f8046d08ff5d8b4a3879a6ebb72c261bc9,184.0,ArsinkRAT,rat,Zimperium IOC,nikola.tesla,2025-03-19 03:06:03+00:00,eligible_current_governed,012e2e93ae316edb48a8d536e281f0f8046d08ff5d8b4a3879a6ebb72c261bc9,184.0,ArsinkRAT,rat,Zimperium IOC,nikola.tesla,2025-03-19 03:06:03+00:00,False,True,True
39515,6e92c4471727433a091e7e953691e33a83ef5e9f76506c2fd99ad8a394e792c7,184.0,ArsinkRAT,rat,Zimperium IOC,com.wifi.attacker.demon,2025-03-20 05:56:06+00:00,eligible_current_governed,6e92c4471727433a091e7e953691e33a83ef5e9f76506c2fd99ad8a394e792c7,184.0,ArsinkRAT,rat,Zimperium IOC,com.wifi.attacker.demon,2025-03-20 05:56:06+00:00,False,True,True
39516,a0e80751e254a75040c9adca1c35145f4d83048b660327cbbf500f8f7e1e0003,184.0,ArsinkRAT,rat,Zimperium IOC,com.ELMALA3EN.mo,2025-06-16 00:23:27+00:00,eligible_current_governed,a0e80751e254a75040c9adca1c35145f4d83048b660327cbbf500f8f7e1e0003,184.0,ArsinkRAT,rat,Zimperium IOC,com.ELMALA3EN.mo,2025-06-16 00:23:27+00:00,False,True,True
39517,fd7bda7a8bf7194a389aea55a9ff72bc233680f6c052e95d0a11c2c3bceb8552,184.0,ArsinkRAT,rat,Zimperium IOC,,2025-04-07 07:38:36+00:00,eligible_current_governed,fd7bda7a8bf7194a389aea55a9ff72bc233680f6c052e95d0a11c2c3bceb8552,184.0,ArsinkRAT,rat,Zimperium IOC,,2025-04-07 07:38:36+00:00,False,True,True
39518,a2913fce15b91a4e10bd921d53c01401154d2fad276ecaa814153392e7e72567,184.0,ArsinkRAT,rat,Zimperium IOC,com.metodsbansut0101,2025-04-27 11:15:31+00:00,eligible_current_governed,a2913fce15b91a4e10bd921d53c01401154d2fad276ecaa814153392e7e72567,184.0,ArsinkRAT,rat,Zimperium IOC,com.metodsbansut0101,2025-04-27 11:15:31+00:00,False,True,True
39519,8b074a04d236497b2cd1c6d3a4b7b353bb3fb5bd8c2cdda5501aebfc058d4741,184.0,ArsinkRAT,rat,Zimperium IOC,com.surxspy.sms.v1,2025-05-08 01:06:09+00:00,eligible_current_governed,8b074a04d236497b2cd1c6d3a4b7b353bb3fb5bd8c2cdda5501aebfc058d4741,184.0,ArsinkRAT,rat,Zimperium IOC,com.surxspy.sms.v1,2025-05-08 01:06:09+00:00,False,True,True
39520,19fe42e4243c497e608de6ee9b53e798eec4483b95335a04cdbd2c8bb0f0fb68,184.0,ArsinkRAT,rat,Zimperium IOC,com.ai.appo,2025-07-15 09:44:35+00:00,eligible_current_governed,19fe42e4243c497e608de6ee9b53e798eec4483b95335a04cdbd2c8bb0f0fb68,184.0,ArsinkRAT,rat,Zimperium IOC,com.ai.appo,2025-07-15 09:44:35+00:00,False,True,True
39521,9f4b3ded97b59352b52034bca1b927aeab60807f47da921123a8f67fc2fde92a,184.0,ArsinkRAT,rat,Zimperium IOC,com.metodebansisuryb,2025-01-02 21:04:57+00:00,eligible_current_governed,9f4b3ded97b59352b52034bca1b927aeab60807f47da921123a8f67fc2fde92a,184.0,ArsinkRAT,rat,Zimperium IOC,com.metodebansisuryb,2025-01-02 21:04:57+00:00,False,True,True
39522,92d267f29695b7ed0ded2e7a4a646b91d42a6ef4190e95250a4847383eb4aff0,184.0,ArsinkRAT,rat,Zimperium IOC,com.convert.starko,2025-10-03 21:24:20+00:00,eligible_current_governed,92d267f29695b7ed0ded2e7a4a646b91d42a6ef4190e95250a4847383eb4aff0,184.0,ArsinkRAT,rat,Zimperium IOC,com.convert.starko,2025-10-03 21:24:20+00:00,False,True,True
39523,be6ad256b7905fae6a9afb4856e4de6b20009d7f5af1877f43f062a5533931e5,184.0,ArsinkRAT,rat,Zimperium IOC,com.metodsbansus,2025-03-05 07:28:21+00:00,eligible_current_governed,be6ad256b7905fae6a9afb4856e4de6b20009d7f5af1877f43f062a5533931e5,184.0,ArsinkRAT,rat,Zimperium IOC,com.metodsbansus,2025-03-05 07:28:21+00:00,False,True,True
39524,9e7588a003167224a2a3d10fed57b636aeb25ac384b17956d57e5a7315638950,184.0,ArsinkRAT,rat,Zimperium IOC,com.metodsbansus,2025-03-17 06:31:16+00:00,eligible_current_governed,9e7588a003167224a2a3d10fed57b636aeb25ac384b17956d57e5a7315638950,184.0,ArsinkRAT,rat,Zimperium IOC,com.metodsbansus,2025-03-17 06:31:16+00:00,False,True,True
39525,d4da00c3093ec3ffef5261de54223ccb0d80381d1141165a576dd31b576d4ecf,184.0,ArsinkRAT,rat,Zimperium IOC,nikola.tesla,2025-04-16 03:38:33+00:00,eligible_current_governed,d4da00c3093ec3ffef5261de54223ccb0d80381d1141165a576dd31b576d4ecf,184.0,ArsinkRAT,rat,Zimperium IOC,nikola.tesla,2025-04-16 03:38:33+00:00,False,True,True
39526,7ccd35096ed894c0aaa62d633da43de068aefcda43582e0c7069685a9222ba9b,184.0,ArsinkRAT,rat,Zimperium IOC,nikola.tesla,2025-08-29 23:01:36+00:00,eligible_current_governed,7ccd35096ed894c0aaa62d633da43de068aefcda43582e0c7069685a9222ba9b,184.0,ArsinkRAT,rat,Zimperium IOC,nikola.tesla,2025-08-29 23:01:36+00:00,False,True,True
39527,6a102d149b7b28850796355038e836dbcc4d3a249ee735557b6c00e61c3aa125,184.0,ArsinkRAT,rat,Zimperium IOC,com.ai.app,2025-08-14 07:25:07+00:00,eligible_current_governed,6a102d149b7b28850796355038e836dbcc4d3a249ee735557b6c00e61c3aa125,184.0,ArsinkRAT,rat,Zimperium IOC,com.ai.app,2025-08-14 07:25:07+00:00,False,True,True
39528,376ebba8ce2b385d26f92d145bba45b31e3a831775cb5ba4393dbcc94b570e7e,184.0,ArsinkRAT,rat,Zimperium IOC,com.wifi.attacker.redx,2025-04-08 07:32:01+00:00,eligible_current_governed,376ebba8ce2b385d26f92d145bba45b31e3a831775cb5ba4393dbcc94b570e7e,184.0,ArsinkRAT,rat,Zimperium IOC,com.wifi.attacker.redx,2025-04-08 07:32:01+00:00,False,True,True
39529,8c41a1953302aa9cb4d01d07b7b4aa4ce563e09e67ecc6573f37344d43feb822,184.0,ArsinkRAT,rat,Zimperium IOC,nikola.teslb,2025-03-28 00:52:58+00:00,eligible_current_governed,8c41a1953302aa9cb4d01d07b7b4aa4ce563e09e67ecc6573f37344d43feb822,184.0,ArsinkRAT,rat,Zimperium IOC,nikola.teslb,2025-03-28 00:52:58+00:00,False,True,True
39530,bd7848f77fee5dfa40de5cce95b20cc604be3761b1bb919a54ba12a0740d1136,184.0,ArsinkRAT,rat,Zimperium IOC,com.metodsbansut0102,2025-09-05 07:16:10+00:00,eligible_current_governed,bd7848f77fee5dfa40de5cce95b20cc604be3761b1bb919a54ba12a0740d1136,184.0,ArsinkRAT,rat,Zimperium IOC,com.metodsbansut0102,2025-09-05 07:16:10+00:00,False,True,True
39531,c03cb1a6cac63ea001ecd7b7bd758606af1d8ecf07ac4ef7a2f159eca62dfce4,184.0,ArsinkRAT,rat,Zimperium IOC,nikola.tesla,2025-03-25 17:58:02+00:00,eligible_current_governed,c03cb1a6cac63ea001ecd7b7bd758606af1d8ecf07ac4ef7a2f159eca62dfce4,184.0,ArsinkRAT,rat,Zimperium IOC,nikola.tesla,2025-03-25 17:58:02+00:00,False,True,True
39532,4b3f96e111e1266b215503f0de86a9534d9aac49cabcbd3f094860f7fd191b0e,184.0,ArsinkRAT,rat,Zimperium IOC,nikola.tesla,2025-09-21 16:40:22+00:00,eligible_current_governed,4b3f96e111e1266b215503f0de86a9534d9aac49cabcbd3f094860f7fd191b0e,184.0,ArsinkRAT,rat,Zimperium IOC,nikola.tesla,2025-09-21 16:40:22+00:00,False,True,True
39533,83273e5a688555a0c7469d74dc7470b143e8d37518e1ae5c0072acf9281425ec,184.0,ArsinkRAT,rat,Zimperium IOC,com.ArsinkRau,2024-01-26 14:47:30+00:00,eligible_current_governed,83273e5a688555a0c7469d74dc7470b143e8d37518e1ae5c0072acf9281425ec,184.0,ArsinkRAT,rat,Zimperium IOC,com.ArsinkRau,2024-01-26 14:47:30+00:00,False,True,True
39534,15565927aaa66a469c7f4b70e09224f7dff30dda7e106891037b2ca0844eff07,184.0,ArsinkRAT,rat,Zimperium IOC,nikola.tesla,2025-05-05 11:22:45+00:00,eligible_current_governed,15565927aaa66a469c7f4b70e09224f7dff30dda7e106891037b2ca0844eff07,184.0,ArsinkRAT,rat,Zimperium IOC,nikola.tesla,2025-05-05 11:22:45+00:00,False,True,True
39535,5ca0ca5bd2958ec0938027ad8509999c2adcfaac6a9b60278594a145f105b4ff,184.0,ArsinkRAT,rat,Zimperium IOC,com.RedXRat,2025-03-27 20:52:43+00:00,eligible_current_governed,5ca0ca5bd2958ec0938027ad8509999c2adcfaac6a9b60278594a145f105b4ff,184.0,ArsinkRAT,rat,Zimperium IOC,com.RedXRat,2025-03-27 20:52:43+00:00,False,True,True
39536,a0939025c0b1f345820bd0453349badc03076f8f36a9490bfaae6320f7b08cd7,184.0,ArsinkRAT,rat,Zimperium IOC,com.kucingadmin,2025-05-15 12:45:23+00:00,eligible_current_governed,a0939025c0b1f345820bd0453349badc03076f8f36a9490bfaae6320f7b08cd7,184.0,ArsinkRAT,rat,Zimperium IOC,com.kucingadmin,2025-05-15 12:45:23+00:00,False,True,True
39537,64805fa33cca33a11e66682e71b2b2d25cbb32f75a9611bd12dc609c92ba5804,184.0,ArsinkRAT,rat,Zimperium IOC,com.Dark.Silence,2023-10-27 09:13:32+00:00,eligible_current_governed,64805fa33cca33a11e66682e71b2b2d25cbb32f75a9611bd12dc609c92ba5804,184.0,ArsinkRAT,rat,Zimperium IOC,com.Dark.Silence,2023-10-27 09:13:32+00:00,False,True,True
39538,c585cac0622c567bf171b010a58f9207e6b81058dbcd40a07c4e455f45e8506a,184.0,ArsinkRAT,rat,Zimperium IOC,com.SPEED,2025-04-02 21:42:56+00:00,eligible_current_governed,c585cac0622c567bf171b010a58f9207e6b81058dbcd40a07c4e455f45e8506a,184.0,ArsinkRAT,rat,Zimperium IOC,com.SPEED,2025-04-02 21:42:56+00:00,False,True,True
39539,9bdb2053e479224a3ff30248bb7ca2d5f8cdfdf053e24dc813431241bbd53f33,184.0,ArsinkRAT,rat,Zimperium IOC,wifi.hack.com,2025-03-23 15:22:50+00:00,eligible_current_governed,9bdb2053e479224a3ff30248bb7ca2d5f8cdfdf053e24dc813431241bbd53f33,184.0,ArsinkRAT,rat,Zimperium IOC,wifi.hack.com,2025-03-23 15:22:50+00:00,False,True,True
39540,d53c4d184c8d5c884a3c78f85ecfd90a876371462b38360b0b8d28ced1c963e6,184.0,ArsinkRAT,rat,Zimperium IOC,com.zexrrat,2025-04-16 04:20:38+00:00,eligible_current_governed,d53c4d184c8d5c884a3c78f85ecfd90a876371462b38360b0b8d28ced1c963e6,184.0,ArsinkRAT,rat,Zimperium IOC,com.zexrrat,2025-04-16 04:20:38+00:00,False,True,True
39541,f425f694e38e0673560b3717c1c96431aea2d8ff9223bd6851a11a27633a6b52,184.0,ArsinkRAT,rat,Zimperium IOC,remove.clothes.com,2025-03-20 08:23:01+00:00,eligible_current_governed,f425f694e38e0673560b3717c1c96431aea2d8ff9223bd6851a11a27633a6b52,184.0,ArsinkRAT,rat,Zimperium IOC,remove.clothes.com,2025-03-20 08:23:01+00:00,False,True,True
39542,a81404703184ba9706d849ec4d3a5a321656316ba104fdff453166188b774f46,184.0,ArsinkRAT,rat,Zimperium IOC,com.app,2025-09-24 08:06:48+00:00,eligible_current_governed,a81404703184ba9706d849ec4d3a5a321656316ba104fdff453166188b774f46,184.0,ArsinkRAT,rat,Zimperium IOC,com.app,2025-09-24 08:06:48+00:00,False,True,True
39543,20db06e4d0abeae84a7763c24f323ebd46653246a540817fda897611990a9feb,184.0,ArsinkRAT,rat,Zimperium IOC,com.my.fmap.lope,2025-09-03 16:11:05+00:00,eligible_current_governed,20db06e4d0abeae84a7763c24f323ebd46653246a540817fda897611990a9feb,184.0,ArsinkRAT,rat,Zimperium IOC,com.my.fmap.lope,2025-09-03 16:11:05+00:00,False,True,True
39544,0ad318488a76e5c00622c4c8813f646799d79c45e0293338a4de49706575a25e,184.0,ArsinkRAT,rat,Zimperium IOC,com.Wifi,2025-04-23 17:27:48+00:00,eligible_current_governed,0ad318488a76e5c00622c4c8813f646799d79c45e0293338a4de49706575a25e,184.0,ArsinkRAT,rat,Zimperium IOC,com.Wifi,2025-04-23 17:27:48+00:00,False,True,True
39545,753d76bf419a35efaddd2529665808c78b045f7b7e7e17da8141b0fa8e8e6358,184.0,ArsinkRAT,rat,Zimperium IOC,com.sisuryaofficial.april1,2025-04-21 21:45:14+00:00,eligible_current_governed,753d76bf419a35efaddd2529665808c78b045f7b7e7e17da8141b0fa8e8e6358,184.0,ArsinkRAT,rat,Zimperium IOC,com.sisuryaofficial.april1,2025-04-21 21:45:14+00:00,False,True,True
39546,a8513fcc529f2a8a302be236d171ffea6d9f7221ecdd83a9ea4f613b82b434b0,184.0,ArsinkRAT,rat,Zimperium IOC,wifi.hack.com,2025-06-27 08:49:24+00:00,eligible_current_governed,a8513fcc529f2a8a302be236d171ffea6d9f7221ecdd83a9ea4f613b82b434b0,184.0,ArsinkRAT,rat,Zimperium IOC,wifi.hack.com,2025-06-27 08:49:24+00:00,False,True,True
39547,a807c1716c082216bef41a396146d4d823aef4cdf5228065a8fd5d6dd423db1a,184.0,ArsinkRAT,rat,Zimperium IOC,com.surxratnewp,2024-08-26 17:29:19+00:00,eligible_current_governed,a807c1716c082216bef41a396146d4d823aef4cdf5228065a8fd5d6dd423db1a,184.0,ArsinkRAT,rat,Zimperium IOC,com.surxratnewp,2024-08-26 17:29:19+00:00,False,True,True
39548,6636789f17d581cb1b70562541e74d987f054aa36cdefe49b855290046a99477,184.0,ArsinkRAT,rat,Zimperium IOC,whtsapp.gold,2025-05-16 09:37:58+00:00,eligible_current_governed,6636789f17d581cb1b70562541e74d987f054aa36cdefe49b855290046a99477,184.0,ArsinkRAT,rat,Zimperium IOC,whtsapp.gold,2025-05-16 09:37:58+00:00,False,True,True
39549,9e9623956cca4acbd0d74f3f784bf95a5e84e97c8ef9b6664eb270b62e038418,184.0,ArsinkRAT,rat,Zimperium IOC,remove.clothes.com,2025-03-18 06:26:23+00:00,eligible_current_governed,9e9623956cca4acbd0d74f3f784bf95a5e84e97c8ef9b6664eb270b62e038418,184.0,ArsinkRAT,rat,Zimperium IOC,remove.clothes.com,2025-03-18 06:26:23+00:00,False,True,True
39550,12ec9c5c71c843d144761348136bbf29fb83fd77e49167dd52377518b648c5c8,184.0,ArsinkRAT,rat,Zimperium IOC,com.course.app,2025-07-04 04:07:24+00:00,eligible_current_governed,12ec9c5c71c843d144761348136bbf29fb83fd77e49167dd52377518b648c5c8,184.0,ArsinkRAT,rat,Zimperium IOC,com.course.app,2025-07-04 04:07:24+00:00,False,True,True
39551,8ece8787cec9c2e797a6fa0880b684ca149560ce08c5ae0850019053b1cecc23,184.0,ArsinkRAT,rat,Zimperium IOC,wifi.hack.com,2025-03-13 12:20:34+00:00,eligible_current_governed,8ece8787cec9c2e797a6fa0880b684ca149560ce08c5ae0850019053b1cecc23,184.0,ArsinkRAT,rat,Zimperium IOC,wifi.hack.com,2025-03-13 12:20:34+00:00,False,True,True
39552,df79284c96503d86c65eab5089c923c2bc54a345d920fd5a2daccca3da21ca86,184.0,ArsinkRAT,rat,Zimperium IOC,nikola.tesla,2025-03-17 11:22:12+00:00,eligible_current_governed,df79284c96503d86c65eab5089c923c2bc54a345d920fd5a2daccca3da21ca86,184.0,ArsinkRAT,rat,Zimperium IOC,nikola.tesla,2025-03-17 11:22:12+00:00,False,True,True
39553,02f63088c4862ff01b50e50bcfe28d4966962a7a87b79b939aaee795a8a61b8c,184.0,ArsinkRAT,rat,Zimperium IOC,nikola.tesla,2025-05-18 01:30:10+00:00,eligible_current_governed,02f63088c4862ff01b50e50bcfe28d4966962a7a87b79b939aaee795a8a61b8c,184.0,ArsinkRAT,rat,Zimperium IOC,nikola.tesla,2025-05-18 01:30:10+00:00,False,True,True
39554,cb08747dfaaed51d25b8dad41a7987d1e13eb0788c55c1a896c44df0f15c7af6,184.0,ArsinkRAT,rat,Zimperium IOC,com.course.app,2025-10-02 16:26:05+00:00,eligible_current_governed,cb08747dfaaed51d25b8dad41a7987d1e13eb0788c55c1a896c44df0f15c7af6,184.0,ArsinkRAT,rat,Zimperium IOC,com.course.app,2025-10-02 16:26:05+00:00,False,True,True
39555,76dbb9c0678eb1e1544a46ed0b79ad56110e904c9e4c60959b5c59154b2c5fc4,184.0,ArsinkRAT,rat,Zimperium IOC,wifi.hack.com,2025-03-29 08:39:19+00:00,eligible_current_governed,76dbb9c0678eb1e1544a46ed0b79ad56110e904c9e4c60959b5c59154b2c5fc4,184.0,ArsinkRAT,rat,Zimperium IOC,wifi.hack.com,2025-03-29 08:39:19+00:00,False,True,True
39556,583fb2c314d84172126716b36e4a916381ec248cc3e08b1c001c9733e4d974e6,184.0,ArsinkRAT,rat,Zimperium IOC,com.freefirebeta.bysisurya,2025-03-15 20:53:11+00:00,eligible_current_governed,583fb2c314d84172126716b36e4a916381ec248cc3e08b1c001c9733e4d974e6,184.0,ArsinkRAT,rat,Zimperium IOC,com.freefirebeta.bysisurya,2025-03-15 20:53:11+00:00,False,True,True
39557,9cd2da7f676f252a3a3b7d0069c7365247fe59b38f20346144f943418de35424,184.0,ArsinkRAT,rat,Zimperium IOC,com.wifi.attacker.redx,2025-08-11 11:39:56+00:00,eligible_current_governed,9cd2da7f676f252a3a3b7d0069c7365247fe59b38f20346144f943418de35424,184.0,ArsinkRAT,rat,Zimperium IOC,com.wifi.attacker.redx,2025-08-11 11:39:56+00:00,False,True,True
39558,d6d794f93504774f1e21572a370f8b84e087ee7a03c95847c7e15a812b3563f5,184.0,ArsinkRAT,rat,Zimperium IOC,nikola.tesla,2025-07-23 23:14:18+00:00,eligible_current_governed,d6d794f93504774f1e21572a370f8b84e087ee7a03c95847c7e15a812b3563f5,184.0,ArsinkRAT,rat,Zimperium IOC,nikola.tesla,2025-07-23 23:14:18+00:00,False,True,True
39559,5afc0a8e557dded8671aaabe86c70654154225ae0cb0d2d17a2cf81e5b1ba995,184.0,ArsinkRAT,rat,Zimperium IOC,com.sisuryaofficial.april1,2025-06-09 14:23:09+00:00,eligible_current_governed,5afc0a8e557dded8671aaabe86c70654154225ae0cb0d2d17a2cf81e5b1ba995,184.0,ArsinkRAT,rat,Zimperium IOC,com.sisuryaofficial.april1,2025-06-09 14:23:09+00:00,False,True,True
39560,6344406126bd4d1248171e2208954809a489061e11d1e5c0143c1f6443c0f576,184.0,ArsinkRAT,rat,Zimperium IOC,nikola.tesla,2025-03-29 00:34:06+00:00,eligible_current_governed,6344406126bd4d1248171e2208954809a489061e11d1e5c0143c1f6443c0f576,184.0,ArsinkRAT,rat,Zimperium IOC,nikola.tesla,2025-03-29 00:34:06+00:00,False,True,True
39561,15ddc93e56564768dc32acfa7f134c101099555b2c71bdf6a10c6cd420dd6269,184.0,ArsinkRAT,rat,Zimperium IOC,com.zexrrat,2024-06-22 04:51:42+00:00,eligible_current_governed,15ddc93e56564768dc32acfa7f134c101099555b2c71bdf6a10c6cd420dd6269,184.0,ArsinkRAT,rat,Zimperium IOC,com.zexrrat,2024-06-22 04:51:42+00:00,False,True,True
39562,ff99d8b6490b966e2f1464de68b45c21a169c54506c7e2758054f9a496608b14,184.0,ArsinkRAT,rat,Zimperium IOC,com.sisuryaofficial.a1,2025-04-07 10:13:34+00:00,eligible_current_governed,ff99d8b6490b966e2f1464de68b45c21a169c54506c7e2758054f9a496608b14,184.0,ArsinkRAT,rat,Zimperium IOC,com.sisuryaofficial.a1,2025-04-07 10:13:34+00:00,False,True,True
39563,d0d52705bc0424914dd4b1b44d7125e07c7f873607ddf2495dc4f6b2f345128f,184.0,ArsinkRAT,rat,Zimperium IOC,com.metodsbansut0102,2025-08-29 05:14:08+00:00,eligible_current_governed,d0d52705bc0424914dd4b1b44d7125e07c7f873607ddf2495dc4f6b2f345128f,184.0,ArsinkRAT,rat,Zimperium IOC,com.metodsbansut0102,2025-08-29 05:14:08+00:00,False,True,True
39564,3d48b9e29ce623fc2508551da174a766647de9e28c28974ae24809a5d254193a,184.0,ArsinkRAT,rat,Zimperium IOC,sisurya.root,2025-10-20 18:06:12+00:00,eligible_current_governed,3d48b9e29ce623fc2508551da174a766647de9e28c28974ae24809a5d254193a,184.0,ArsinkRAT,rat,Zimperium IOC,sisurya.root,2025-10-20 18:06:12+00:00,False,True,True
39565,e25d61062ac88374bbb79afabea05a51a4b5fa930a4437c6e31b22406ae5f113,184.0,ArsinkRAT,rat,Zimperium IOC,com.hackedfacebook,2025-07-12 12:38:45+00:00,eligible_current_governed,e25d61062ac88374bbb79afabea05a51a4b5fa930a4437c6e31b22406ae5f113,184.0,ArsinkRAT,rat,Zimperium IOC,com.hackedfacebook,2025-07-12 12:38:45+00:00,False,True,True
39566,dfc574ee197cea79b0dc3c4efdd65c6bbacea863cb0254f9431d2f23ef39f0a4,184.0,ArsinkRAT,rat,Zimperium IOC,wifi.hack.com,2025-10-03 23:07:04+00:00,eligible_current_governed,dfc574ee197cea79b0dc3c4efdd65c6bbacea863cb0254f9431d2f23ef39f0a4,184.0,ArsinkRAT,rat,Zimperium IOC,wifi.hack.com,2025-10-03 23:07:04+00:00,False,True,True
39567,12bb025331a2150ad960eefac1ae0535bb07add04fb24ed3059631953c89f312,184.0,ArsinkRAT,rat,Zimperium IOC,com.sisuryaofficial.april1,2025-06-24 11:53:29+00:00,eligible_current_governed,12bb025331a2150ad960eefac1ae0535bb07add04fb24ed3059631953c89f312,184.0,ArsinkRAT,rat,Zimperium IOC,com.sisuryaofficial.april1,2025-06-24 11:53:29+00:00,False,True,True
39568,d8583812990c7e31385891d102b373e135f832f4413948ff7f58e2306f0db2d1,184.0,ArsinkRAT,rat,Zimperium IOC,com.metodebansisuryaoffc,2025-03-21 01:53:30+00:00,eligible_current_governed,d8583812990c7e31385891d102b373e135f832f4413948ff7f58e2306f0db2d1,184.0,ArsinkRAT,rat,Zimperium IOC,com.metodebansisuryaoffc,2025-03-21 01:53:30+00:00,False,True,True
39569,092f0b1efc5acadc16bced1bb7db38a4c19947ebca25bf49aa7ee51e0a29d88c,184.0,ArsinkRAT,rat,Zimperium IOC,,2025-04-12 12:54:40+00:00,eligible_current_governed,092f0b1efc5acadc16bced1bb7db38a4c19947ebca25bf49aa7ee51e0a29d88c,184.0,ArsinkRAT,rat,Zimperium IOC,,2025-04-12 12:54:40+00:00,False,True,True
39570,f10c0abf94dc3860bf42ca38f44b179e71eeabd709fd641dd251d00a94f90f0b,184.0,ArsinkRAT,rat,Zimperium IOC,com.ghostrat,2025-06-15 22:18:33+00:00,eligible_current_governed,f10c0abf94dc3860bf42ca38f44b179e71eeabd709fd641dd251d00a94f90f0b,184.0,ArsinkRAT,rat,Zimperium IOC,com.ghostrat,2025-06-15 22:18:33+00:00,False,True,True
39571,104f08307b3a6770906b1b00b1fc709b811e3df8e8e6cec1209f294433a12d1b,184.0,ArsinkRAT,rat,Zimperium IOC,com.alqassam,2023-12-23 23:04:10+00:00,eligible_current_governed,104f08307b3a6770906b1b00b1fc709b811e3df8e8e6cec1209f294433a12d1b,184.0,ArsinkRAT,rat,Zimperium IOC,com.alqassam,2023-12-23 23:04:10+00:00,False,True,True
39572,2b55b8946ae9864ce336c48b39bf0d481973381aa51318427183b3800656e4f5,184.0,ArsinkRAT,rat,Zimperium IOC,com.sisuryaofficial.b1,2025-04-22 17:00:12+00:00,eligible_current_governed,2b55b8946ae9864ce336c48b39bf0d481973381aa51318427183b3800656e4f5,184.0,ArsinkRAT,rat,Zimperium IOC,com.sisuryaofficial.b1,2025-04-22 17:00:12+00:00,False,True,True
39573,864c2ad8953b7ff5cad48a6d9573f23032de2a88dd4ecd8b400e6512c0061cce,184.0,ArsinkRAT,rat,Zimperium IOC,com.sisuryaoffc.bs7,2025-09-24 01:32:14+00:00,eligible_current_governed,864c2ad8953b7ff5cad48a6d9573f23032de2a88dd4ecd8b400e6512c0061cce,184.0,ArsinkRAT,rat,Zimperium IOC,com.sisuryaoffc.bs7,2025-09-24 01:32:14+00:00,False,True,True
39574,d9a3ea08ff0e452f027c776a5ab4f82d20499c5833fdc61158e42e80ea890994,184.0,ArsinkRAT,rat,Zimperium IOC,com.metasploit.storge,2025-03-20 01:26:48+00:00,eligible_current_governed,d9a3ea08ff0e452f027c776a5ab4f82d20499c5833fdc61158e42e80ea890994,184.0,ArsinkRAT,rat,Zimperium IOC,com.metasploit.storge,2025-03-20 01:26:48+00:00,False,True,True
39575,9f2256d25c9bf1ee96fba0c2e441de6918e8651a4563bd424fe13afd80fc75f7,184.0,ArsinkRAT,rat,Zimperium IOC,com.apphacker2024,2025-03-25 13:46:12+00:00,eligible_current_governed,9f2256d25c9bf1ee96fba0c2e441de6918e8651a4563bd424fe13afd80fc75f7,184.0,ArsinkRAT,rat,Zimperium IOC,com.apphacker2024,2025-03-25 13:46:12+00:00,False,True,True
39576,2efb3b127e29da850bd800d4f33b47ac8157bcf0760c3c3c5343af68d4636440,184.0,ArsinkRAT,rat,Zimperium IOC,nikola.tesla,2025-03-17 17:35:40+00:00,eligible_current_governed,2efb3b127e29da850bd800d4f33b47ac8157bcf0760c3c3c5343af68d4636440,184.0,ArsinkRAT,rat,Zimperium IOC,nikola.tesla,2025-03-17 17:35:40+00:00,False,True,True
39577,5ac6abfd84defe2d8db534a525130cd61ac07ad41c5ef408b49838c0adb85122,184.0,ArsinkRAT,rat,Zimperium IOC,nikola.tesla,2025-07-23 09:02:00+00:00,eligible_current_governed,5ac6abfd84defe2d8db534a525130cd61ac07ad41c5ef408b49838c0adb85122,184.0,ArsinkRAT,rat,Zimperium IOC,nikola.tesla,2025-07-23 09:02:00+00:00,False,True,True
39578,0e7384c31b1cbb04dfe2292962c04e59e54a04e926a44f19dbe1faeefe172801,184.0,ArsinkRAT,rat,Zimperium IOC,com.sms.use,2025-03-20 03:01:31+00:00,eligible_current_governed,0e7384c31b1cbb04dfe2292962c04e59e54a04e926a44f19dbe1faeefe172801,184.0,ArsinkRAT,rat,Zimperium IOC,com.sms.use,2025-03-20 03:01:31+00:00,False,True,True
39579,45d3ac18988642d9d5f3c8870a4ddb48e03d3a9739b258722a3e5ec1efb22ac6,184.0,ArsinkRAT,rat,Zimperium IOC,com.mynewproject12,2025-07-30 11:39:47+00:00,eligible_current_governed,45d3ac18988642d9d5f3c8870a4ddb48e03d3a9739b258722a3e5ec1efb22ac6,184.0,ArsinkRAT,rat,Zimperium IOC,com.mynewproject12,2025-07-30 11:39:47+00:00,False,True,True
39580,f6e26032425bc76629670d1699034dd91d7a988101cb05c64a1f92e2ac1ba831,184.0,ArsinkRAT,rat,Zimperium IOC,com.surxphrat.privatg,2025-06-12 10:01:24+00:00,eligible_current_governed,f6e26032425bc76629670d1699034dd91d7a988101cb05c64a1f92e2ac1ba831,184.0,ArsinkRAT,rat,Zimperium IOC,com.surxphrat.privatg,2025-06-12 10:01:24+00:00,False,True,True
39581,2e09ce883dd2b85c45e21e931e29826d8c4e411aa9a56f9486175e969a178bdf,184.0,ArsinkRAT,rat,Zimperium IOC,com.metodsbansut0102,2025-07-11 04:23:33+00:00,eligible_current_governed,2e09ce883dd2b85c45e21e931e29826d8c4e411aa9a56f9486175e969a178bdf,184.0,ArsinkRAT,rat,Zimperium IOC,com.metodsbansut0102,2025-07-11 04:23:33+00:00,False,True,True
39582,265eaa63cbee1599255a722b3ce0af03466b793ee85afa8f3b6a726ce546b06f,184.0,ArsinkRAT,rat,Zimperium IOC,nikola.tesla,2025-04-11 03:18:12+00:00,eligible_current_governed,265eaa63cbee1599255a722b3ce0af03466b793ee85afa8f3b6a726ce546b06f,184.0,ArsinkRAT,rat,Zimperium IOC,nikola.tesla,2025-04-11 03:18:12+00:00,False,True,True
39583,c2049f89a5f73c77dd6ef1d28f82544dbc571efd08c3591926e52b92fb3bb853,184.0,ArsinkRAT,rat,Zimperium IOC,com.bencore,2025-05-13 05:56:39+00:00,eligible_current_governed,c2049f89a5f73c77dd6ef1d28f82544dbc571efd08c3591926e52b92fb3bb853,184.0,ArsinkRAT,rat,Zimperium IOC,com.bencore,2025-05-13 05:56:39+00:00,False,True,True
39584,cd426adce0d0d1900a2fb7dac2260b375582f68fe5fea4454eaa95df2a2cdcd4,184.0,ArsinkRAT,rat,Zimperium IOC,com.injectorbylequid,2024-12-30 11:20:01+00:00,eligible_current_governed,cd426adce0d0d1900a2fb7dac2260b375582f68fe5fea4454eaa95df2a2cdcd4,184.0,ArsinkRAT,rat,Zimperium IOC,com.injectorbylequid,2024-12-30 11:20:01+00:00,False,True,True
39585,d86971fdfa5a49807ea0b974c8ca298e80e515c575965ab1fcc403fea81df700,184.0,ArsinkRAT,rat,Zimperium IOC,com.sisuryaofficial.april1,2025-06-14 07:15:56+00:00,eligible_current_governed,d86971fdfa5a49807ea0b974c8ca298e80e515c575965ab1fcc403fea81df700,184.0,ArsinkRAT,rat,Zimperium IOC,com.sisuryaofficial.april1,2025-06-14 07:15:56+00:00,False,True,True
39586,c1fad90896f21c18cfcc3f4a0112c90ea9cb548ee24f023cf9df44b066f53871,184.0,ArsinkRAT,rat,Zimperium IOC,com.red.Attacker,2025-03-23 01:53:23+00:00,eligible_current_governed,c1fad90896f21c18cfcc3f4a0112c90ea9cb548ee24f023cf9df44b066f53871,184.0,ArsinkRAT,rat,Zimperium IOC,com.red.Attacker,2025-03-23 01:53:23+00:00,False,True,True
39587,e15b3809b0b792588ca2ee6342f0ba1e5651614d8e2ba5ba007d9d428dbbc7ee,184.0,ArsinkRAT,rat,Zimperium IOC,com.kucingadmin17,2025-03-18 15:43:54+00:00,eligible_current_governed,e15b3809b0b792588ca2ee6342f0ba1e5651614d8e2ba5ba007d9d428dbbc7ee,184.0,ArsinkRAT,rat,Zimperium IOC,com.kucingadmin17,2025-03-18 15:43:54+00:00,False,True,True
39588,cb60f85be930befe1e8e2faa4c44814cb0d87f41b5eac006996bc94f7ca64fd0,184.0,ArsinkRAT,rat,Zimperium IOC,wifi.hack.com,2025-03-08 12:39:34+00:00,eligible_current_governed,cb60f85be930befe1e8e2faa4c44814cb0d87f41b5eac006996bc94f7ca64fd0,184.0,ArsinkRAT,rat,Zimperium IOC,wifi.hack.com,2025-03-08 12:39:34+00:00,False,True,True
39589,f69a08afb19491a664615fab02ad09245af3db4a128178858bf49ec9d1188682,184.0,ArsinkRAT,rat,Zimperium IOC,com.convert.music,2024-12-20 22:21:19+00:00,eligible_current_governed,f69a08afb19491a664615fab02ad09245af3db4a128178858bf49ec9d1188682,184.0,ArsinkRAT,rat,Zimperium IOC,com.convert.music,2024-12-20 22:21:19+00:00,False,True,True
39590,57fb726fb41f68f07bc8d42727cd63a2b6443e3a8664e8786c03d995520e162a,184.0,ArsinkRAT,rat,Zimperium IOC,com.grow.in,2025-04-29 16:34:26+00:00,eligible_current_governed,57fb726fb41f68f07bc8d42727cd63a2b6443e3a8664e8786c03d995520e162a,184.0,ArsinkRAT,rat,Zimperium IOC,com.grow.in,2025-04-29 16:34:26+00:00,False,True,True
39591,561db683767de0f16758a1a725e89504075abcb1864e55467ae31464b29006ce,184.0,ArsinkRAT,rat,Zimperium IOC,com.course.app,2025-03-25 12:39:55+00:00,eligible_current_governed,561db683767de0f16758a1a725e89504075abcb1864e55467ae31464b29006ce,184.0,ArsinkRAT,rat,Zimperium IOC,com.course.app,2025-03-25 12:39:55+00:00,False,True,True
39592,6a45cf985c368249c25e8a9f5513a82e7655b54cf618dfc1d611065b83359b73,184.0,ArsinkRAT,rat,Zimperium IOC,com.nekopooi,2025-05-17 11:52:32+00:00,eligible_current_governed,6a45cf985c368249c25e8a9f5513a82e7655b54cf618dfc1d611065b83359b73,184.0,ArsinkRAT,rat,Zimperium IOC,com.nekopooi,2025-05-17 11:52:32+00:00,False,True,True
39593,3b148575abfa815dd304f17df2e4b000fedc337ccb8857a9c1cc45358732e21e,184.0,ArsinkRAT,rat,Zimperium IOC,nikola.tesla,2025-03-28 16:50:04+00:00,eligible_current_governed,3b148575abfa815dd304f17df2e4b000fedc337ccb8857a9c1cc45358732e21e,184.0,ArsinkRAT,rat,Zimperium IOC,nikola.tesla,2025-03-28 16:50:04+00:00,False,True,True
39594,a15cd57679f7a12b22ed62475bca545309482c2a4049321f45903bbf856eda0b,184.0,ArsinkRAT,rat,Zimperium IOC,nikola.tesla,2025-09-07 16:22:25+00:00,eligible_current_governed,a15cd57679f7a12b22ed62475bca545309482c2a4049321f45903bbf856eda0b,184.0,ArsinkRAT,rat,Zimperium IOC,nikola.tesla,2025-09-07 16:22:25+00:00,False,True,True
39595,41d0394e607710698e1cce1a6027bf5e079493393aa3bac772f81b0e674b7268,184.0,ArsinkRAT,rat,Zimperium IOC,com.surxratv4by.sisuryaofficial,2025-03-28 09:46:16+00:00,eligible_current_governed,41d0394e607710698e1cce1a6027bf5e079493393aa3bac772f81b0e674b7268,184.0,ArsinkRAT,rat,Zimperium IOC,com.surxratv4by.sisuryaofficial,2025-03-28 09:46:16+00:00,False,True,True
39596,0109d18de34829886dd0d051bc3af7c8caf9ba9d0666155b0f6f609dd12207ad,184.0,ArsinkRAT,rat,Zimperium IOC,com.ArsinkRat,2023-12-30 21:37:50+00:00,eligible_current_governed,0109d18de34829886dd0d051bc3af7c8caf9ba9d0666155b0f6f609dd12207ad,184.0,ArsinkRAT,rat,Zimperium IOC,com.ArsinkRat,2023-12-30 21:37:50+00:00,False,True,True
39597,46f896c5bf04a7311ec3f441eb7fb3902193da1a97c11d9729b0292bcd054fa4,184.0,ArsinkRAT,rat,Zimperium IOC,com.wifi.attacker.redx,2025-05-10 02:16:36+00:00,eligible_current_governed,46f896c5bf04a7311ec3f441eb7fb3902193da1a97c11d9729b0292bcd054fa4,184.0,ArsinkRAT,rat,Zimperium IOC,com.wifi.attacker.redx,2025-05-10 02:16:36+00:00,False,True,True
39598,05dd16ab99a64cd1ca8b292b99e169b9a6ca858c8e068a968c6714dc64d9fa96,184.0,ArsinkRAT,rat,Zimperium IOC,com.my.victim,2025-04-21 20:34:59+00:00,eligible_current_governed,05dd16ab99a64cd1ca8b292b99e169b9a6ca858c8e068a968c6714dc64d9fa96,184.0,ArsinkRAT,rat,Zimperium IOC,com.my.victim,2025-04-21 20:34:59+00:00,False,True,True
39599,12c4d5290625401e0477e823733c9c50af9df9980d2f045091e08a9cdcd7a516,184.0,ArsinkRAT,rat,Zimperium IOC,com.metodsbansut0102,2025-10-15 13:53:20+00:00,eligible_current_governed,12c4d5290625401e0477e823733c9c50af9df9980d2f045091e08a9cdcd7a516,184.0,ArsinkRAT,rat,Zimperium IOC,com.metodsbansut0102,2025-10-15 13:53:20+00:00,False,True,True
39600,264fac2e9b209c2ae5fae73b3ffb410187f37e19e60bafef826a32ec7d3b1424,184.0,ArsinkRAT,rat,Zimperium IOC,com.my.victim,2025-03-28 14:06:05+00:00,eligible_current_governed,264fac2e9b209c2ae5fae73b3ffb410187f37e19e60bafef826a32ec7d3b1424,184.0,ArsinkRAT,rat,Zimperium IOC,com.my.victim,2025-03-28 14:06:05+00:00,False,True,True
39601,eb3dea5686c05c668580c338037b2344a82d7e89ee71eb1621dd59905e61ee3e,184.0,ArsinkRAT,rat,Zimperium IOC,nikola.tesla,2025-03-18 11:05:24+00:00,eligible_current_governed,eb3dea5686c05c668580c338037b2344a82d7e89ee71eb1621dd59905e61ee3e,184.0,ArsinkRAT,rat,Zimperium IOC,nikola.tesla,2025-03-18 11:05:24+00:00,False,True,True
39602,bae35c78d5bbf39719220f3d409843d8b88175f50d62198e4b306293b7573603,184.0,ArsinkRAT,rat,Zimperium IOC,com.course.app,2025-03-27 03:44:02+00:00,eligible_current_governed,bae35c78d5bbf39719220f3d409843d8b88175f50d62198e4b306293b7573603,184.0,ArsinkRAT,rat,Zimperium IOC,com.course.app,2025-03-27 03:44:02+00:00,False,True,True
39603,0340e6f8305437a74943cbeb4cca70304d99b2ea98d755407862174f9cdee841,184.0,ArsinkRAT,rat,Zimperium IOC,com.metodebansisurycnew,2025-03-01 15:58:42+00:00,eligible_current_governed,0340e6f8305437a74943cbeb4cca70304d99b2ea98d755407862174f9cdee841,184.0,ArsinkRAT,rat,Zimperium IOC,com.metodebansisurycnew,2025-03-01 15:58:42+00:00,False,True,True
39604,61875a17a140954fbdbc5c3d5f1cbc2c1cfa65a5643f86111484dfc499a4c31a,184.0,ArsinkRAT,rat,Zimperium IOC,com.sisuryaofficial.april1,2025-07-27 12:04:13+00:00,eligible_current_governed,61875a17a140954fbdbc5c3d5f1cbc2c1cfa65a5643f86111484dfc499a4c31a,184.0,ArsinkRAT,rat,Zimperium IOC,com.sisuryaofficial.april1,2025-07-27 12:04:13+00:00,False,True,True
39605,9c75e7eb2b435df1ee8d74b042383d6cdf0eb9a392bb0efec7c4cf1b79b2ca5b,184.0,ArsinkRAT,rat,Zimperium IOC,com.metodsbansur,2025-03-31 14:32:39+00:00,eligible_current_governed,9c75e7eb2b435df1ee8d74b042383d6cdf0eb9a392bb0efec7c4cf1b79b2ca5b,184.0,ArsinkRAT,rat,Zimperium IOC,com.metodsbansur,2025-03-31 14:32:39+00:00,False,True,True
39606,c032490c78886fea281fe268460067ad6d8fbe93d1e6f556db18d7af7f93b769,184.0,ArsinkRAT,rat,Zimperium IOC,nikola.tesla,2025-09-26 19:07:55+00:00,eligible_current_governed,c032490c78886fea281fe268460067ad6d8fbe93d1e6f556db18d7af7f93b769,184.0,ArsinkRAT,rat,Zimperium IOC,nikola.tesla,2025-09-26 19:07:55+00:00,False,True,True
39607,ddd2bb8e7959842b49938890e7ae092802e3ed134da11bae4ff39543dd5c3709,184.0,ArsinkRAT,rat,Zimperium IOC,com.course.app,2025-03-19 17:25:05+00:00,eligible_current_governed,ddd2bb8e7959842b49938890e7ae092802e3ed134da11bae4ff39543dd5c3709,184.0,ArsinkRAT,rat,Zimperium IOC,com.course.app,2025-03-19 17:25:05+00:00,False,True,True
39608,1b0600de99aa48c93c5432494bf16ae5f400120f028d4d4677c4eecf19b5a7c0,184.0,ArsinkRAT,rat,Zimperium IOC,com.grow.in,2025-04-09 08:18:27+00:00,eligible_current_governed,1b0600de99aa48c93c5432494bf16ae5f400120f028d4d4677c4eecf19b5a7c0,184.0,ArsinkRAT,rat,Zimperium IOC,com.grow.in,2025-04-09 08:18:27+00:00,False,True,True
39609,85e27f3c4e428b6cb28ed14346b389d5d3e48cd029ae885d195cfe9a8eb922d4,184.0,ArsinkRAT,rat,Zimperium IOC,remove.clothes.com,2025-04-10 18:54:30+00:00,eligible_current_governed,85e27f3c4e428b6cb28ed14346b389d5d3e48cd029ae885d195cfe9a8eb922d4,184.0,ArsinkRAT,rat,Zimperium IOC,remove.clothes.com,2025-04-10 18:54:30+00:00,False,True,True
39610,a98f6187ebf6c3a9a289e782f7436a8dda3c26fda72c4e4c25840cbca01a4b83,184.0,ArsinkRAT,rat,Zimperium IOC,com.redx.Attacker,2025-04-20 18:34:09+00:00,eligible_current_governed,a98f6187ebf6c3a9a289e782f7436a8dda3c26fda72c4e4c25840cbca01a4b83,184.0,ArsinkRAT,rat,Zimperium IOC,com.redx.Attacker,2025-04-20 18:34:09+00:00,False,True,True
39611,8d567ffdf2a0d0bfeff9879abb8be9907637c812cc35f50cb79a29e11f4c8fdd,184.0,ArsinkRAT,rat,Zimperium IOC,com.virus.attack,2025-03-26 22:17:03+00:00,eligible_current_governed,8d567ffdf2a0d0bfeff9879abb8be9907637c812cc35f50cb79a29e11f4c8fdd,184.0,ArsinkRAT,rat,Zimperium IOC,com.virus.attack,2025-03-26 22:17:03+00:00,False,True,True
39612,26ccf45677fa711413bdbf5d1082bd4de125482952302a7915bd91b47ee06998,184.0,ArsinkRAT,rat,Zimperium IOC,com.my.mzzz,2025-05-02 18:05:00+00:00,eligible_current_governed,26ccf45677fa711413bdbf5d1082bd4de125482952302a7915bd91b47ee06998,184.0,ArsinkRAT,rat,Zimperium IOC,com.my.mzzz,2025-05-02 18:05:00+00:00,False,True,True
39613,881a82fff3289a729d6f2799994d7fe6901bfca5ef5f4d85691e55ce504df499,184.0,ArsinkRAT,rat,Zimperium IOC,com.msfdroid,2025-03-20 01:22:00+00:00,eligible_current_governed,881a82fff3289a729d6f2799994d7fe6901bfca5ef5f4d85691e55ce504df499,184.0,ArsinkRAT,rat,Zimperium IOC,com.msfdroid,2025-03-20 01:22:00+00:00,False,True,True
39614,7a6beb433261a4c6250d5f0b8d7127ac90202d68ba7c940257206ed493cdad30,184.0,ArsinkRAT,rat,Zimperium IOC,com.sisuryaofficial.april1,2025-07-18 12:29:31+00:00,eligible_current_governed,7a6beb433261a4c6250d5f0b8d7127ac90202d68ba7c940257206ed493cdad30,184.0,ArsinkRAT,rat,Zimperium IOC,com.sisuryaofficial.april1,2025-07-18 12:29:31+00:00,False,True,True
39615,713607be37b4f8d0b6e8200eb9bd29cb25d2121a08b81ac94215bba1299d6c0f,184.0,ArsinkRAT,rat,Zimperium IOC,nikola.tesla,2025-03-05 14:16:01+00:00,eligible_current_governed,713607be37b4f8d0b6e8200eb9bd29cb25d2121a08b81ac94215bba1299d6c0f,184.0,ArsinkRAT,rat,Zimperium IOC,nikola.tesla,2025-03-05 14:16:01+00:00,False,True,True
39616,d88febb7b79ad2c79191b387098daa2be13b2d3c4dacc65a00c58808b1a16f2f,184.0,ArsinkRAT,rat,Zimperium IOC,com.sisuryaofficial.april1,2025-10-12 23:57:34+00:00,eligible_current_governed,d88febb7b79ad2c79191b387098daa2be13b2d3c4dacc65a00c58808b1a16f2f,184.0,ArsinkRAT,rat,Zimperium IOC,com.sisuryaofficial.april1,2025-10-12 23:57:34+00:00,False,True,True
39617,3cfda96a9e0647d8b2092a0162624a79453bea7cc2240f0a9709bda9984cb29f,184.0,ArsinkRAT,rat,Zimperium IOC,,2025-07-01 19:11:30+00:00,eligible_current_governed,3cfda96a9e0647d8b2092a0162624a79453bea7cc2240f0a9709bda9984cb29f,184.0,ArsinkRAT,rat,Zimperium IOC,,2025-07-01 19:11:30+00:00,False,True,True
39618,908c223b1c71449e4458ea269ac73805bd19e3ef409c3444f81430a61a30021e,184.0,ArsinkRAT,rat,Zimperium IOC,com.sisuryaofficial.april1,2025-06-27 12:22:36+00:00,eligible_current_governed,908c223b1c71449e4458ea269ac73805bd19e3ef409c3444f81430a61a30021e,184.0,ArsinkRAT,rat,Zimperium IOC,com.sisuryaofficial.april1,2025-06-27 12:22:36+00:00,False,True,True
39619,598186c09ed8a77914d1805e229e32dc3a28b33b53e700d51619c8490f20cb50,184.0,ArsinkRAT,rat,Zimperium IOC,com.ai.app,2025-09-07 16:05:33+00:00,eligible_current_governed,598186c09ed8a77914d1805e229e32dc3a28b33b53e700d51619c8490f20cb50,184.0,ArsinkRAT,rat,Zimperium IOC,com.ai.app,2025-09-07 16:05:33+00:00,False,True,True
39620,682f0ff0ee2722e6056aa7e7c6519d447582b936aeb05d957660b3e8b3c47398,184.0,ArsinkRAT,rat,Zimperium IOC,com.wifi.attacker.redx,2025-05-17 04:10:45+00:00,eligible_current_governed,682f0ff0ee2722e6056aa7e7c6519d447582b936aeb05d957660b3e8b3c47398,184.0,ArsinkRAT,rat,Zimperium IOC,com.wifi.attacker.redx,2025-05-17 04:10:45+00:00,False,True,True
39621,1a21a4a80fe0e6514e03ddaed9b7c3030223478f6af9f12bd5a9ed1866d7e4fc,184.0,ArsinkRAT,rat,Zimperium IOC,nikola.tesla,2025-03-22 04:58:10+00:00,eligible_current_governed,1a21a4a80fe0e6514e03ddaed9b7c3030223478f6af9f12bd5a9ed1866d7e4fc,184.0,ArsinkRAT,rat,Zimperium IOC,nikola.tesla,2025-03-22 04:58:10+00:00,False,True,True
39622,1a259c081760544cbf434cdbb6f8577af8c9f5e885ab53e7e24d875d901055e0,184.0,ArsinkRAT,rat,Zimperium IOC,nikola.tesla,2025-04-26 18:46:11+00:00,eligible_current_governed,1a259c081760544cbf434cdbb6f8577af8c9f5e885ab53e7e24d875d901055e0,184.0,ArsinkRAT,rat,Zimperium IOC,nikola.tesla,2025-04-26 18:46:11+00:00,False,True,True
39623,d86e1daae94aa700e7225c0e22d3840e81d8e8f76943e2a1afafc536de15a049,184.0,ArsinkRAT,rat,Zimperium IOC,com.surxphrat.privath,2025-03-26 23:18:02+00:00,eligible_current_governed,d86e1daae94aa700e7225c0e22d3840e81d8e8f76943e2a1afafc536de15a049,184.0,ArsinkRAT,rat,Zimperium IOC,com.surxphrat.privath,2025-03-26 23:18:02+00:00,False,True,True
39624,fff64e4b54f6d7bc3eb0caa6e48d0ced2d8d0136a1d71e148ae2e64aab86a2da,184.0,ArsinkRAT,rat,Zimperium IOC,com.RedX.Spy,2025-04-19 11:51:28+00:00,eligible_current_governed,fff64e4b54f6d7bc3eb0caa6e48d0ced2d8d0136a1d71e148ae2e64aab86a2da,184.0,ArsinkRAT,rat,Zimperium IOC,com.RedX.Spy,2025-04-19 11:51:28+00:00,False,True,True
39625,683456f41fadbe4767b9ccbf12d8c93b2bed41bb82047965694a5ee77afaf92b,184.0,ArsinkRAT,rat,Zimperium IOC,nikola.tesla,2025-03-18 02:13:06+00:00,eligible_current_governed,683456f41fadbe4767b9ccbf12d8c93b2bed41bb82047965694a5ee77afaf92b,184.0,ArsinkRAT,rat,Zimperium IOC,nikola.tesla,2025-03-18 02:13:06+00:00,False,True,True
39626,5709939dad1b506283c75242648ddde07a432ef8f339d7032d3438cd87f8ea88,184.0,ArsinkRAT,rat,Zimperium IOC,com.user.vip.ivar,2025-09-21 13:08:44+00:00,eligible_current_governed,5709939dad1b506283c75242648ddde07a432ef8f339d7032d3438cd87f8ea88,184.0,ArsinkRAT,rat,Zimperium IOC,com.user.vip.ivar,2025-09-21 13:08:44+00:00,False,True,True
39627,dd881b443948f9dd3822ed03943150b1804e806a41845401ff2e83ec76cf94d9,184.0,ArsinkRAT,rat,Zimperium IOC,com.number.amr444,2025-05-15 01:22:22+00:00,eligible_current_governed,dd881b443948f9dd3822ed03943150b1804e806a41845401ff2e83ec76cf94d9,184.0,ArsinkRAT,rat,Zimperium IOC,com.number.amr444,2025-05-15 01:22:22+00:00,False,True,True
39628,6b527919b479d77c6e5eaf0232b0812c9746f7f179e785fae057fc47493cf599,184.0,ArsinkRAT,rat,Zimperium IOC,com.shrat.control,2025-08-22 12:41:09+00:00,eligible_current_governed,6b527919b479d77c6e5eaf0232b0812c9746f7f179e785fae057fc47493cf599,184.0,ArsinkRAT,rat,Zimperium IOC,com.shrat.control,2025-08-22 12:41:09+00:00,False,True,True
39629,e5504c4ec6c9e907927cc5e9e9a0892063832c4d1add557f4d491ad31cf7ad52,184.0,ArsinkRAT,rat,Zimperium IOC,com.SPEED,2025-06-07 02:14:35+00:00,eligible_current_governed,e5504c4ec6c9e907927cc5e9e9a0892063832c4d1add557f4d491ad31cf7ad52,184.0,ArsinkRAT,rat,Zimperium IOC,com.SPEED,2025-06-07 02:14:35+00:00,False,True,True
39630,15c4bffb309f5994cea824aba93c6fc883022280fcbd5e3eecfc3991e8e4a6f9,184.0,ArsinkRAT,rat,Zimperium IOC,nikola.tesla,2025-03-29 08:49:02+00:00,eligible_current_governed,15c4bffb309f5994cea824aba93c6fc883022280fcbd5e3eecfc3991e8e4a6f9,184.0,ArsinkRAT,rat,Zimperium IOC,nikola.tesla,2025-03-29 08:49:02+00:00,False,True,True
39631,0730a17ae35ab612d0349d390a3298806570c3801075be5cf1a7e61805e68b29,184.0,ArsinkRAT,rat,Zimperium IOC,com.mynewproject12,2025-05-18 01:28:17+00:00,eligible_current_governed,0730a17ae35ab612d0349d390a3298806570c3801075be5cf1a7e61805e68b29,184.0,ArsinkRAT,rat,Zimperium IOC,com.mynewproject12,2025-05-18 01:28:17+00:00,False,True,True
39632,1f2768868034239b125a5b1ad8bc064ac77d18bbcb3b0fb793501f328c039c4d,184.0,ArsinkRAT,rat,Zimperium IOC,nikola.tesla,2025-03-04 08:11:05+00:00,eligible_current_governed,1f2768868034239b125a5b1ad8bc064ac77d18bbcb3b0fb793501f328c039c4d,184.0,ArsinkRAT,rat,Zimperium IOC,nikola.tesla,2025-03-04 08:11:05+00:00,False,True,True
39633,b99971475d32e64a633bd84d396ccfa939b9b915b52994b7d7d1789235362d7f,184.0,ArsinkRAT,rat,Zimperium IOC,wifi.hack.com,2025-01-07 00:06:57+00:00,eligible_current_governed,b99971475d32e64a633bd84d396ccfa939b9b915b52994b7d7d1789235362d7f,184.0,ArsinkRAT,rat,Zimperium IOC,wifi.hack.com,2025-01-07 00:06:57+00:00,False,True,True
39634,200963b85c153a49b2178535a6790d6381b8b1a488474b2dd4165ccd26685a0d,184.0,ArsinkRAT,rat,Zimperium IOC,remove.clothes.com,2025-03-22 00:40:19+00:00,eligible_current_governed,200963b85c153a49b2178535a6790d6381b8b1a488474b2dd4165ccd26685a0d,184.0,ArsinkRAT,rat,Zimperium IOC,remove.clothes.com,2025-03-22 00:40:19+00:00,False,True,True
39635,e1abbb1a2147a3306c1b3428283676c54fa6129e68270770974603e54be98a89,184.0,ArsinkRAT,rat,Zimperium IOC,nikola.tesla,2025-08-15 10:43:46+00:00,eligible_current_governed,e1abbb1a2147a3306c1b3428283676c54fa6129e68270770974603e54be98a89,184.0,ArsinkRAT,rat,Zimperium IOC,nikola.tesla,2025-08-15 10:43:46+00:00,False,True,True
39636,9c451babd4c31866e36a983a96241242a926de821b435dbad319ed663cca4c27,184.0,ArsinkRAT,rat,Zimperium IOC,com.surxspy.sms.v1,2025-03-24 20:28:08+00:00,eligible_current_governed,9c451babd4c31866e36a983a96241242a926de821b435dbad319ed663cca4c27,184.0,ArsinkRAT,rat,Zimperium IOC,com.surxspy.sms.v1,2025-03-24 20:28:08+00:00,False,True,True
39637,512036400fd7eeaf1dfbf195c248c9ec792c6a6c19bc11af35f5f7b19e25b375,184.0,ArsinkRAT,rat,Zimperium IOC,com.my.victim,2025-10-16 09:35:01+00:00,eligible_current_governed,512036400fd7eeaf1dfbf195c248c9ec792c6a6c19bc11af35f5f7b19e25b375,184.0,ArsinkRAT,rat,Zimperium IOC,com.my.victim,2025-10-16 09:35:01+00:00,False,True,True
39638,cff6128c480a738a183a95a56309fbe34d951e69fc41c5b41cc3d8fcd6d4d754,184.0,ArsinkRAT,rat,Zimperium IOC,com.sisuryaofficial.april1,2025-08-21 02:27:34+00:00,eligible_current_governed,cff6128c480a738a183a95a56309fbe34d951e69fc41c5b41cc3d8fcd6d4d754,184.0,ArsinkRAT,rat,Zimperium IOC,com.sisuryaofficial.april1,2025-08-21 02:27:34+00:00,False,True,True
39639,64f6d782cefc6f9d657bbee1e91a210113ca5b246955267cd66428148f1460c2,184.0,ArsinkRAT,rat,Zimperium IOC,nikola.tesla,2025-09-07 23:38:22+00:00,eligible_current_governed,64f6d782cefc6f9d657bbee1e91a210113ca5b246955267cd66428148f1460c2,184.0,ArsinkRAT,rat,Zimperium IOC,nikola.tesla,2025-09-07 23:38:22+00:00,False,True,True
39640,0b3f0f63e2875f7237bee031da739086ccabd54dc62c44ca9e69e9510d39aa1e,184.0,ArsinkRAT,rat,Zimperium IOC,com.surxratapp,2025-07-06 15:53:36+00:00,eligible_current_governed,0b3f0f63e2875f7237bee031da739086ccabd54dc62c44ca9e69e9510d39aa1e,184.0,ArsinkRAT,rat,Zimperium IOC,com.surxratapp,2025-07-06 15:53:36+00:00,False,True,True
39641,3fca2f298857e757ced6d5d6873c445fce512e6d685b166c5b15ed8bff44b2b5,184.0,ArsinkRAT,rat,Zimperium IOC,nikola.tesla,2025-06-15 17:57:17+00:00,eligible_current_governed,3fca2f298857e757ced6d5d6873c445fce512e6d685b166c5b15ed8bff44b2b5,184.0,ArsinkRAT,rat,Zimperium IOC,nikola.tesla,2025-06-15 17:57:17+00:00,False,True,True
39642,268ea79a56eb771d13f81e82b8076d9850b4ef8ef27bdce60421f047320902d2,184.0,ArsinkRAT,rat,Zimperium IOC,com.hackedfacebook,2024-11-08 03:05:19+00:00,eligible_current_governed,268ea79a56eb771d13f81e82b8076d9850b4ef8ef27bdce60421f047320902d2,184.0,ArsinkRAT,rat,Zimperium IOC,com.hackedfacebook,2024-11-08 03:05:19+00:00,False,True,True
39643,c765a3e9975b0e8b10a6d41b2aff3ca1e00fa94eb01af285011c41313bcfdab6,184.0,ArsinkRAT,rat,Zimperium IOC,com.mthodsban.bysisurya,2025-03-08 02:08:48+00:00,eligible_current_governed,c765a3e9975b0e8b10a6d41b2aff3ca1e00fa94eb01af285011c41313bcfdab6,184.0,ArsinkRAT,rat,Zimperium IOC,com.mthodsban.bysisurya,2025-03-08 02:08:48+00:00,False,True,True
39644,c356fbc81ca1cd87fde99267beb654b4f389ccf95b47b2c0a903a41f7fcbc0f1,184.0,ArsinkRAT,rat,Zimperium IOC,com.sisuryaofficial.b1,2025-04-13 08:34:45+00:00,eligible_current_governed,c356fbc81ca1cd87fde99267beb654b4f389ccf95b47b2c0a903a41f7fcbc0f1,184.0,ArsinkRAT,rat,Zimperium IOC,com.sisuryaofficial.b1,2025-04-13 08:34:45+00:00,False,True,True
39645,315cf3804069f04433ce6fb36de2a04bbedc72d929ef449873236fcdcd79e167,184.0,ArsinkRAT,rat,Zimperium IOC,com.metodsbansut0102,2025-09-06 13:09:04+00:00,eligible_current_governed,315cf3804069f04433ce6fb36de2a04bbedc72d929ef449873236fcdcd79e167,184.0,ArsinkRAT,rat,Zimperium IOC,com.metodsbansut0102,2025-09-06 13:09:04+00:00,False,True,True
39646,b67924836451e4efecd5ce3dd4fb028f050bf4eec8eaba3855920f687577c2c6,184.0,ArsinkRAT,rat,Zimperium IOC,nikola.teslb,2025-03-24 03:01:28+00:00,eligible_current_governed,b67924836451e4efecd5ce3dd4fb028f050bf4eec8eaba3855920f687577c2c6,184.0,ArsinkRAT,rat,Zimperium IOC,nikola.teslb,2025-03-24 03:01:28+00:00,False,True,True
39647,28d6cd7d7e9335852669b1f143cbdb20b5d18887388ec3958339f1725a17aaad,184.0,ArsinkRAT,rat,Zimperium IOC,,2025-03-17 17:21:02+00:00,eligible_current_governed,28d6cd7d7e9335852669b1f143cbdb20b5d18887388ec3958339f1725a17aaad,184.0,ArsinkRAT,rat,Zimperium IOC,,2025-03-17 17:21:02+00:00,False,True,True
39648,77bd188eadc01e5687ae6a3a767aa299ce6e823a3331f0fec6130cbeb57f9240,184.0,ArsinkRAT,rat,Zimperium IOC,remove.clothes.com,2025-06-18 14:52:45+00:00,eligible_current_governed,77bd188eadc01e5687ae6a3a767aa299ce6e823a3331f0fec6130cbeb57f9240,184.0,ArsinkRAT,rat,Zimperium IOC,remove.clothes.com,2025-06-18 14:52:45+00:00,False,True,True
39649,923a6bcac27cde46c2ca64de2184b476c51d5c61e281a11904f800168c5ab36f,184.0,ArsinkRAT,rat,Zimperium IOC,com.demon4rat,2023-09-27 22:15:24+00:00,eligible_current_governed,923a6bcac27cde46c2ca64de2184b476c51d5c61e281a11904f800168c5ab36f,184.0,ArsinkRAT,rat,Zimperium IOC,com.demon4rat,2023-09-27 22:15:24+00:00,False,True,True
39650,e2b26011bcc3fd3581c0ba26c36100042d5a89afe76f945a889bcc20270df179,184.0,ArsinkRAT,rat,Zimperium IOC,wifi.hack.com,2025-03-22 15:54:02+00:00,eligible_current_governed,e2b26011bcc3fd3581c0ba26c36100042d5a89afe76f945a889bcc20270df179,184.0,ArsinkRAT,rat,Zimperium IOC,wifi.hack.com,2025-03-22 15:54:02+00:00,False,True,True
39651,e2f2536a5702098275a4c2f1599cf85f2ec5eab7d700755ae78f900204700d56,184.0,ArsinkRAT,rat,Zimperium IOC,nikola.tesla,2025-09-07 02:06:36+00:00,eligible_current_governed,e2f2536a5702098275a4c2f1599cf85f2ec5eab7d700755ae78f900204700d56,184.0,ArsinkRAT,rat,Zimperium IOC,nikola.tesla,2025-09-07 02:06:36+00:00,False,True,True
39652,fb41931e393864b01018204dab6d09c6c5b51112d6c7d77f32293abc1c33f409,184.0,ArsinkRAT,rat,Zimperium IOC,wifi.hack.com,2025-03-31 11:55:17+00:00,eligible_current_governed,fb41931e393864b01018204dab6d09c6c5b51112d6c7d77f32293abc1c33f409,184.0,ArsinkRAT,rat,Zimperium IOC,wifi.hack.com,2025-03-31 11:55:17+00:00,False,True,True
39653,de6d7cc573e435234d7f69c90d2ec733eb881e5d8c74a8c3c0334f67111757fe,184.0,ArsinkRAT,rat,Zimperium IOC,com.mynewproject12,2025-06-15 17:55:25+00:00,eligible_current_governed,de6d7cc573e435234d7f69c90d2ec733eb881e5d8c74a8c3c0334f67111757fe,184.0,ArsinkRAT,rat,Zimperium IOC,com.mynewproject12,2025-06-15 17:55:25+00:00,False,True,True
39654,68990b4d74c7e2b12d537152b364f75a1e1833e95d0b6497e741a43f265a6f3e,184.0,ArsinkRAT,rat,Zimperium IOC,com.surxratprivate,2025-08-25 06:53:22+00:00,eligible_current_governed,68990b4d74c7e2b12d537152b364f75a1e1833e95d0b6497e741a43f265a6f3e,184.0,ArsinkRAT,rat,Zimperium IOC,com.surxratprivate,2025-08-25 06:53:22+00:00,False,True,True
39655,f37a55732cdec96b2d9869c0eabec500c625db4631c6cda909552d0bae92a34a,184.0,ArsinkRAT,rat,Zimperium IOC,com.metodsbansut0102,2025-07-07 01:27:24+00:00,eligible_current_governed,f37a55732cdec96b2d9869c0eabec500c625db4631c6cda909552d0bae92a34a,184.0,ArsinkRAT,rat,Zimperium IOC,com.metodsbansut0102,2025-07-07 01:27:24+00:00,False,True,True
39656,f530048e91df5eb8faf8556f4605a02437d4321477af07f26c63453a8241a214,184.0,ArsinkRAT,rat,Zimperium IOC,com.followup.tools,2025-08-02 19:25:34+00:00,eligible_current_governed,f530048e91df5eb8faf8556f4605a02437d4321477af07f26c63453a8241a214,184.0,ArsinkRAT,rat,Zimperium IOC,com.followup.tools,2025-08-02 19:25:34+00:00,False,True,True
39657,fea67fd7d9f8f37759e2ac22564748b98d685e25a98c0996a9b23e6258ac1043,184.0,ArsinkRAT,rat,Zimperium IOC,com.ArsinkRat,2024-06-10 19:54:15+00:00,eligible_current_governed,fea67fd7d9f8f37759e2ac22564748b98d685e25a98c0996a9b23e6258ac1043,184.0,ArsinkRAT,rat,Zimperium IOC,com.ArsinkRat,2024-06-10 19:54:15+00:00,False,True,True
39658,228adf6c5b4c678b2d7ed296da42ca374a74cfccfc999a865cba8583b8b26ccc,184.0,ArsinkRAT,rat,Zimperium IOC,nikola.tesla,2025-04-26 10:55:32+00:00,eligible_current_governed,228adf6c5b4c678b2d7ed296da42ca374a74cfccfc999a865cba8583b8b26ccc,184.0,ArsinkRAT,rat,Zimperium IOC,nikola.tesla,2025-04-26 10:55:32+00:00,False,True,True
39659,222fdeaf9b7fe2d5ff1ff825158aa09de5209d2f834dd6a5a2378221e613ee7d,184.0,ArsinkRAT,rat,Zimperium IOC,nikola.tesla,2025-03-18 17:38:04+00:00,eligible_current_governed,222fdeaf9b7fe2d5ff1ff825158aa09de5209d2f834dd6a5a2378221e613ee7d,184.0,ArsinkRAT,rat,Zimperium IOC,nikola.tesla,2025-03-18 17:38:04+00:00,False,True,True
39660,a61329218397f33fad7714dc2841a74353c9a6413119fcb738a5ad9135576f0d,184.0,ArsinkRAT,rat,Zimperium IOC,com.ghostrat,2025-09-01 05:48:50+00:00,eligible_current_governed,a61329218397f33fad7714dc2841a74353c9a6413119fcb738a5ad9135576f0d,184.0,ArsinkRAT,rat,Zimperium IOC,com.ghostrat,2025-09-01 05:48:50+00:00,False,True,True
39661,e20cb2fad132434aaada0f8eca5964256e72c52b8a8839e936dce041a31ff6b8,184.0,ArsinkRAT,rat,Zimperium IOC,com.my.victim,2025-08-20 12:00:52+00:00,eligible_current_governed,e20cb2fad132434aaada0f8eca5964256e72c52b8a8839e936dce041a31ff6b8,184.0,ArsinkRAT,rat,Zimperium IOC,com.my.victim,2025-08-20 12:00:52+00:00,False,True,True
39662,4bd17e54ab2c6398efafc67ed8dc1c5dff50b878501c49d7c56a788531377781,184.0,ArsinkRAT,rat,Zimperium IOC,com.red.Attacker,2023-11-22 23:13:56+00:00,eligible_current_governed,4bd17e54ab2c6398efafc67ed8dc1c5dff50b878501c49d7c56a788531377781,184.0,ArsinkRAT,rat,Zimperium IOC,com.red.Attacker,2023-11-22 23:13:56+00:00,False,True,True
39663,b174c248fb2c9e2d6dd3101f37c8f84a0eab25db256f0e8cee620548a0d6fd73,184.0,ArsinkRAT,rat,Zimperium IOC,nikola.tesla,2025-08-16 03:12:56+00:00,eligible_current_governed,b174c248fb2c9e2d6dd3101f37c8f84a0eab25db256f0e8cee620548a0d6fd73,184.0,ArsinkRAT,rat,Zimperium IOC,nikola.tesla,2025-08-16 03:12:56+00:00,False,True,True
39664,8d2bc73625d531094b526f1de84727fa28d679da9eeb10481b1c6dab04224831,184.0,ArsinkRAT,rat,Zimperium IOC,com.wifi.attacker.demon,2025-04-18 11:36:53+00:00,eligible_current_governed,8d2bc73625d531094b526f1de84727fa28d679da9eeb10481b1c6dab04224831,184.0,ArsinkRAT,rat,Zimperium IOC,com.wifi.attacker.demon,2025-04-18 11:36:53+00:00,False,True,True
39665,a849a4a81db947103ba2cc1ea465e95e6eda10107a8a8c2ca1ebc8436eb7bdc7,184.0,ArsinkRAT,rat,Zimperium IOC,com.course.app,2025-03-20 12:07:05+00:00,eligible_current_governed,a849a4a81db947103ba2cc1ea465e95e6eda10107a8a8c2ca1ebc8436eb7bdc7,184.0,ArsinkRAT,rat,Zimperium IOC,com.course.app,2025-03-20 12:07:05+00:00,False,True,True
39666,781387b1569a49996743e12eb0860eba02876e7612846c3815bd7b1ea1654dc0,184.0,ArsinkRAT,rat,Zimperium IOC,nikola.tesla,2025-10-16 05:04:34+00:00,eligible_current_governed,781387b1569a49996743e12eb0860eba02876e7612846c3815bd7b1ea1654dc0,184.0,ArsinkRAT,rat,Zimperium IOC,nikola.tesla,2025-10-16 05:04:34+00:00,False,True,True
39667,d0eeed7e499ed6d9a667579a96d992bcfa263c31d0cb1a4d65b883c5284179bf,184.0,ArsinkRAT,rat,Zimperium IOC,com.ai.format,2025-03-21 06:10:34+00:00,eligible_current_governed,d0eeed7e499ed6d9a667579a96d992bcfa263c31d0cb1a4d65b883c5284179bf,184.0,ArsinkRAT,rat,Zimperium IOC,com.ai.format,2025-03-21 06:10:34+00:00,False,True,True
39668,e39505a28f332b82c7cb7c0f77bbddb0e74711e95338314244b79ba595a77716,184.0,ArsinkRAT,rat,Zimperium IOC,com.metodsbansus,2025-03-08 14:00:35+00:00,eligible_current_governed,e39505a28f332b82c7cb7c0f77bbddb0e74711e95338314244b79ba595a77716,184.0,ArsinkRAT,rat,Zimperium IOC,com.metodsbansus,2025-03-08 14:00:35+00:00,False,True,True
39669,198762a14bb899cbf4dbc3cda0975842f281e4004e5cd0cf63230def9e4967b7,184.0,ArsinkRAT,rat,Zimperium IOC,com.wDragonApp_18964338,2025-07-24 12:29:36+00:00,eligible_current_governed,198762a14bb899cbf4dbc3cda0975842f281e4004e5cd0cf63230def9e4967b7,184.0,ArsinkRAT,rat,Zimperium IOC,com.wDragonApp_18964338,2025-07-24 12:29:36+00:00,False,True,True
39670,75c627929e39d49c7fefce1eb03c67c60470c8b3044d9edff5bbadaa1129ba4d,184.0,ArsinkRAT,rat,Zimperium IOC,com.metodsbansut0102,2025-09-20 06:14:06+00:00,eligible_current_governed,75c627929e39d49c7fefce1eb03c67c60470c8b3044d9edff5bbadaa1129ba4d,184.0,ArsinkRAT,rat,Zimperium IOC,com.metodsbansut0102,2025-09-20 06:14:06+00:00,False,True,True
39671,70f7808b69112f0bf40017e6dcabb73a39c454c30b8b03ac4a91c24dd4272e28,184.0,ArsinkRAT,rat,Zimperium IOC,nikola.tesla,2025-08-25 03:03:16+00:00,eligible_current_governed,70f7808b69112f0bf40017e6dcabb73a39c454c30b8b03ac4a91c24dd4272e28,184.0,ArsinkRAT,rat,Zimperium IOC,nikola.tesla,2025-08-25 03:03:16+00:00,False,True,True
39672,a1362d553c6a08a2ec281be159d65da769017a7f8b35a8988a1c26fd9afc4f06,184.0,ArsinkRAT,rat,Zimperium IOC,com.sms.use,2025-03-19 22:21:03+00:00,eligible_current_governed,a1362d553c6a08a2ec281be159d65da769017a7f8b35a8988a1c26fd9afc4f06,184.0,ArsinkRAT,rat,Zimperium IOC,com.sms.use,2025-03-19 22:21:03+00:00,False,True,True
39673,efd6e26d8b71dfb21a3db876fb9785ed9ac2b56175af0f438da0dcd54f94affa,184.0,ArsinkRAT,rat,Zimperium IOC,com.wifi.attacker.demon,2025-03-26 12:52:39+00:00,eligible_current_governed,efd6e26d8b71dfb21a3db876fb9785ed9ac2b56175af0f438da0dcd54f94affa,184.0,ArsinkRAT,rat,Zimperium IOC,com.wifi.attacker.demon,2025-03-26 12:52:39+00:00,False,True,True
39674,9db1c9809dd6f6d59b51d6a5300fe6c26a5460bdb3f1ea54e71c902e67bed19a,184.0,ArsinkRAT,rat,Zimperium IOC,com.zexrrat,2025-09-24 08:06:50+00:00,eligible_current_governed,9db1c9809dd6f6d59b51d6a5300fe6c26a5460bdb3f1ea54e71c902e67bed19a,184.0,ArsinkRAT,rat,Zimperium IOC,com.zexrrat,2025-09-24 08:06:50+00:00,False,True,True
39675,d5a8f63907f80e1de0715aae23c3c542b58820e9198af3fff83ff541d6936cf1,184.0,ArsinkRAT,rat,Zimperium IOC,com.privatevvip,2025-09-21 16:49:29+00:00,eligible_current_governed,d5a8f63907f80e1de0715aae23c3c542b58820e9198af3fff83ff541d6936cf1,184.0,ArsinkRAT,rat,Zimperium IOC,com.privatevvip,2025-09-21 16:49:29+00:00,False,True,True
39676,08544af490ff114ba6e0609dc2c45c72cf9237332a5143fc5cbb1f9b574e0b1a,184.0,ArsinkRAT,rat,Zimperium IOC,com.bugwhatsappnew,2025-09-19 13:36:18+00:00,eligible_current_governed,08544af490ff114ba6e0609dc2c45c72cf9237332a5143fc5cbb1f9b574e0b1a,184.0,ArsinkRAT,rat,Zimperium IOC,com.bugwhatsappnew,2025-09-19 13:36:18+00:00,False,True,True
39677,e167c6ee19b09cd89625de29dab37688f28443177ad3849fa90c8e387b6d482b,184.0,ArsinkRAT,rat,Zimperium IOC,com.surxratapp,2025-09-11 04:22:52+00:00,eligible_current_governed,e167c6ee19b09cd89625de29dab37688f28443177ad3849fa90c8e387b6d482b,184.0,ArsinkRAT,rat,Zimperium IOC,com.surxratapp,2025-09-11 04:22:52+00:00,False,True,True
39678,04e14380388452568bba6bd5bd122868cb51a593ac275ed696b1cfabb7576466,184.0,ArsinkRAT,rat,Zimperium IOC,nikola.tesla,2025-03-10 14:26:17+00:00,eligible_current_governed,04e14380388452568bba6bd5bd122868cb51a593ac275ed696b1cfabb7576466,184.0,ArsinkRAT,rat,Zimperium IOC,nikola.tesla,2025-03-10 14:26:17+00:00,False,True,True
39679,c0ff1a0aa5e8488b4cb065bf9e2113890e64da6c1a96f0aad39f5eded1e289b1,184.0,ArsinkRAT,rat,Zimperium IOC,com.spyphone,2025-04-06 13:45:58+00:00,eligible_current_governed,c0ff1a0aa5e8488b4cb065bf9e2113890e64da6c1a96f0aad39f5eded1e289b1,184.0,ArsinkRAT,rat,Zimperium IOC,com.spyphone,2025-04-06 13:45:58+00:00,False,True,True
39680,bf2ed9380c27f3ea70fa67eddbd3e6ec426c4a140de3a0f33adf0ce0bb45f525,184.0,ArsinkRAT,rat,Zimperium IOC,com.red.Attacker,2025-04-16 12:04:11+00:00,eligible_current_governed,bf2ed9380c27f3ea70fa67eddbd3e6ec426c4a140de3a0f33adf0ce0bb45f525,184.0,ArsinkRAT,rat,Zimperium IOC,com.red.Attacker,2025-04-16 12:04:11+00:00,False,True,True
39681,62b1e93c8df6ee7a0c23bd8b7b2bf8709ba3b5c0a4e47ce452c28daf6b547f70,184.0,ArsinkRAT,rat,Zimperium IOC,com.sms.use,2025-05-31 04:00:03+00:00,eligible_current_governed,62b1e93c8df6ee7a0c23bd8b7b2bf8709ba3b5c0a4e47ce452c28daf6b547f70,184.0,ArsinkRAT,rat,Zimperium IOC,com.sms.use,2025-05-31 04:00:03+00:00,False,True,True
39682,1bcc943cef3ded9d168fe696e2046b6bc2779a096625e58d99a331d0624d4ba7,184.0,ArsinkRAT,rat,Zimperium IOC,com.grow.in,2025-03-09 13:31:14+00:00,eligible_current_governed,1bcc943cef3ded9d168fe696e2046b6bc2779a096625e58d99a331d0624d4ba7,184.0,ArsinkRAT,rat,Zimperium IOC,com.grow.in,2025-03-09 13:31:14+00:00,False,True,True
39683,46dad6e7c59901088c9927633063b674f4ccb3808c1716017dfd156c1a5e8d1c,184.0,ArsinkRAT,rat,Zimperium IOC,nikola.tesla,2025-08-17 14:45:47+00:00,eligible_current_governed,46dad6e7c59901088c9927633063b674f4ccb3808c1716017dfd156c1a5e8d1c,184.0,ArsinkRAT,rat,Zimperium IOC,nikola.tesla,2025-08-17 14:45:47+00:00,False,True,True
39684,aeba9d01fc517e817da4dec7bd2df7b9ade68c6b4bee331ca14f3ecf6b1b1531,184.0,ArsinkRAT,rat,Zimperium IOC,com.my.victim,2025-03-17 14:32:54+00:00,eligible_current_governed,aeba9d01fc517e817da4dec7bd2df7b9ade68c6b4bee331ca14f3ecf6b1b1531,184.0,ArsinkRAT,rat,Zimperium IOC,com.my.victim,2025-03-17 14:32:54+00:00,False,True,True
39685,38e3af95c92c8684c6d8e54b2fa47c34a4a41ffe59b7f839644b181f3f84c9be,184.0,ArsinkRAT,rat,Zimperium IOC,remove.clothes.com,2025-07-09 20:06:36+00:00,eligible_current_governed,38e3af95c92c8684c6d8e54b2fa47c34a4a41ffe59b7f839644b181f3f84c9be,184.0,ArsinkRAT,rat,Zimperium IOC,remove.clothes.com,2025-07-09 20:06:36+00:00,False,True,True
39686,bd721417a4a4941cc1de388970059192c41f995472a5511f1db6fd70f2f01484,184.0,ArsinkRAT,rat,Zimperium IOC,nikola.tesla,2025-05-06 05:05:21+00:00,eligible_current_governed,bd721417a4a4941cc1de388970059192c41f995472a5511f1db6fd70f2f01484,184.0,ArsinkRAT,rat,Zimperium IOC,nikola.tesla,2025-05-06 05:05:21+00:00,False,True,True
39687,3e50464d2970d6e99164a2bfbeca2160bf147897e065a396c86aa8e0b22f3bd6,184.0,ArsinkRAT,rat,Zimperium IOC,com.ghostrat,2025-08-10 06:19:02+00:00,eligible_current_governed,3e50464d2970d6e99164a2bfbeca2160bf147897e065a396c86aa8e0b22f3bd6,184.0,ArsinkRAT,rat,Zimperium IOC,com.ghostrat,2025-08-10 06:19:02+00:00,False,True,True
39688,8c4d31d7afce26f2614754ed1f45aa0f56988e9faed0fc3180ccba1011e3df73,184.0,ArsinkRAT,rat,Zimperium IOC,com.metodsbansus,2025-03-15 09:19:31+00:00,eligible_current_governed,8c4d31d7afce26f2614754ed1f45aa0f56988e9faed0fc3180ccba1011e3df73,184.0,ArsinkRAT,rat,Zimperium IOC,com.metodsbansus,2025-03-15 09:19:31+00:00,False,True,True
39689,e17d56ddf3555a765a4a052789e43ccea9b0a2d5e86305d6e8428ff5a568cf82,184.0,ArsinkRAT,rat,Zimperium IOC,com.toxicrat.in,2025-07-07 07:47:06+00:00,eligible_current_governed,e17d56ddf3555a765a4a052789e43ccea9b0a2d5e86305d6e8428ff5a568cf82,184.0,ArsinkRAT,rat,Zimperium IOC,com.toxicrat.in,2025-07-07 07:47:06+00:00,False,True,True
39690,8f2619c32d9af40cae7a99b64d1653ac4d71d274271d0ef6014ab5ffae0d8b44,184.0,ArsinkRAT,rat,Zimperium IOC,com.vip.sp.am,2025-06-14 13:43:16+00:00,eligible_current_governed,8f2619c32d9af40cae7a99b64d1653ac4d71d274271d0ef6014ab5ffae0d8b44,184.0,ArsinkRAT,rat,Zimperium IOC,com.vip.sp.am,2025-06-14 13:43:16+00:00,False,True,True
39691,04f9b52e2da582abc28b327e67a870730e513e1819680c98dbc9246012ec73fd,184.0,ArsinkRAT,rat,Zimperium IOC,com.ghostrat,2025-08-14 22:07:11+00:00,eligible_current_governed,04f9b52e2da582abc28b327e67a870730e513e1819680c98dbc9246012ec73fd,184.0,ArsinkRAT,rat,Zimperium IOC,com.ghostrat,2025-08-14 22:07:11+00:00,False,True,True
39692,4231e71341990081bb434bc995a7498f9534e77a70fd80bfb9aa18ee9a868485,184.0,ArsinkRAT,rat,Zimperium IOC,com.xrat,2024-07-20 23:50:26+00:00,eligible_current_governed,4231e71341990081bb434bc995a7498f9534e77a70fd80bfb9aa18ee9a868485,184.0,ArsinkRAT,rat,Zimperium IOC,com.xrat,2024-07-20 23:50:26+00:00,False,True,True
39693,3b48cfbcfc92b797303e2219884aee13471183e8a8663d3dbc0f8fc47036bc8c,184.0,ArsinkRAT,rat,Zimperium IOC,com.metodebansisuryaoffc,2025-04-02 11:00:28+00:00,eligible_current_governed,3b48cfbcfc92b797303e2219884aee13471183e8a8663d3dbc0f8fc47036bc8c,184.0,ArsinkRAT,rat,Zimperium IOC,com.metodebansisuryaoffc,2025-04-02 11:00:28+00:00,False,True,True
39694,6d19064eb867603fc8da6f34af5d30bfe6577891aaa63395dad949984258bb02,184.0,ArsinkRAT,rat,Zimperium IOC,,2025-10-02 15:29:39+00:00,eligible_current_governed,6d19064eb867603fc8da6f34af5d30bfe6577891aaa63395dad949984258bb02,184.0,ArsinkRAT,rat,Zimperium IOC,,2025-10-02 15:29:39+00:00,False,True,True
39695,fdb6cc97972e7077ff79dd1256272028a39340814f0d2ed483f635f8e5636257,184.0,ArsinkRAT,rat,Zimperium IOC,nikola.tesla,2025-08-22 12:34:26+00:00,eligible_current_governed,fdb6cc97972e7077ff79dd1256272028a39340814f0d2ed483f635f8e5636257,184.0,ArsinkRAT,rat,Zimperium IOC,nikola.tesla,2025-08-22 12:34:26+00:00,False,True,True
39696,c99475e35f7b666aba6be52f83a2ac4765253de17ff167d920258978bdc5f450,184.0,ArsinkRAT,rat,Zimperium IOC,nikola.tesla,2025-04-17 10:04:40+00:00,eligible_current_governed,c99475e35f7b666aba6be52f83a2ac4765253de17ff167d920258978bdc5f450,184.0,ArsinkRAT,rat,Zimperium IOC,nikola.tesla,2025-04-17 10:04:40+00:00,False,True,True
39697,eff9352634ca068bdd20cf3c972b45503d843ffd436d9e739e15dcbde05b809b,184.0,ArsinkRAT,rat,Zimperium IOC,com.metodsbansut0102,2025-07-17 12:08:58+00:00,eligible_current_governed,eff9352634ca068bdd20cf3c972b45503d843ffd436d9e739e15dcbde05b809b,184.0,ArsinkRAT,rat,Zimperium IOC,com.metodsbansut0102,2025-07-17 12:08:58+00:00,False,True,True
39698,9cb62acc1d816a86aa2a9245a1f9654d5f0afe73574eef8b70799405daef7b2b,184.0,ArsinkRAT,rat,Zimperium IOC,com.ai.app,2025-08-09 04:08:13+00:00,eligible_current_governed,9cb62acc1d816a86aa2a9245a1f9654d5f0afe73574eef8b70799405daef7b2b,184.0,ArsinkRAT,rat,Zimperium IOC,com.ai.app,2025-08-09 04:08:13+00:00,False,True,True
39699,3088afdda4f01199a63bddae6611d9fedd5012160334a5abead4d2a3bfa5cdcf,184.0,ArsinkRAT,rat,Zimperium IOC,com.redx.rat.droid,2024-10-24 20:25:18+00:00,eligible_current_governed,3088afdda4f01199a63bddae6611d9fedd5012160334a5abead4d2a3bfa5cdcf,184.0,ArsinkRAT,rat,Zimperium IOC,com.redx.rat.droid,2024-10-24 20:25:18+00:00,False,True,True
39700,467c6a0b3547d18cc98aed7f999d5466b6385430bb3bd29e77be6631de7effa4,184.0,ArsinkRAT,rat,Zimperium IOC,nikola.tesla,2024-06-03 15:12:47+00:00,eligible_current_governed,467c6a0b3547d18cc98aed7f999d5466b6385430bb3bd29e77be6631de7effa4,184.0,ArsinkRAT,rat,Zimperium IOC,nikola.tesla,2024-06-03 15:12:47+00:00,False,True,True
39701,259092042f1d8230c09eb3ce594f5828a0b8a728e19f9816a5375631647959fb,184.0,ArsinkRAT,rat,Zimperium IOC,com.sisuryaofficial.april1,2025-04-18 07:05:54+00:00,eligible_current_governed,259092042f1d8230c09eb3ce594f5828a0b8a728e19f9816a5375631647959fb,184.0,ArsinkRAT,rat,Zimperium IOC,com.sisuryaofficial.april1,2025-04-18 07:05:54+00:00,False,True,True
39702,9c3173af5574b5455d1e23bb27f8d80c0c2ca5489128f4d6e974be3a43222139,184.0,ArsinkRAT,rat,Zimperium IOC,com.vip.sp.am,2025-08-31 07:30:17+00:00,eligible_current_governed,9c3173af5574b5455d1e23bb27f8d80c0c2ca5489128f4d6e974be3a43222139,184.0,ArsinkRAT,rat,Zimperium IOC,com.vip.sp.am,2025-08-31 07:30:17+00:00,False,True,True
39703,46f69d260fe3f4a2b2a65bff2c2577f91b52d669a9cd9b679c5abdeaa4899697,184.0,ArsinkRAT,rat,Zimperium IOC,com.SafeUM.ELMALA3EN,2025-06-30 10:28:28+00:00,eligible_current_governed,46f69d260fe3f4a2b2a65bff2c2577f91b52d669a9cd9b679c5abdeaa4899697,184.0,ArsinkRAT,rat,Zimperium IOC,com.SafeUM.ELMALA3EN,2025-06-30 10:28:28+00:00,False,True,True
39704,3628ec60dcfde026cf7cd63a3a3d86c27f7cfaeb54487f5ebc797ae7be91ebef,184.0,ArsinkRAT,rat,Zimperium IOC,com.DeathRat,2024-08-19 00:46:42+00:00,eligible_current_governed,3628ec60dcfde026cf7cd63a3a3d86c27f7cfaeb54487f5ebc797ae7be91ebef,184.0,ArsinkRAT,rat,Zimperium IOC,com.DeathRat,2024-08-19 00:46:42+00:00,False,True,True
39705,5ae423bf800b81a77905fcc3c27822c50980930e33b4a3d3df246a9cd025b8b2,184.0,ArsinkRAT,rat,Zimperium IOC,nikola.tesla,2025-07-15 15:28:30+00:00,eligible_current_governed,5ae423bf800b81a77905fcc3c27822c50980930e33b4a3d3df246a9cd025b8b2,184.0,ArsinkRAT,rat,Zimperium IOC,nikola.tesla,2025-07-15 15:28:30+00:00,False,True,True
39706,50b61987cb84f84091128a1bae8d0b5394ca43267b02d9eef7dc4d37ec6b1579,184.0,ArsinkRAT,rat,Zimperium IOC,com.Nambers,2024-03-05 04:37:21+00:00,eligible_current_governed,50b61987cb84f84091128a1bae8d0b5394ca43267b02d9eef7dc4d37ec6b1579,184.0,ArsinkRAT,rat,Zimperium IOC,com.Nambers,2024-03-05 04:37:21+00:00,False,True,True
39707,180c3323346b9ef3fcf118edb6dae3a8df509c8a77c08c46cb1e9636dc6ae17b,184.0,ArsinkRAT,rat,Zimperium IOC,com.wifi.attacker.demon,2025-03-23 01:57:29+00:00,eligible_current_governed,180c3323346b9ef3fcf118edb6dae3a8df509c8a77c08c46cb1e9636dc6ae17b,184.0,ArsinkRAT,rat,Zimperium IOC,com.wifi.attacker.demon,2025-03-23 01:57:29+00:00,False,True,True
39708,36f26157e5de471c9fdd39982ad602ce3d585bb15d622ac0a5bbda71e90d9c7d,184.0,ArsinkRAT,rat,Zimperium IOC,com.demonxx,2025-04-06 13:45:03+00:00,eligible_current_governed,36f26157e5de471c9fdd39982ad602ce3d585bb15d622ac0a5bbda71e90d9c7d,184.0,ArsinkRAT,rat,Zimperium IOC,com.demonxx,2025-04-06 13:45:03+00:00,False,True,True
39709,ad9366e79059685bc79333401678d056daaf820b833d3e504b5e00b3fa838f39,184.0,ArsinkRAT,rat,Zimperium IOC,com.alqassam.red,2025-03-29 08:40:56+00:00,eligible_current_governed,ad9366e79059685bc79333401678d056daaf820b833d3e504b5e00b3fa838f39,184.0,ArsinkRAT,rat,Zimperium IOC,com.alqassam.red,2025-03-29 08:40:56+00:00,False,True,True
39710,ff9b0c64814c1c622801fece610d84be0fab4fbd902b6983dc6ac9f8df46ed8d,184.0,ArsinkRAT,rat,Zimperium IOC,com.course.app,2025-04-01 13:07:04+00:00,eligible_current_governed,ff9b0c64814c1c622801fece610d84be0fab4fbd902b6983dc6ac9f8df46ed8d,184.0,ArsinkRAT,rat,Zimperium IOC,com.course.app,2025-04-01 13:07:04+00:00,False,True,True
39711,8e9c8592fa7e29448a91c6dac930d29f34732b757abfba1868f4f4102a2a17aa,184.0,ArsinkRAT,rat,Zimperium IOC,com.metodebansisuryb,2024-12-29 03:20:37+00:00,eligible_current_governed,8e9c8592fa7e29448a91c6dac930d29f34732b757abfba1868f4f4102a2a17aa,184.0,ArsinkRAT,rat,Zimperium IOC,com.metodebansisuryb,2024-12-29 03:20:37+00:00,False,True,True
39712,f47ede8e98fd590524af21d9b29e097831d8a7d2b8f26761c40e02cb5f269f9e,184.0,ArsinkRAT,rat,Zimperium IOC,com.vip.sp.am,2025-08-31 07:30:36+00:00,eligible_current_governed,f47ede8e98fd590524af21d9b29e097831d8a7d2b8f26761c40e02cb5f269f9e,184.0,ArsinkRAT,rat,Zimperium IOC,com.vip.sp.am,2025-08-31 07:30:36+00:00,False,True,True
39713,f45fb26a29e47b392d2dd20a26b5419a48d47c8e8b7a57002a707f0ace1d8cd1,184.0,ArsinkRAT,rat,Zimperium IOC,com.sisuryaofficial.april1,2025-10-09 19:42:40+00:00,eligible_current_governed,f45fb26a29e47b392d2dd20a26b5419a48d47c8e8b7a57002a707f0ace1d8cd1,184.0,ArsinkRAT,rat,Zimperium IOC,com.sisuryaofficial.april1,2025-10-09 19:42:40+00:00,False,True,True
39714,4f4d2e8cf293814511f139299106aa7550081be48f533bad89a0b6fb6e30f989,184.0,ArsinkRAT,rat,Zimperium IOC,com.freefirebeta.bysisurya,2025-03-31 09:26:54+00:00,eligible_current_governed,4f4d2e8cf293814511f139299106aa7550081be48f533bad89a0b6fb6e30f989,184.0,ArsinkRAT,rat,Zimperium IOC,com.freefirebeta.bysisurya,2025-03-31 09:26:54+00:00,False,True,True
39715,03093531e478c2a1b15460adf45104bc700a5d4456aa195f327f44159209f241,184.0,ArsinkRAT,rat,Zimperium IOC,com.apkcekban.adityzydev,2025-06-23 08:03:30+00:00,eligible_current_governed,03093531e478c2a1b15460adf45104bc700a5d4456aa195f327f44159209f241,184.0,ArsinkRAT,rat,Zimperium IOC,com.apkcekban.adityzydev,2025-06-23 08:03:30+00:00,False,True,True
39716,a1151088461905c5018235993c886fd6f4225696811ae9cd7c59093ebc0d3b40,184.0,ArsinkRAT,rat,Zimperium IOC,com.metodebanpro,2025-03-02 02:52:29+00:00,eligible_current_governed,a1151088461905c5018235993c886fd6f4225696811ae9cd7c59093ebc0d3b40,184.0,ArsinkRAT,rat,Zimperium IOC,com.metodebanpro,2025-03-02 02:52:29+00:00,False,True,True
39717,7eef7798dba11a60c5c21516def33b99c1439ec1a51e696a47a5a2b5c1e9ec0d,184.0,ArsinkRAT,rat,Zimperium IOC,com.grow.in,2025-04-27 16:58:33+00:00,eligible_current_governed,7eef7798dba11a60c5c21516def33b99c1439ec1a51e696a47a5a2b5c1e9ec0d,184.0,ArsinkRAT,rat,Zimperium IOC,com.grow.in,2025-04-27 16:58:33+00:00,False,True,True
39718,c14e1920a4804f15ebbf4f741a086a9c5cec437806e1cdf3cdfcaf69ba314c4e,184.0,ArsinkRAT,rat,Zimperium IOC,remove.clothes.com,2025-05-26 12:35:52+00:00,eligible_current_governed,c14e1920a4804f15ebbf4f741a086a9c5cec437806e1cdf3cdfcaf69ba314c4e,184.0,ArsinkRAT,rat,Zimperium IOC,remove.clothes.com,2025-05-26 12:35:52+00:00,False,True,True
39719,900fb60639a237ba96764415cfbab857017cd6d70150b06d0ccc2a4249109485,184.0,ArsinkRAT,rat,Zimperium IOC,remove.clothes.com,2024-12-26 07:54:21+00:00,eligible_current_governed,900fb60639a237ba96764415cfbab857017cd6d70150b06d0ccc2a4249109485,184.0,ArsinkRAT,rat,Zimperium IOC,remove.clothes.com,2024-12-26 07:54:21+00:00,False,True,True
39720,29c34e8ca0b5e3861e5cd2e4067e1415cf967cfeb8ef826d3925a9e2c69338d1,184.0,ArsinkRAT,rat,Zimperium IOC,com.facebook.amr444,2024-07-23 10:43:45+00:00,eligible_current_governed,29c34e8ca0b5e3861e5cd2e4067e1415cf967cfeb8ef826d3925a9e2c69338d1,184.0,ArsinkRAT,rat,Zimperium IOC,com.facebook.amr444,2024-07-23 10:43:45+00:00,False,True,True
39721,78c8673304cdefbfa598bfa469722b9da58a6e4f1f0beba4058b0f230769ac25,184.0,ArsinkRAT,rat,Zimperium IOC,com.sisuryaofficial.april1,2025-09-21 07:48:21+00:00,eligible_current_governed,78c8673304cdefbfa598bfa469722b9da58a6e4f1f0beba4058b0f230769ac25,184.0,ArsinkRAT,rat,Zimperium IOC,com.sisuryaofficial.april1,2025-09-21 07:48:21+00:00,False,True,True
39722,7b7c8851b594b3bbf7edea7b1e85bc016a31389d4b35070c5267cf4111b9f6f4,184.0,ArsinkRAT,rat,Zimperium IOC,com.metodsbansut0102,2025-09-01 17:28:12+00:00,eligible_current_governed,7b7c8851b594b3bbf7edea7b1e85bc016a31389d4b35070c5267cf4111b9f6f4,184.0,ArsinkRAT,rat,Zimperium IOC,com.metodsbansut0102,2025-09-01 17:28:12+00:00,False,True,True
39723,aef53932db4c1479a3b1270bb47064bd780eb8cfc44ab8d1e3e641c80c451893,184.0,ArsinkRAT,rat,Zimperium IOC,com.sisuryaofficial.april1,2025-07-04 13:44:18+00:00,eligible_current_governed,aef53932db4c1479a3b1270bb47064bd780eb8cfc44ab8d1e3e641c80c451893,184.0,ArsinkRAT,rat,Zimperium IOC,com.sisuryaofficial.april1,2025-07-04 13:44:18+00:00,False,True,True
39724,57d593a95d2aa289696d122ad7b225ee68c2b1fecac3ee40624e81cb5530fa4d,184.0,ArsinkRAT,rat,Zimperium IOC,com.xrat,2025-04-18 01:11:29+00:00,eligible_current_governed,57d593a95d2aa289696d122ad7b225ee68c2b1fecac3ee40624e81cb5530fa4d,184.0,ArsinkRAT,rat,Zimperium IOC,com.xrat,2025-04-18 01:11:29+00:00,False,True,True
39725,0ab8ebd660805b045363ba48c36ed9ea939edd433c8795669f99fb15c7c88951,184.0,ArsinkRAT,rat,Zimperium IOC,com.ghost.bycyberevo,2025-02-15 10:03:30+00:00,eligible_current_governed,0ab8ebd660805b045363ba48c36ed9ea939edd433c8795669f99fb15c7c88951,184.0,ArsinkRAT,rat,Zimperium IOC,com.ghost.bycyberevo,2025-02-15 10:03:30+00:00,False,True,True
39726,93c943e8074fbc81afc78fe7f7df1858e3b392c3eed04809b511023ce4141544,184.0,ArsinkRAT,rat,Zimperium IOC,com.metodebansisuryaoffc,2025-03-26 15:35:37+00:00,eligible_current_governed,93c943e8074fbc81afc78fe7f7df1858e3b392c3eed04809b511023ce4141544,184.0,ArsinkRAT,rat,Zimperium IOC,com.metodebansisuryaoffc,2025-03-26 15:35:37+00:00,False,True,True
